Unity Editor version:    2022.3.62f3 (96770f904ca7)
Branch:                  2022.3/respin/2022.3.62f2-4af31df585-v2
Build type:              Release
Batch mode:              YES
macOS version:           Version 26.3.1 (a) (Build 25D771280a)
Darwin version:          25.3.0
Architecture:            arm64
Running under Rosetta:   NO
Available memory:        16384 MB
Using pre-set license
Pro License: YES

COMMAND LINE ARGUMENTS:
/Applications/Unity/Hub/Editor/2022.3.62f3/Unity.app/Contents/MacOS/Unity
-adb2
-batchMode
-noUpm
-name
AssetImportWorker0
-projectPath
/Users/arianaportuguez/eyeTrackingScene_MetaQuest
-logFile
Logs/AssetImportWorker0.log
-srvPort
55756
Successfully changed project path to: /Users/arianaportuguez/eyeTrackingScene_MetaQuest
/Users/arianaportuguez/eyeTrackingScene_MetaQuest
[UnityMemory] Configuration Parameters - Can be set up in boot.config
    "memorysetup-bucket-allocator-granularity=16"
    "memorysetup-bucket-allocator-bucket-count=8"
    "memorysetup-bucket-allocator-block-size=33554432"
    "memorysetup-bucket-allocator-block-count=8"
    "memorysetup-main-allocator-block-size=16777216"
    "memorysetup-thread-allocator-block-size=16777216"
    "memorysetup-gfx-main-allocator-block-size=16777216"
    "memorysetup-gfx-thread-allocator-block-size=16777216"
    "memorysetup-cache-allocator-block-size=4194304"
    "memorysetup-typetree-allocator-block-size=2097152"
    "memorysetup-profiler-bucket-allocator-granularity=16"
    "memorysetup-profiler-bucket-allocator-bucket-count=8"
    "memorysetup-profiler-bucket-allocator-block-size=33554432"
    "memorysetup-profiler-bucket-allocator-block-count=8"
    "memorysetup-profiler-allocator-block-size=16777216"
    "memorysetup-profiler-editor-allocator-block-size=1048576"
    "memorysetup-temp-allocator-size-main=16777216"
    "memorysetup-job-temp-allocator-block-size=2097152"
    "memorysetup-job-temp-allocator-block-size-background=1048576"
    "memorysetup-job-temp-allocator-reduction-small-platforms=262144"
    "memorysetup-allocator-temp-initial-block-size-main=262144"
    "memorysetup-allocator-temp-initial-block-size-worker=262144"
    "memorysetup-temp-allocator-size-background-worker=32768"
    "memorysetup-temp-allocator-size-job-worker=262144"
    "memorysetup-temp-allocator-size-preload-manager=33554432"
    "memorysetup-temp-allocator-size-nav-mesh-worker=65536"
    "memorysetup-temp-allocator-size-audio-worker=65536"
    "memorysetup-temp-allocator-size-cloud-worker=32768"
    "memorysetup-temp-allocator-size-gi-baking-worker=262144"
    "memorysetup-temp-allocator-size-gfx=262144"
Player connection [8476422400]  Target information:

Player connection [8476422400]  * "[IP] 10.204.0.23 [Port] 0 [Flags] 2 [Guid] 2578083685 [EditorId] 2578083685 [Version] 1048832 [Id] OSXEditor(0,exchangestu-dsvsummerschool-elenalaptop.dsv.local.su.se) [Debug] 1 [PackageName] OSXEditor [ProjectName] Editor" 

Player connection [8476422400] Host joined multi-casting on [225.0.0.222:54997]...
Player connection [8476422400] Host joined alternative multi-casting on [225.0.0.222:34997]...
Input System module state changed to: Initialized.
[PhysX] Initialized MultithreadedTaskDispatcher with 10 workers.
Refreshing native plugins compatible for Editor in 11.32 ms, found 9 plugins.
Preloading 1 native plugins for Editor in 1.80 ms.
Initialize engine version: 2022.3.62f3 (96770f904ca7)
[Subsystems] Discovering subsystems at path /Applications/Unity/Hub/Editor/2022.3.62f3/Unity.app/Contents/Resources/UnitySubsystems
[Subsystems] Discovering subsystems at path /Users/arianaportuguez/eyeTrackingScene_MetaQuest/Assets
GfxDevice: creating device client; threaded=0; jobified=0
 preferred device: Apple M2 Pro (high power)
Metal devices available: 1
0: Apple M2 Pro (high power)
Using device Apple M2 Pro (high power)
Initializing Metal device caps: Apple M2 Pro
Shader 'Meta/MRUK/Scene/HighlightsAndShadows': fallback shader 'Off' not found
Shader 'Oculus/OVRMRCameraFrameLit': fallback shader 'Alpha-Diffuse' not found
Initialize mono
Mono path[0] = '/Applications/Unity/Hub/Editor/2022.3.62f3/Unity.app/Contents/Managed'
Mono path[1] = '/Applications/Unity/Hub/Editor/2022.3.62f3/Unity.app/Contents/MonoBleedingEdge/lib/mono/unityjit-macos'
Mono config path = '/Applications/Unity/Hub/Editor/2022.3.62f3/Unity.app/Contents/MonoBleedingEdge/etc'
Using monoOptions --debugger-agent=transport=dt_socket,embedding=1,server=y,suspend=n,address=127.0.0.1:56929
Begin MonoManager ReloadAssembly
Registering precompiled unity dll's ...
Register platform support module: /Applications/Unity/Hub/Editor/2022.3.62f3/Unity.app/Contents/PlaybackEngines/MacStandaloneSupport/UnityEditor.OSXStandalone.Extensions.dll
Register platform support module: /Applications/Unity/Hub/Editor/2022.3.62f3/PlaybackEngines/AndroidPlayer/UnityEditor.Android.Extensions.dll
Registered in 0.003530 seconds.
- Loaded All Assemblies, in  0.223 seconds
Native extension for Android target not found
Android Extension - Scanning For ADB Devices 79 ms
Native extension for OSXStandalone target not found
Mono: successfully reloaded assembly
- Finished resetting the current domain, in  0.228 seconds
Domain Reload Profiling: 451ms
	BeginReloadAssembly (83ms)
		ExecutionOrderSort (0ms)
		DisableScriptedObjects (0ms)
		BackupInstance (0ms)
		ReleaseScriptingObjects (0ms)
		CreateAndSetChildDomain (0ms)
	RebuildCommonClasses (20ms)
	RebuildNativeTypeToScriptingClass (7ms)
	initialDomainReloadingComplete (27ms)
	LoadAllAssembliesAndSetupDomain (86ms)
		LoadAssemblies (83ms)
		RebuildTransferFunctionScriptingTraits (0ms)
		AnalyzeDomain (84ms)
			TypeCache.Refresh (83ms)
				TypeCache.ScanAssembly (74ms)
			ScanForSourceGeneratedMonoScriptInfo (0ms)
			ResolveRequiredComponents (0ms)
	FinalizeReload (228ms)
		ReleaseScriptCaches (0ms)
		RebuildScriptCaches (0ms)
		SetupLoadedEditorAssemblies (204ms)
			LogAssemblyErrors (0ms)
			InitializePlatformSupportModulesInManaged (131ms)
			SetLoadedEditorAssemblies (2ms)
			RefreshPlugins (0ms)
			BeforeProcessingInitializeOnLoad (1ms)
			ProcessInitializeOnLoadAttributes (50ms)
			ProcessInitializeOnLoadMethodAttributes (20ms)
			AfterProcessingInitializeOnLoad (0ms)
			EditorAssembliesLoaded (0ms)
		ExecutionOrderSort2 (0ms)
		AwakeInstancesAfterBackupRestoration (0ms)
========================================================================
Worker process is ready to serve import requests
Caller must complete domain reload
Begin MonoManager ReloadAssembly
Symbol file LoadedFromMemory is not a mono symbol file
- Loaded All Assemblies, in  0.409 seconds
Native extension for Android target not found
Native extension for OSXStandalone target not found
Package Manager log level set to [2]
[Package Manager] Server::EnsureServerProcessIsRunning -- launch failed, reason: Unity was launched with the -noUpm command-line argument
[Package Manager] UpmClient::Send -- Unable to send message (not connected to UPM process).
[Package Manager] Cannot connect to Unity Package Manager local server
I0608 14:28:50.158607 9459486 OVRTelemetry.cpp:57] Telemetry_Init: calling startSession with engineName=Unity, pluginVersion=1.201.0
08/06 14:28:50.159 {DEBUG}   [AnalyticsLifeTime] Pre initialization finished.
I0608 14:28:50.172869 9459486 OVRTelemetry.cpp:61] Telemetry_Init: startSession completed successfully
[Package Manager] Server::EnsureServerProcessIsRunning -- launch failed, reason: Unity was launched with the -noUpm command-line argument
[Package Manager] UpmClient::Send -- Unable to send message (not connected to UPM process).
[Package Manager] Cannot connect to Unity Package Manager local server
Mono: successfully reloaded assembly
[Package Manager] Server::EnsureServerProcessIsRunning -- launch failed, reason: Unity was launched with the -noUpm command-line argument
[Package Manager] UpmClient::Send -- Unable to send message (not connected to UPM process).
[Package Manager] Cannot connect to Unity Package Manager local server
[Package Manager] Server::EnsureServerProcessIsRunning -- launch failed, reason: Unity was launched with the -noUpm command-line argument
[Package Manager] UpmClient::Send -- Unable to send message (not connected to UPM process).
[Package Manager] Cannot connect to Unity Package Manager local server
- Finished resetting the current domain, in  0.625 seconds
Domain Reload Profiling: 1034ms
	BeginReloadAssembly (75ms)
		ExecutionOrderSort (0ms)
		DisableScriptedObjects (2ms)
		BackupInstance (0ms)
		ReleaseScriptingObjects (0ms)
		CreateAndSetChildDomain (10ms)
	RebuildCommonClasses (18ms)
	RebuildNativeTypeToScriptingClass (7ms)
	initialDomainReloadingComplete (18ms)
	LoadAllAssembliesAndSetupDomain (292ms)
		LoadAssemblies (204ms)
		RebuildTransferFunctionScriptingTraits (0ms)
		AnalyzeDomain (128ms)
			TypeCache.Refresh (104ms)
				TypeCache.ScanAssembly (86ms)
			ScanForSourceGeneratedMonoScriptInfo (15ms)
			ResolveRequiredComponents (8ms)
	FinalizeReload (625ms)
		ReleaseScriptCaches (0ms)
		RebuildScriptCaches (0ms)
		SetupLoadedEditorAssemblies (514ms)
			LogAssemblyErrors (0ms)
			InitializePlatformSupportModulesInManaged (6ms)
			SetLoadedEditorAssemblies (2ms)
			RefreshPlugins (0ms)
			BeforeProcessingInitializeOnLoad (39ms)
			ProcessInitializeOnLoadAttributes (455ms)
			ProcessInitializeOnLoadMethodAttributes (11ms)
			AfterProcessingInitializeOnLoad (1ms)
			EditorAssembliesLoaded (0ms)
		ExecutionOrderSort2 (0ms)
		AwakeInstancesAfterBackupRestoration (2ms)
WARNING: Shader Unsupported: 'EnvironmentDepth/URP/OcclusionUnlit' - All subshaders removed
WARNING: Shader Did you use #pragma only_renderers and omit this platform?
WARNING: Shader If subshaders removal was intentional, you may have forgotten turning Fallback off?
WARNING: Shader Unsupported: 'EnvironmentDepth/URP/OcclusionUnlit' - All subshaders removed
WARNING: Shader Did you use #pragma only_renderers and omit this platform?
WARNING: Shader If subshaders removal was intentional, you may have forgotten turning Fallback off?
WARNING: Shader Unsupported: 'URP/UI/Prerendered Opaque' - All subshaders removed
WARNING: Shader Did you use #pragma only_renderers and omit this platform?
WARNING: Shader If subshaders removal was intentional, you may have forgotten turning Fallback off?
WARNING: Shader Unsupported: 'URP/UI/Prerendered Opaque' - All subshaders removed
WARNING: Shader Did you use #pragma only_renderers and omit this platform?
WARNING: Shader If subshaders removal was intentional, you may have forgotten turning Fallback off?
WARNING: Shader Unsupported: 'URP/UI/Prerendered' - All subshaders removed
WARNING: Shader Did you use #pragma only_renderers and omit this platform?
WARNING: Shader If subshaders removal was intentional, you may have forgotten turning Fallback off?
WARNING: Shader Unsupported: 'URP/UI/Prerendered' - All subshaders removed
WARNING: Shader Did you use #pragma only_renderers and omit this platform?
WARNING: Shader If subshaders removal was intentional, you may have forgotten turning Fallback off?
Shader 'Oculus/OVRMRCameraFrameLit': fallback shader 'Alpha-Diffuse' not found
Shader 'Meta/MRUK/Scene/HighlightsAndShadows': fallback shader 'Off' not found
[OVRPlugin][INFO] UnityPluginLoad called

Launching external process: /Applications/Unity/Hub/Editor/2022.3.62f3/Unity.app/Contents/Tools/UnityShaderCompiler
Launched and connected shader compiler UnityShaderCompiler after 0.05 seconds
Refreshing native plugins compatible for Editor in 4.21 ms, found 9 plugins.
Preloading 1 native plugins for Editor in 0.52 ms.
Unloading 5075 Unused Serialized files (Serialized files now loaded: 0)
Unloading 26 unused Assets / (0.5 MB). Loaded Objects now: 5554.
Memory consumption went from 218.1 MB to 217.6 MB.
Total: 8.830500 ms (FindLiveObjects: 0.151250 ms CreateObjectMapping: 0.080750 ms MarkObjects: 6.967958 ms  DeleteObjects: 1.629958 ms)

AssetImportParameters requested are different than current active one (requested -> active):
  custom:container-demuxer-ogg: 62fdf1f143b41e24485cea50d1cbac27 -> 
  custom:video-decoder-ogg-theora: a1e56fd34408186e4bbccfd4996cb3dc -> 
  custom:CustomObjectIndexerAttribute: 9a22284fe3817be447336de3de66b15e -> 
  custom:container-demuxer-webm: 4f35f7cbe854078d1ac9338744f61a02 -> 
  custom:container-muxer-webm: aa71ff27fc2769a1b78a27578f13a17b -> 
  custom:video-decoder-webm-vp8: 9c59270c3fd7afecdb556c50c9e8de78 -> 
  custom:SearchIndexIgnoredProperties: e643bd26f0fe6173181afceb89e7c659 -> 
  custom:AudioImporter_EditorPlatform: 3918e3fc78b5a79bad01e8451be0beb8 -> 
  custom:framework-osx-AVFoundation: e770b220cccbd017edd2c1fefb359320 -> 
  custom:video-encoder-webm-vp8: eb34c28f22e8b96e1ab97ce403110664 -> 
  custom:audio-decoder-ogg-vorbis: bf7c407c2cedff20999df2af8eb42d56 -> 
  custom:audio-encoder-webm-vorbis: bf7c407c2cedff20999df2af8eb42d56 -> 
========================================================================
Received Import Request.
  Time since last request: 619165.489776 seconds.
  path: Assets/ModernSupermarket/Models/Architecture/PillarTop_BeamCross.fbx
  artifactKey: Guid(1e8b1a4c7d8dc1143a20cf11b576525c) Importer(2089858483,0ecaa5967403d082aa24f35e1b516d23)
Start importing Assets/ModernSupermarket/Models/Architecture/PillarTop_BeamCross.fbx using Guid(1e8b1a4c7d8dc1143a20cf11b576525c) Importer(2089858483,0ecaa5967403d082aa24f35e1b516d23) [PhysX] Initialized MultithreadedTaskDispatcher with 10 workers.
 -> (artifact id: '70704c63f0f46283b8c3e534142898a4') in 0.071969 seconds
Number of updated asset objects reloaded before import = 0
Number of asset objects unloaded after import = 7
========================================================================
Received Import Request.
  Time since last request: 0.000138 seconds.
  path: Assets/Cute Supermarket Lite/Prefabs/potato.prefab
  artifactKey: Guid(0f720b1fb49f9f44485475341160f224) Importer(2089858483,0ecaa5967403d082aa24f35e1b516d23)
Start importing Assets/Cute Supermarket Lite/Prefabs/potato.prefab using Guid(0f720b1fb49f9f44485475341160f224) Importer(2089858483,0ecaa5967403d082aa24f35e1b516d23) [PhysX] Initialized MultithreadedTaskDispatcher with 10 workers.
 -> (artifact id: 'af493d3f1c40a565a3cbc84c41bb260e') in 0.007787 seconds
Number of updated asset objects reloaded before import = 0
Number of asset objects unloaded after import = 8
========================================================================
Received Import Request.
  Time since last request: 0.000069 seconds.
  path: Assets/ModernSupermarket/Models/Architecture/Floor.fbx
  artifactKey: Guid(85491b0953cc55e4381b02e4495d4a00) Importer(2089858483,0ecaa5967403d082aa24f35e1b516d23)
Start importing Assets/ModernSupermarket/Models/Architecture/Floor.fbx using Guid(85491b0953cc55e4381b02e4495d4a00) Importer(2089858483,0ecaa5967403d082aa24f35e1b516d23) [PhysX] Initialized MultithreadedTaskDispatcher with 10 workers.
 -> (artifact id: '2f0fd40ad522bfe6b308f9093ed85495') in 0.005631 seconds
Number of updated asset objects reloaded before import = 0
Number of asset objects unloaded after import = 7
========================================================================
Received Import Request.
  Time since last request: 0.000135 seconds.
  path: Assets/ModernSupermarket/Models/Architecture/PillarTop_BeamTee.fbx
  artifactKey: Guid(c4cfc9954937299489921c97b69d9fb9) Importer(2089858483,0ecaa5967403d082aa24f35e1b516d23)
Start importing Assets/ModernSupermarket/Models/Architecture/PillarTop_BeamTee.fbx using Guid(c4cfc9954937299489921c97b69d9fb9) Importer(2089858483,0ecaa5967403d082aa24f35e1b516d23) [PhysX] Initialized MultithreadedTaskDispatcher with 10 workers.
 -> (artifact id: 'ea53d62181511f225d128706d6cf9242') in 0.008380 seconds
Number of updated asset objects reloaded before import = 0
Number of asset objects unloaded after import = 7
========================================================================
Received Import Request.
  Time since last request: 0.000154 seconds.
  path: Assets/Cute Supermarket Lite/Prefabs/cart_orange.prefab
  artifactKey: Guid(dbb61a7156295ae4eba7dbc0108186e9) Importer(2089858483,0ecaa5967403d082aa24f35e1b516d23)
Start importing Assets/Cute Supermarket Lite/Prefabs/cart_orange.prefab using Guid(dbb61a7156295ae4eba7dbc0108186e9) Importer(2089858483,0ecaa5967403d082aa24f35e1b516d23) [PhysX] Initialized MultithreadedTaskDispatcher with 10 workers.
 -> (artifact id: '20059cd73eb9d969f36b1615c4e7c405') in 0.004257 seconds
Number of updated asset objects reloaded before import = 0
Number of asset objects unloaded after import = 8
========================================================================
Received Import Request.
  Time since last request: 0.000070 seconds.
  path: Assets/ModernSupermarket/Prefabs/Main Camera.prefab
  artifactKey: Guid(6c7e9da7f50abfe4e89d4d65146a6bfa) Importer(2089858483,0ecaa5967403d082aa24f35e1b516d23)
Start importing Assets/ModernSupermarket/Prefabs/Main Camera.prefab using Guid(6c7e9da7f50abfe4e89d4d65146a6bfa) Importer(2089858483,0ecaa5967403d082aa24f35e1b516d23) [PhysX] Initialized MultithreadedTaskDispatcher with 10 workers.
 -> (artifact id: 'd1c0c71ddc930fccbe469a5fd996aaeb') in 0.016910 seconds
Number of updated asset objects reloaded before import = 0
Number of asset objects unloaded after import = 7
========================================================================
Received Import Request.
  Time since last request: 0.000052 seconds.
  path: Assets/ModernSupermarket/Prefabs/Architecture/PillarTop_Beam.prefab
  artifactKey: Guid(f3fe27302e576a245b73371978238ea8) Importer(2089858483,0ecaa5967403d082aa24f35e1b516d23)
Start importing Assets/ModernSupermarket/Prefabs/Architecture/PillarTop_Beam.prefab using Guid(f3fe27302e576a245b73371978238ea8) Importer(2089858483,0ecaa5967403d082aa24f35e1b516d23) [PhysX] Initialized MultithreadedTaskDispatcher with 10 workers.
 -> (artifact id: 'f59ffef1bdaa2e928ee0c0bdad75773c') in 0.008137 seconds
Number of updated asset objects reloaded before import = 0
Number of asset objects unloaded after import = 8
========================================================================
Received Import Request.
  Time since last request: 0.000132 seconds.
  path: Assets/Cute Supermarket Lite/Prefabs/jam_black.prefab
  artifactKey: Guid(461ecf4c96163fd42932453b7eb4132a) Importer(2089858483,0ecaa5967403d082aa24f35e1b516d23)
Start importing Assets/Cute Supermarket Lite/Prefabs/jam_black.prefab using Guid(461ecf4c96163fd42932453b7eb4132a) Importer(2089858483,0ecaa5967403d082aa24f35e1b516d23) [PhysX] Initialized MultithreadedTaskDispatcher with 10 workers.
 -> (artifact id: 'c09ce21375bc65481a7d96baf9d1afb4') in 0.003873 seconds
Number of updated asset objects reloaded before import = 0
Number of asset objects unloaded after import = 8
========================================================================
Received Import Request.
  Time since last request: 0.000111 seconds.
  path: Assets/Cute Supermarket Lite/Materials/overview_floor.mat
  artifactKey: Guid(aa12955d6d536064bbe0e86fc1bae53a) Importer(2089858483,0ecaa5967403d082aa24f35e1b516d23)
Start importing Assets/Cute Supermarket Lite/Materials/overview_floor.mat using Guid(aa12955d6d536064bbe0e86fc1bae53a) Importer(2089858483,0ecaa5967403d082aa24f35e1b516d23) [PhysX] Initialized MultithreadedTaskDispatcher with 10 workers.
 -> (artifact id: 'aa622d0f8773ec49d00280ef4394824f') in 0.009111 seconds
Number of updated asset objects reloaded before import = 0
Number of asset objects unloaded after import = 1
========================================================================
Received Import Request.
  Time since last request: 0.000083 seconds.
  path: Assets/ModernSupermarket/Shaders/Glass.shader
  artifactKey: Guid(5c807a08e8028cd43a3d25cbbfe0c304) Importer(2089858483,0ecaa5967403d082aa24f35e1b516d23)
Start importing Assets/ModernSupermarket/Shaders/Glass.shader using Guid(5c807a08e8028cd43a3d25cbbfe0c304) Importer(2089858483,0ecaa5967403d082aa24f35e1b516d23) [PhysX] Initialized MultithreadedTaskDispatcher with 10 workers.
 -> (artifact id: '03d31dbdcb3cd33a6959615b26d2f22d') in 0.005192 seconds
Number of updated asset objects reloaded before import = 0
Number of asset objects unloaded after import = 1
========================================================================
Received Import Request.
  Time since last request: 0.000154 seconds.
  path: Assets/ModernSupermarket/Scripts/FreeCamera.cs
  artifactKey: Guid(98a364947576a3341b6d3f02505de77f) Importer(2089858483,0ecaa5967403d082aa24f35e1b516d23)
Start importing Assets/ModernSupermarket/Scripts/FreeCamera.cs using Guid(98a364947576a3341b6d3f02505de77f) Importer(2089858483,0ecaa5967403d082aa24f35e1b516d23) [PhysX] Initialized MultithreadedTaskDispatcher with 10 workers.
 -> (artifact id: 'a7462f62595687aa59bd9c3615f5c802') in 0.002153 seconds
Number of updated asset objects reloaded before import = 0
Number of asset objects unloaded after import = 1
========================================================================
Received Import Request.
  Time since last request: 0.000087 seconds.
  path: Assets/ModernSupermarket/Prefabs/Architecture/Beam.prefab
  artifactKey: Guid(c9e6632e18b02dc47a30cc834d298ee5) Importer(2089858483,0ecaa5967403d082aa24f35e1b516d23)
Start importing Assets/ModernSupermarket/Prefabs/Architecture/Beam.prefab using Guid(c9e6632e18b02dc47a30cc834d298ee5) Importer(2089858483,0ecaa5967403d082aa24f35e1b516d23) [PhysX] Initialized MultithreadedTaskDispatcher with 10 workers.
 -> (artifact id: '0d49e5edd7d8a7d4c38204bfb96e6645') in 0.005060 seconds
Number of updated asset objects reloaded before import = 0
Number of asset objects unloaded after import = 8
========================================================================
Received Import Request.
  Time since last request: 0.000168 seconds.
  path: Assets/Cute Supermarket Lite/Prefabs/roll_toilet.prefab
  artifactKey: Guid(2f120549ced5a7240a1b5f0bb5ce2254) Importer(2089858483,0ecaa5967403d082aa24f35e1b516d23)
Start importing Assets/Cute Supermarket Lite/Prefabs/roll_toilet.prefab using Guid(2f120549ced5a7240a1b5f0bb5ce2254) Importer(2089858483,0ecaa5967403d082aa24f35e1b516d23) [PhysX] Initialized MultithreadedTaskDispatcher with 10 workers.
 -> (artifact id: '12066286740d8ba28c98e24c0c8a2de4') in 0.006141 seconds
Number of updated asset objects reloaded before import = 0
Number of asset objects unloaded after import = 8
========================================================================
Received Import Request.
  Time since last request: 0.000120 seconds.
  path: Assets/Cute Supermarket Lite/Models/potato.fbx
  artifactKey: Guid(664bd84c877e886438575cb3c48a466e) Importer(2089858483,0ecaa5967403d082aa24f35e1b516d23)
Start importing Assets/Cute Supermarket Lite/Models/potato.fbx using Guid(664bd84c877e886438575cb3c48a466e) Importer(2089858483,0ecaa5967403d082aa24f35e1b516d23) [PhysX] Initialized MultithreadedTaskDispatcher with 10 workers.
 -> (artifact id: 'c5635dc32a9e02e69703a42dc29d98e6') in 0.005283 seconds
Number of updated asset objects reloaded before import = 0
Number of asset objects unloaded after import = 7
========================================================================
Received Import Request.
  Time since last request: 0.000087 seconds.
  path: Assets/Resources/ImmersiveDebuggerSettings.asset
  artifactKey: Guid(03ae349ea6f5148fba49e600b16d1416) Importer(2089858483,0ecaa5967403d082aa24f35e1b516d23)
Start importing Assets/Resources/ImmersiveDebuggerSettings.asset using Guid(03ae349ea6f5148fba49e600b16d1416) Importer(2089858483,0ecaa5967403d082aa24f35e1b516d23) [PhysX] Initialized MultithreadedTaskDispatcher with 10 workers.
 -> (artifact id: '715a5cc2a544bd05f9c73979029a5336') in 0.005055 seconds
Number of updated asset objects reloaded before import = 0
Number of asset objects unloaded after import = 1
========================================================================
Received Import Request.
  Time since last request: 0.000130 seconds.
  path: Assets/Cute Supermarket Lite/Prefabs/chocolate.prefab
  artifactKey: Guid(9aaf52fce2e472c428b3649bcc1d719a) Importer(2089858483,0ecaa5967403d082aa24f35e1b516d23)
Start importing Assets/Cute Supermarket Lite/Prefabs/chocolate.prefab using Guid(9aaf52fce2e472c428b3649bcc1d719a) Importer(2089858483,0ecaa5967403d082aa24f35e1b516d23) [PhysX] Initialized MultithreadedTaskDispatcher with 10 workers.
 -> (artifact id: '31ebd4dd8d2a21c5691b623ef147f845') in 0.003708 seconds
Number of updated asset objects reloaded before import = 0
Number of asset objects unloaded after import = 8
========================================================================
Received Import Request.
  Time since last request: 0.000084 seconds.
  path: Assets/Cute Supermarket Lite/Models/jam_purple.fbx
  artifactKey: Guid(f1989815af844e444b61e5d85194430e) Importer(2089858483,0ecaa5967403d082aa24f35e1b516d23)
Start importing Assets/Cute Supermarket Lite/Models/jam_purple.fbx using Guid(f1989815af844e444b61e5d85194430e) Importer(2089858483,0ecaa5967403d082aa24f35e1b516d23) [PhysX] Initialized MultithreadedTaskDispatcher with 10 workers.
 -> (artifact id: '3888853f248bc20536f98d0af33a61f0') in 0.007499 seconds
Number of updated asset objects reloaded before import = 0
Number of asset objects unloaded after import = 7
========================================================================
Received Import Request.
  Time since last request: 0.000099 seconds.
  path: Assets/ModernSupermarket/Prefabs/Architecture/Door_c5bu08.prefab
  artifactKey: Guid(43bba63863aef574392b6ce67c1c0961) Importer(2089858483,0ecaa5967403d082aa24f35e1b516d23)
Start importing Assets/ModernSupermarket/Prefabs/Architecture/Door_c5bu08.prefab using Guid(43bba63863aef574392b6ce67c1c0961) Importer(2089858483,0ecaa5967403d082aa24f35e1b516d23) [PhysX] Initialized MultithreadedTaskDispatcher with 10 workers.
 -> (artifact id: '668f47f79a2e7ae8533c432558eaed3a') in 0.004867 seconds
Number of updated asset objects reloaded before import = 0
Number of asset objects unloaded after import = 25
========================================================================
Received Import Request.
  Time since last request: 0.000034 seconds.
  path: Assets/Cute Supermarket Lite/Models/can_food_blue.fbx
  artifactKey: Guid(fa1948e9136853844a6af52e43e19c51) Importer(2089858483,0ecaa5967403d082aa24f35e1b516d23)
Start importing Assets/Cute Supermarket Lite/Models/can_food_blue.fbx using Guid(fa1948e9136853844a6af52e43e19c51) Importer(2089858483,0ecaa5967403d082aa24f35e1b516d23) [PhysX] Initialized MultithreadedTaskDispatcher with 10 workers.
 -> (artifact id: '9ba0351d248f48e69fccdb9b304698ba') in 0.005085 seconds
Number of updated asset objects reloaded before import = 0
Number of asset objects unloaded after import = 7
========================================================================
Received Import Request.
  Time since last request: 0.000082 seconds.
  path: Assets/ModernSupermarket/Prefabs/Architecture/Ceiling.prefab
  artifactKey: Guid(c85ea330b01fd4341bbc049ea7f1a130) Importer(2089858483,0ecaa5967403d082aa24f35e1b516d23)
Start importing Assets/ModernSupermarket/Prefabs/Architecture/Ceiling.prefab using Guid(c85ea330b01fd4341bbc049ea7f1a130) Importer(2089858483,0ecaa5967403d082aa24f35e1b516d23) [PhysX] Initialized MultithreadedTaskDispatcher with 10 workers.
 -> (artifact id: '72b7803c5bcaaaf38ee1bc826fec4726') in 0.005201 seconds
Number of updated asset objects reloaded before import = 0
Number of asset objects unloaded after import = 8
========================================================================
Received Import Request.
  Time since last request: 0.000094 seconds.
  path: Assets/ModernSupermarket/Prefabs/Architecture/PillarTop_BeamCross.prefab
  artifactKey: Guid(97c1d9833bf491649aab2d28143491c3) Importer(2089858483,0ecaa5967403d082aa24f35e1b516d23)
Start importing Assets/ModernSupermarket/Prefabs/Architecture/PillarTop_BeamCross.prefab using Guid(97c1d9833bf491649aab2d28143491c3) Importer(2089858483,0ecaa5967403d082aa24f35e1b516d23) [PhysX] Initialized MultithreadedTaskDispatcher with 10 workers.
 -> (artifact id: 'c13a32c9d4f2181090f1d711a9157ae8') in 0.004182 seconds
Number of updated asset objects reloaded before import = 0
Number of asset objects unloaded after import = 8
========================================================================
Received Import Request.
  Time since last request: 0.000089 seconds.
  path: Assets/ModernSupermarket/Models/Architecture/Beam.fbx
  artifactKey: Guid(74ab9aa2f5e058b4aa705f322a983b9e) Importer(2089858483,0ecaa5967403d082aa24f35e1b516d23)
Start importing Assets/ModernSupermarket/Models/Architecture/Beam.fbx using Guid(74ab9aa2f5e058b4aa705f322a983b9e) Importer(2089858483,0ecaa5967403d082aa24f35e1b516d23) [PhysX] Initialized MultithreadedTaskDispatcher with 10 workers.
 -> (artifact id: 'b60747a6566ddea3670628ca34ad8e16') in 0.006937 seconds
Number of updated asset objects reloaded before import = 0
Number of asset objects unloaded after import = 7
========================================================================
Received Import Request.
  Time since last request: 0.000158 seconds.
  path: Assets/Cute Supermarket Lite/Models/donut_red.fbx
  artifactKey: Guid(7f37f00eb8ba84949b02ade55a683807) Importer(2089858483,0ecaa5967403d082aa24f35e1b516d23)
Start importing Assets/Cute Supermarket Lite/Models/donut_red.fbx using Guid(7f37f00eb8ba84949b02ade55a683807) Importer(2089858483,0ecaa5967403d082aa24f35e1b516d23) [PhysX] Initialized MultithreadedTaskDispatcher with 10 workers.
 -> (artifact id: 'c2fcebfabec16c0c6df54f4f5aaa02a2') in 0.004992 seconds
Number of updated asset objects reloaded before import = 0
Number of asset objects unloaded after import = 7
========================================================================
Received Import Request.
  Time since last request: 0.000057 seconds.
  path: Assets/ModernSupermarket/Models/Architecture/WallTop.fbx
  artifactKey: Guid(8559874c06f9aad4cbc9373c8a0dab6b) Importer(2089858483,0ecaa5967403d082aa24f35e1b516d23)
Start importing Assets/ModernSupermarket/Models/Architecture/WallTop.fbx using Guid(8559874c06f9aad4cbc9373c8a0dab6b) Importer(2089858483,0ecaa5967403d082aa24f35e1b516d23) [PhysX] Initialized MultithreadedTaskDispatcher with 10 workers.
 -> (artifact id: 'c030a3f2ab6175cf0b28fa1354ff9e8c') in 0.005245 seconds
Number of updated asset objects reloaded before import = 0
Number of asset objects unloaded after import = 7
========================================================================
Received Import Request.
  Time since last request: 0.000039 seconds.
  path: Assets/Cute Supermarket Lite/Prefabs/bottle_small_red.prefab
  artifactKey: Guid(b6d32a74e9000654f911b575dc121e87) Importer(2089858483,0ecaa5967403d082aa24f35e1b516d23)
Start importing Assets/Cute Supermarket Lite/Prefabs/bottle_small_red.prefab using Guid(b6d32a74e9000654f911b575dc121e87) Importer(2089858483,0ecaa5967403d082aa24f35e1b516d23) [PhysX] Initialized MultithreadedTaskDispatcher with 10 workers.
 -> (artifact id: '1cfa9d3f6e62ebda1388dd9cb5237ab6') in 0.007393 seconds
Number of updated asset objects reloaded before import = 0
Number of asset objects unloaded after import = 8
========================================================================
Received Import Request.
  Time since last request: 0.000233 seconds.
  path: Assets/Resources/OculusRuntimeSettings.asset
  artifactKey: Guid(f4a6abd0ab88c4b96b997f57095ad3c5) Importer(2089858483,0ecaa5967403d082aa24f35e1b516d23)
Start importing Assets/Resources/OculusRuntimeSettings.asset using Guid(f4a6abd0ab88c4b96b997f57095ad3c5) Importer(2089858483,0ecaa5967403d082aa24f35e1b516d23) [PhysX] Initialized MultithreadedTaskDispatcher with 10 workers.
 -> (artifact id: '10b810f4022935ea10ed293ba90bb227') in 0.005573 seconds
Number of updated asset objects reloaded before import = 0
Number of asset objects unloaded after import = 1
========================================================================
Received Import Request.
  Time since last request: 0.000136 seconds.
  path: Assets/Cute Supermarket Lite/Models/dressing_mayo.fbx
  artifactKey: Guid(353835e01b27f474298a02506b56f10c) Importer(2089858483,0ecaa5967403d082aa24f35e1b516d23)
Start importing Assets/Cute Supermarket Lite/Models/dressing_mayo.fbx using Guid(353835e01b27f474298a02506b56f10c) Importer(2089858483,0ecaa5967403d082aa24f35e1b516d23) [PhysX] Initialized MultithreadedTaskDispatcher with 10 workers.
 -> (artifact id: 'a5c31a970b2aa745c1d841b54082d682') in 0.005666 seconds
Number of updated asset objects reloaded before import = 0
Number of asset objects unloaded after import = 7
========================================================================
Received Import Request.
  Time since last request: 0.000134 seconds.
  path: Assets/ModernSupermarket/Prefabs/Architecture/FloorSmall.prefab
  artifactKey: Guid(0d5df746bb0749449966315e41224d6c) Importer(2089858483,0ecaa5967403d082aa24f35e1b516d23)
Start importing Assets/ModernSupermarket/Prefabs/Architecture/FloorSmall.prefab using Guid(0d5df746bb0749449966315e41224d6c) Importer(2089858483,0ecaa5967403d082aa24f35e1b516d23) [PhysX] Initialized MultithreadedTaskDispatcher with 10 workers.
 -> (artifact id: '9176e3729fb664d10f6b40a1551f156a') in 0.004687 seconds
Number of updated asset objects reloaded before import = 0
Number of asset objects unloaded after import = 8
========================================================================
Received Import Request.
  Time since last request: 0.000092 seconds.
  path: Assets/Cute Supermarket Lite/Prefabs/bottle2_pink.prefab
  artifactKey: Guid(7cd44d83ebf4ecc439b1f943cbd3f50a) Importer(2089858483,0ecaa5967403d082aa24f35e1b516d23)
Start importing Assets/Cute Supermarket Lite/Prefabs/bottle2_pink.prefab using Guid(7cd44d83ebf4ecc439b1f943cbd3f50a) Importer(2089858483,0ecaa5967403d082aa24f35e1b516d23) [PhysX] Initialized MultithreadedTaskDispatcher with 10 workers.
 -> (artifact id: '055e5118d7e73f58d41aeac750f9c999') in 0.003957 seconds
Number of updated asset objects reloaded before import = 0
Number of asset objects unloaded after import = 8
========================================================================
Received Import Request.
  Time since last request: 0.000115 seconds.
  path: Assets/ModernSupermarket/Readme.pdf
  artifactKey: Guid(ed651f58197d6b3458ef9d1c27573783) Importer(2089858483,0ecaa5967403d082aa24f35e1b516d23)
Start importing Assets/ModernSupermarket/Readme.pdf using Guid(ed651f58197d6b3458ef9d1c27573783) Importer(2089858483,0ecaa5967403d082aa24f35e1b516d23) [PhysX] Initialized MultithreadedTaskDispatcher with 10 workers.
 -> (artifact id: 'd0601ced2b1477d952e36c4a9cee44d8') in 0.001123 seconds
Number of updated asset objects reloaded before import = 0
Number of asset objects unloaded after import = 1
========================================================================
Received Import Request.
  Time since last request: 0.000137 seconds.
  path: Assets/Oculus/OculusProjectConfig.asset
  artifactKey: Guid(5d1bd31d193194a04afa572603c6a9d7) Importer(2089858483,0ecaa5967403d082aa24f35e1b516d23)
Start importing Assets/Oculus/OculusProjectConfig.asset using Guid(5d1bd31d193194a04afa572603c6a9d7) Importer(2089858483,0ecaa5967403d082aa24f35e1b516d23) [PhysX] Initialized MultithreadedTaskDispatcher with 10 workers.
 -> (artifact id: '6eb805884676489aea1f71718d162e66') in 0.011350 seconds
Number of updated asset objects reloaded before import = 0
Number of asset objects unloaded after import = 1
========================================================================
Received Import Request.
  Time since last request: 0.000189 seconds.
  path: Assets/Cute Supermarket Lite/Prefabs/can_food_square_red.prefab
  artifactKey: Guid(f08a4f8cd29edd940a8f696ff2a3649f) Importer(2089858483,0ecaa5967403d082aa24f35e1b516d23)
Start importing Assets/Cute Supermarket Lite/Prefabs/can_food_square_red.prefab using Guid(f08a4f8cd29edd940a8f696ff2a3649f) Importer(2089858483,0ecaa5967403d082aa24f35e1b516d23) [PhysX] Initialized MultithreadedTaskDispatcher with 10 workers.
 -> (artifact id: 'cde1bb6f3b801b6e84c0306045c3bc84') in 0.004381 seconds
Number of updated asset objects reloaded before import = 0
Number of asset objects unloaded after import = 8
========================================================================
Received Import Request.
  Time since last request: 0.000183 seconds.
  path: Assets/Cute Supermarket Lite/Models/donut_white.fbx
  artifactKey: Guid(1a1a2458a6cc02d47bd5d76f835c8ea7) Importer(2089858483,0ecaa5967403d082aa24f35e1b516d23)
Start importing Assets/Cute Supermarket Lite/Models/donut_white.fbx using Guid(1a1a2458a6cc02d47bd5d76f835c8ea7) Importer(2089858483,0ecaa5967403d082aa24f35e1b516d23) [PhysX] Initialized MultithreadedTaskDispatcher with 10 workers.
 -> (artifact id: 'bafc21c0b55e6d661faea9774dc1b8d9') in 0.005376 seconds
Number of updated asset objects reloaded before import = 0
Number of asset objects unloaded after import = 7
========================================================================
Received Import Request.
  Time since last request: 0.000136 seconds.
  path: Assets/ModernSupermarket/Models/Architecture/FloorSmall.fbx
  artifactKey: Guid(444f1f2b3898be8498844e603f48f087) Importer(2089858483,0ecaa5967403d082aa24f35e1b516d23)
Start importing Assets/ModernSupermarket/Models/Architecture/FloorSmall.fbx using Guid(444f1f2b3898be8498844e603f48f087) Importer(2089858483,0ecaa5967403d082aa24f35e1b516d23) [PhysX] Initialized MultithreadedTaskDispatcher with 10 workers.
 -> (artifact id: 'ffd38d6e2b959acc447f7da5d4de049c') in 0.008932 seconds
Number of updated asset objects reloaded before import = 0
Number of asset objects unloaded after import = 7
========================================================================
Received Import Request.
  Time since last request: 1.656683 seconds.
  path: Assets/ModernSupermarket/Prefabs/Architecture/PillarTop_BeamTee.prefab
  artifactKey: Guid(5ed29bab0b3484547831f49e356b9d8d) Importer(2089858483,0ecaa5967403d082aa24f35e1b516d23)
Start importing Assets/ModernSupermarket/Prefabs/Architecture/PillarTop_BeamTee.prefab using Guid(5ed29bab0b3484547831f49e356b9d8d) Importer(2089858483,0ecaa5967403d082aa24f35e1b516d23) [PhysX] Initialized MultithreadedTaskDispatcher with 10 workers.
 -> (artifact id: '718df8f4a68d051df5afb08a49292a83') in 0.010752 seconds
Number of updated asset objects reloaded before import = 0
Number of asset objects unloaded after import = 8
========================================================================
Received Import Request.
  Time since last request: 0.000039 seconds.
  path: Assets/ModernSupermarket/Prefabs/Furniture/Sign_04h2fw_Wine.prefab
  artifactKey: Guid(45e2b12e0e8d66b4486872a2bc40e4ba) Importer(2089858483,0ecaa5967403d082aa24f35e1b516d23)
Start importing Assets/ModernSupermarket/Prefabs/Furniture/Sign_04h2fw_Wine.prefab using Guid(45e2b12e0e8d66b4486872a2bc40e4ba) Importer(2089858483,0ecaa5967403d082aa24f35e1b516d23) [PhysX] Initialized MultithreadedTaskDispatcher with 10 workers.
 -> (artifact id: 'c8eb20a74c95d12b79b9d941f6f13368') in 0.008036 seconds
Number of updated asset objects reloaded before import = 0
Number of asset objects unloaded after import = 27
========================================================================
Received Import Request.
  Time since last request: 0.000051 seconds.
  path: Assets/ModernSupermarket/Prefabs/Furniture/Sign_04h2fw_Books.prefab
  artifactKey: Guid(47c91b64530d3e6419877775c1450dea) Importer(2089858483,0ecaa5967403d082aa24f35e1b516d23)
Start importing Assets/ModernSupermarket/Prefabs/Furniture/Sign_04h2fw_Books.prefab using Guid(47c91b64530d3e6419877775c1450dea) Importer(2089858483,0ecaa5967403d082aa24f35e1b516d23) [PhysX] Initialized MultithreadedTaskDispatcher with 10 workers.
 -> (artifact id: 'ece7ce4f5190d282b56df3ae69d49a96') in 0.005495 seconds
Number of updated asset objects reloaded before import = 0
Number of asset objects unloaded after import = 21
========================================================================
Received Import Request.
  Time since last request: 0.000069 seconds.
  path: Assets/ModernSupermarket/Models/Architecture/Textures/Vents_a.png
  artifactKey: Guid(48a9d83419bea144189dfb33d7c1199a) Importer(2089858483,0ecaa5967403d082aa24f35e1b516d23)
Start importing Assets/ModernSupermarket/Models/Architecture/Textures/Vents_a.png using Guid(48a9d83419bea144189dfb33d7c1199a) Importer(2089858483,0ecaa5967403d082aa24f35e1b516d23) [PhysX] Initialized MultithreadedTaskDispatcher with 10 workers.
 -> (artifact id: '53fe5918a502432ba4da4c9416c33020') in 0.027845 seconds
Number of updated asset objects reloaded before import = 0
Number of asset objects unloaded after import = 1
========================================================================
Received Import Request.
  Time since last request: 0.000062 seconds.
  path: Assets/ModernSupermarket/Prefabs/Furniture/Sign_9jlt52_Circle_Var01.prefab
  artifactKey: Guid(684866136f4cb04488154ecf2ebe92a9) Importer(2089858483,0ecaa5967403d082aa24f35e1b516d23)
Start importing Assets/ModernSupermarket/Prefabs/Furniture/Sign_9jlt52_Circle_Var01.prefab using Guid(684866136f4cb04488154ecf2ebe92a9) Importer(2089858483,0ecaa5967403d082aa24f35e1b516d23) [PhysX] Initialized MultithreadedTaskDispatcher with 10 workers.
 -> (artifact id: '36c0c1955f3ed9b61c1ecb1fa1158f44') in 0.007269 seconds
Number of updated asset objects reloaded before import = 0
Number of asset objects unloaded after import = 15
========================================================================
Received Import Request.
  Time since last request: 0.000052 seconds.
  path: Assets/ModernSupermarket/Prefabs/Furniture/Grid_kdypaf.prefab
  artifactKey: Guid(418c83d15b19c404e8c7a435e44a243b) Importer(2089858483,0ecaa5967403d082aa24f35e1b516d23)
Start importing Assets/ModernSupermarket/Prefabs/Furniture/Grid_kdypaf.prefab using Guid(418c83d15b19c404e8c7a435e44a243b) Importer(2089858483,0ecaa5967403d082aa24f35e1b516d23) [PhysX] Initialized MultithreadedTaskDispatcher with 10 workers.
 -> (artifact id: 'ab81ca1234ad35fff09da3400cb56be8') in 0.004794 seconds
Number of updated asset objects reloaded before import = 0
Number of asset objects unloaded after import = 8
========================================================================
Received Import Request.
  Time since last request: 0.000084 seconds.
  path: Assets/ModernSupermarket/Prefabs/Furniture/Sign_04h2fw_Cleaning.prefab
  artifactKey: Guid(5216e785d6e568d4db22a355d3c81a15) Importer(2089858483,0ecaa5967403d082aa24f35e1b516d23)
Start importing Assets/ModernSupermarket/Prefabs/Furniture/Sign_04h2fw_Cleaning.prefab using Guid(5216e785d6e568d4db22a355d3c81a15) Importer(2089858483,0ecaa5967403d082aa24f35e1b516d23) [PhysX] Initialized MultithreadedTaskDispatcher with 10 workers.
 -> (artifact id: 'fe56474af4a132e877bbc0c4059a8f4e') in 0.003961 seconds
Number of updated asset objects reloaded before import = 0
Number of asset objects unloaded after import = 15
========================================================================
Received Import Request.
  Time since last request: 0.000028 seconds.
  path: Assets/ModernSupermarket/Models/Architecture/Textures/Pillar_n.png
  artifactKey: Guid(8ed4a0c6a4da90b4ebb9d37a74c926d7) Importer(2089858483,0ecaa5967403d082aa24f35e1b516d23)
Start importing Assets/ModernSupermarket/Models/Architecture/Textures/Pillar_n.png using Guid(8ed4a0c6a4da90b4ebb9d37a74c926d7) Importer(2089858483,0ecaa5967403d082aa24f35e1b516d23) [PhysX] Initialized MultithreadedTaskDispatcher with 10 workers.
 -> (artifact id: '18980732e681b0ecb8273ede624d8f3e') in 0.009112 seconds
Number of updated asset objects reloaded before import = 0
Number of asset objects unloaded after import = 1
========================================================================
Received Import Request.
  Time since last request: 0.000116 seconds.
  path: Assets/ModernSupermarket/Models/Furniture/Counter_wh1nba/Counter_wh1nba.fbx
  artifactKey: Guid(8c21677017f676643ad9a22085712265) Importer(2089858483,0ecaa5967403d082aa24f35e1b516d23)
Start importing Assets/ModernSupermarket/Models/Furniture/Counter_wh1nba/Counter_wh1nba.fbx using Guid(8c21677017f676643ad9a22085712265) Importer(2089858483,0ecaa5967403d082aa24f35e1b516d23) [PhysX] Initialized MultithreadedTaskDispatcher with 10 workers.
 -> (artifact id: 'be223d2e4796ed821f6d00df7b891182') in 0.008980 seconds
Number of updated asset objects reloaded before import = 0
Number of asset objects unloaded after import = 7
========================================================================
Received Import Request.
  Time since last request: 0.000051 seconds.
  path: Assets/ModernSupermarket/Prefabs/Furniture/Stall_94wthk.prefab
  artifactKey: Guid(467386ef186ad174980100b233812dd6) Importer(2089858483,0ecaa5967403d082aa24f35e1b516d23)
Start importing Assets/ModernSupermarket/Prefabs/Furniture/Stall_94wthk.prefab using Guid(467386ef186ad174980100b233812dd6) Importer(2089858483,0ecaa5967403d082aa24f35e1b516d23) [PhysX] Initialized MultithreadedTaskDispatcher with 10 workers.
 -> (artifact id: 'cb8de6fa789f74b36b1239aa2db3891a') in 0.004056 seconds
Number of updated asset objects reloaded before import = 0
Number of asset objects unloaded after import = 8
========================================================================
Received Import Request.
  Time since last request: 0.000040 seconds.
  path: Assets/ModernSupermarket/Prefabs/Furniture/Shelf_hler4q.prefab
  artifactKey: Guid(b1507a0d72e9b5646b9cf2d5975e3a26) Importer(2089858483,0ecaa5967403d082aa24f35e1b516d23)
Start importing Assets/ModernSupermarket/Prefabs/Furniture/Shelf_hler4q.prefab using Guid(b1507a0d72e9b5646b9cf2d5975e3a26) Importer(2089858483,0ecaa5967403d082aa24f35e1b516d23) [PhysX] Initialized MultithreadedTaskDispatcher with 10 workers.
 -> (artifact id: '5a52bb516bc0176df1baa19c4d565778') in 0.005882 seconds
Number of updated asset objects reloaded before import = 0
Number of asset objects unloaded after import = 12
========================================================================
Received Import Request.
  Time since last request: 0.000045 seconds.
  path: Assets/ModernSupermarket/Prefabs/Furniture/Grid_ff0dgb.prefab
  artifactKey: Guid(b6f85558cf7e6b64bb96a9163a6cc0cf) Importer(2089858483,0ecaa5967403d082aa24f35e1b516d23)
Start importing Assets/ModernSupermarket/Prefabs/Furniture/Grid_ff0dgb.prefab using Guid(b6f85558cf7e6b64bb96a9163a6cc0cf) Importer(2089858483,0ecaa5967403d082aa24f35e1b516d23) [PhysX] Initialized MultithreadedTaskDispatcher with 10 workers.
 -> (artifact id: '5f85b752cca5c9b3bd040e542eba8018') in 0.003961 seconds
Number of updated asset objects reloaded before import = 0
Number of asset objects unloaded after import = 8
========================================================================
Received Import Request.
  Time since last request: 0.000039 seconds.
  path: Assets/ModernSupermarket/Prefabs/Furniture/Sign_04h2fw_Meat.prefab
  artifactKey: Guid(3cf462eb7902762429e50e4e68f69e6a) Importer(2089858483,0ecaa5967403d082aa24f35e1b516d23)
Start importing Assets/ModernSupermarket/Prefabs/Furniture/Sign_04h2fw_Meat.prefab using Guid(3cf462eb7902762429e50e4e68f69e6a) Importer(2089858483,0ecaa5967403d082aa24f35e1b516d23) [PhysX] Initialized MultithreadedTaskDispatcher with 10 workers.
 -> (artifact id: 'a660778cf84eca3363a448ef95474d09') in 0.006960 seconds
Number of updated asset objects reloaded before import = 0
Number of asset objects unloaded after import = 15
========================================================================
Received Import Request.
  Time since last request: 0.000032 seconds.
  path: Assets/ModernSupermarket/Prefabs/Furniture/HeritageStall_0hvi4wVar01.prefab
  artifactKey: Guid(a106300d002197d42ac0626dae3abe84) Importer(2089858483,0ecaa5967403d082aa24f35e1b516d23)
Start importing Assets/ModernSupermarket/Prefabs/Furniture/HeritageStall_0hvi4wVar01.prefab using Guid(a106300d002197d42ac0626dae3abe84) Importer(2089858483,0ecaa5967403d082aa24f35e1b516d23) [PhysX] Initialized MultithreadedTaskDispatcher with 10 workers.
 -> (artifact id: 'f4b769ebbd64e7e4387cf5af0a4a9acf') in 0.004895 seconds
Number of updated asset objects reloaded before import = 0
Number of asset objects unloaded after import = 15
========================================================================
Received Import Request.
  Time since last request: 0.000034 seconds.
  path: Assets/ModernSupermarket/Prefabs/Furniture/HeritageBuffet_wkjvvgVar01.prefab
  artifactKey: Guid(2ab1c9d9ccabbf345bee8f7a13b4faf1) Importer(2089858483,0ecaa5967403d082aa24f35e1b516d23)
Start importing Assets/ModernSupermarket/Prefabs/Furniture/HeritageBuffet_wkjvvgVar01.prefab using Guid(2ab1c9d9ccabbf345bee8f7a13b4faf1) Importer(2089858483,0ecaa5967403d082aa24f35e1b516d23) [PhysX] Initialized MultithreadedTaskDispatcher with 10 workers.
 -> (artifact id: '2abe77735939df9f0464b82ad7e2b3f2') in 0.004971 seconds
Number of updated asset objects reloaded before import = 0
Number of asset objects unloaded after import = 15
========================================================================
Received Import Request.
  Time since last request: 0.000036 seconds.
  path: Assets/ModernSupermarket/Settings/Standard/Scene_Supermarket Post-processing Profile.asset
  artifactKey: Guid(e46336d849bf2414685b85fc0b0eac50) Importer(2089858483,0ecaa5967403d082aa24f35e1b516d23)
Start importing Assets/ModernSupermarket/Settings/Standard/Scene_Supermarket Post-processing Profile.asset using Guid(e46336d849bf2414685b85fc0b0eac50) Importer(2089858483,0ecaa5967403d082aa24f35e1b516d23) [PhysX] Initialized MultithreadedTaskDispatcher with 10 workers.
 -> (artifact id: '81c535de7f2afef0d6b2a9da2736da62') in 0.001782 seconds
Number of updated asset objects reloaded before import = 0
Number of asset objects unloaded after import = 1
========================================================================
Received Import Request.
  Time since last request: 0.000039 seconds.
  path: Assets/ModernSupermarket/Models/Architecture/Textures/Vents_n.png
  artifactKey: Guid(6e577038ab5729e4ab9f71b70b89f5c9) Importer(2089858483,0ecaa5967403d082aa24f35e1b516d23)
Start importing Assets/ModernSupermarket/Models/Architecture/Textures/Vents_n.png using Guid(6e577038ab5729e4ab9f71b70b89f5c9) Importer(2089858483,0ecaa5967403d082aa24f35e1b516d23) [PhysX] Initialized MultithreadedTaskDispatcher with 10 workers.
 -> (artifact id: '64ae9dc8e17735ea7b62545425c06363') in 0.010544 seconds
Number of updated asset objects reloaded before import = 0
Number of asset objects unloaded after import = 1
========================================================================
Received Import Request.
  Time since last request: 0.000058 seconds.
  path: Assets/ModernSupermarket/Prefabs/Architecture/WallTop.prefab
  artifactKey: Guid(fd24f13b94586844ea7794c7b8808a56) Importer(2089858483,0ecaa5967403d082aa24f35e1b516d23)
Start importing Assets/ModernSupermarket/Prefabs/Architecture/WallTop.prefab using Guid(fd24f13b94586844ea7794c7b8808a56) Importer(2089858483,0ecaa5967403d082aa24f35e1b516d23) [PhysX] Initialized MultithreadedTaskDispatcher with 10 workers.
 -> (artifact id: 'e672b0e0deb9d03cb897d4bf52f05a9c') in 0.004126 seconds
Number of updated asset objects reloaded before import = 0
Number of asset objects unloaded after import = 8
========================================================================
Received Import Request.
  Time since last request: 0.000037 seconds.
  path: Assets/ModernSupermarket/Models/Furniture/Grid_ff0dgb/Grid_ff0dgb.fbx
  artifactKey: Guid(0952c5f195c27544fb3075db8b80f165) Importer(2089858483,0ecaa5967403d082aa24f35e1b516d23)
Start importing Assets/ModernSupermarket/Models/Furniture/Grid_ff0dgb/Grid_ff0dgb.fbx using Guid(0952c5f195c27544fb3075db8b80f165) Importer(2089858483,0ecaa5967403d082aa24f35e1b516d23) [PhysX] Initialized MultithreadedTaskDispatcher with 10 workers.
 -> (artifact id: '47aa86af6f0c4f9b3742d629fb97bf36') in 0.005041 seconds
Number of updated asset objects reloaded before import = 0
Number of asset objects unloaded after import = 7
========================================================================
Received Import Request.
  Time since last request: 0.000044 seconds.
  path: Assets/ModernSupermarket/Prefabs/Furniture/Fridge_f13xen.prefab
  artifactKey: Guid(a871a10bcb3dcd64fb8684376cc4b30b) Importer(2089858483,0ecaa5967403d082aa24f35e1b516d23)
Start importing Assets/ModernSupermarket/Prefabs/Furniture/Fridge_f13xen.prefab using Guid(a871a10bcb3dcd64fb8684376cc4b30b) Importer(2089858483,0ecaa5967403d082aa24f35e1b516d23) [PhysX] Initialized MultithreadedTaskDispatcher with 10 workers.
 -> (artifact id: 'b4afb7e5d5e23fbcf83224c35325f9ff') in 0.002212 seconds
Number of updated asset objects reloaded before import = 0
Number of asset objects unloaded after import = 19
========================================================================
Received Import Request.
  Time since last request: 0.000031 seconds.
  path: Assets/ModernSupermarket/Models/Architecture/Textures/Pillar_mask.png
  artifactKey: Guid(74339bc4d8fe2774fa0b7d03f881072d) Importer(2089858483,0ecaa5967403d082aa24f35e1b516d23)
Start importing Assets/ModernSupermarket/Models/Architecture/Textures/Pillar_mask.png using Guid(74339bc4d8fe2774fa0b7d03f881072d) Importer(2089858483,0ecaa5967403d082aa24f35e1b516d23) [PhysX] Initialized MultithreadedTaskDispatcher with 10 workers.
 -> (artifact id: '60965f95cda8d03c3c7e9e719b1f3071') in 0.007027 seconds
Number of updated asset objects reloaded before import = 0
Number of asset objects unloaded after import = 1
========================================================================
Received Import Request.
  Time since last request: 0.000049 seconds.
  path: Assets/ModernSupermarket/Prefabs/Furniture/Sign_04h2fw_Frozen.prefab
  artifactKey: Guid(5dd1b0e733d436b4d852b5799446690f) Importer(2089858483,0ecaa5967403d082aa24f35e1b516d23)
Start importing Assets/ModernSupermarket/Prefabs/Furniture/Sign_04h2fw_Frozen.prefab using Guid(5dd1b0e733d436b4d852b5799446690f) Importer(2089858483,0ecaa5967403d082aa24f35e1b516d23) [PhysX] Initialized MultithreadedTaskDispatcher with 10 workers.
 -> (artifact id: 'cb361a15a1eda88ff0c2b2c31101d35a') in 0.006840 seconds
Number of updated asset objects reloaded before import = 0
Number of asset objects unloaded after import = 39
========================================================================
Received Import Request.
  Time since last request: 0.000037 seconds.
  path: Assets/ModernSupermarket/Models/Furniture/Checkout_4295b5/Checkout_4295b5.fbx
  artifactKey: Guid(f1251013646a511409a1d4393de89fc2) Importer(2089858483,0ecaa5967403d082aa24f35e1b516d23)
Start importing Assets/ModernSupermarket/Models/Furniture/Checkout_4295b5/Checkout_4295b5.fbx using Guid(f1251013646a511409a1d4393de89fc2) Importer(2089858483,0ecaa5967403d082aa24f35e1b516d23) [PhysX] Initialized MultithreadedTaskDispatcher with 10 workers.
 -> (artifact id: 'bfbed78407fe81b471b6a0d80454d7dc') in 0.006699 seconds
Number of updated asset objects reloaded before import = 0
Number of asset objects unloaded after import = 8
========================================================================
Received Import Request.
  Time since last request: 0.000050 seconds.
  path: Assets/ModernSupermarket/Prefabs/Furniture/Table_8sjjys.prefab
  artifactKey: Guid(cfeafa383293e234d928ae08c2ebfb25) Importer(2089858483,0ecaa5967403d082aa24f35e1b516d23)
Start importing Assets/ModernSupermarket/Prefabs/Furniture/Table_8sjjys.prefab using Guid(cfeafa383293e234d928ae08c2ebfb25) Importer(2089858483,0ecaa5967403d082aa24f35e1b516d23) [PhysX] Initialized MultithreadedTaskDispatcher with 10 workers.
 -> (artifact id: '79fe9a0ef22b1a1542c78895639fbaaa') in 0.003482 seconds
Number of updated asset objects reloaded before import = 0
Number of asset objects unloaded after import = 8
========================================================================
Received Import Request.
  Time since last request: 0.000102 seconds.
  path: Assets/ModernSupermarket/Prefabs/Furniture/Sign_9jlt52_Square.prefab
  artifactKey: Guid(84faa979b58fa0b4386498c7f0e969a3) Importer(2089858483,0ecaa5967403d082aa24f35e1b516d23)
Start importing Assets/ModernSupermarket/Prefabs/Furniture/Sign_9jlt52_Square.prefab using Guid(84faa979b58fa0b4386498c7f0e969a3) Importer(2089858483,0ecaa5967403d082aa24f35e1b516d23) [PhysX] Initialized MultithreadedTaskDispatcher with 10 workers.
 -> (artifact id: 'beead8871f40a72804a85184a47113cb') in 0.006390 seconds
Number of updated asset objects reloaded before import = 0
Number of asset objects unloaded after import = 8
========================================================================
Received Import Request.
  Time since last request: 0.000076 seconds.
  path: Assets/ModernSupermarket/Prefabs/Furniture/Checkout_4295b5.prefab
  artifactKey: Guid(b30f3eb612c28b84aafe176c38502680) Importer(2089858483,0ecaa5967403d082aa24f35e1b516d23)
Start importing Assets/ModernSupermarket/Prefabs/Furniture/Checkout_4295b5.prefab using Guid(b30f3eb612c28b84aafe176c38502680) Importer(2089858483,0ecaa5967403d082aa24f35e1b516d23) [PhysX] Initialized MultithreadedTaskDispatcher with 10 workers.
 -> (artifact id: '99b28cece6b24e1f9c2c49029be3e899') in 0.004018 seconds
Number of updated asset objects reloaded before import = 0
Number of asset objects unloaded after import = 8
========================================================================
Received Import Request.
  Time since last request: 0.000049 seconds.
  path: Assets/ModernSupermarket/Models/Furniture/Shelf_6h7vop/Shelf_6h7vop.fbx
  artifactKey: Guid(d41bce27ab09acc488efaeaeb572d102) Importer(2089858483,0ecaa5967403d082aa24f35e1b516d23)
Start importing Assets/ModernSupermarket/Models/Furniture/Shelf_6h7vop/Shelf_6h7vop.fbx using Guid(d41bce27ab09acc488efaeaeb572d102) Importer(2089858483,0ecaa5967403d082aa24f35e1b516d23) [PhysX] Initialized MultithreadedTaskDispatcher with 10 workers.
 -> (artifact id: 'f67c28845272e7ba9c4217d9d8120e1a') in 0.005530 seconds
Number of updated asset objects reloaded before import = 0
Number of asset objects unloaded after import = 7
========================================================================
Received Import Request.
  Time since last request: 0.000041 seconds.
  path: Assets/ModernSupermarket/Models/Furniture/Shelf_kicg9f/Shelf_kicg9f.fbx
  artifactKey: Guid(e7dd3b0c21da2284aa4705819ea8997d) Importer(2089858483,0ecaa5967403d082aa24f35e1b516d23)
Start importing Assets/ModernSupermarket/Models/Furniture/Shelf_kicg9f/Shelf_kicg9f.fbx using Guid(e7dd3b0c21da2284aa4705819ea8997d) Importer(2089858483,0ecaa5967403d082aa24f35e1b516d23) [PhysX] Initialized MultithreadedTaskDispatcher with 10 workers.
 -> (artifact id: '1ab69338da650ba577ed660750f47bd6') in 0.006252 seconds
Number of updated asset objects reloaded before import = 0
Number of asset objects unloaded after import = 14
========================================================================
Received Import Request.
  Time since last request: 0.000055 seconds.
  path: Assets/ModernSupermarket/Prefabs/Furniture/Sign_9jlt52_Star_Var01.prefab
  artifactKey: Guid(746d07ce8c039064984c9555cddf122e) Importer(2089858483,0ecaa5967403d082aa24f35e1b516d23)
Start importing Assets/ModernSupermarket/Prefabs/Furniture/Sign_9jlt52_Star_Var01.prefab using Guid(746d07ce8c039064984c9555cddf122e) Importer(2089858483,0ecaa5967403d082aa24f35e1b516d23) [PhysX] Initialized MultithreadedTaskDispatcher with 10 workers.
 -> (artifact id: '1cb7044f3721c4dafdd6e59cc3fdcfef') in 0.006902 seconds
Number of updated asset objects reloaded before import = 0
Number of asset objects unloaded after import = 15
========================================================================
Received Import Request.
  Time since last request: 0.000052 seconds.
  path: Assets/ModernSupermarket/Prefabs/Furniture/Door_o8w2gy.prefab
  artifactKey: Guid(25d66a07faa479a4981ff21f38aad23e) Importer(2089858483,0ecaa5967403d082aa24f35e1b516d23)
Start importing Assets/ModernSupermarket/Prefabs/Furniture/Door_o8w2gy.prefab using Guid(25d66a07faa479a4981ff21f38aad23e) Importer(2089858483,0ecaa5967403d082aa24f35e1b516d23) [PhysX] Initialized MultithreadedTaskDispatcher with 10 workers.
 -> (artifact id: '691682413f9ba2cde5eaf17376c3f2a7') in 0.003532 seconds
Number of updated asset objects reloaded before import = 0
Number of asset objects unloaded after import = 8
========================================================================
Received Import Request.
  Time since last request: 0.000032 seconds.
  path: Assets/ModernSupermarket/Prefabs/Furniture/Sign_9jlt52_Star.prefab
  artifactKey: Guid(6e1507f4ecaec084a9da4a777361b681) Importer(2089858483,0ecaa5967403d082aa24f35e1b516d23)
Start importing Assets/ModernSupermarket/Prefabs/Furniture/Sign_9jlt52_Star.prefab using Guid(6e1507f4ecaec084a9da4a777361b681) Importer(2089858483,0ecaa5967403d082aa24f35e1b516d23) [PhysX] Initialized MultithreadedTaskDispatcher with 10 workers.
 -> (artifact id: 'fcaf3634dee966ca081e7a5f582e9292') in 0.003668 seconds
Number of updated asset objects reloaded before import = 0
Number of asset objects unloaded after import = 8
========================================================================
Received Import Request.
  Time since last request: 0.000065 seconds.
  path: Assets/ModernSupermarket/Prefabs/Architecture/Vent_9y3yod_Curve.prefab
  artifactKey: Guid(493951e7f8b8ac643aed1f48f0f4804a) Importer(2089858483,0ecaa5967403d082aa24f35e1b516d23)
Start importing Assets/ModernSupermarket/Prefabs/Architecture/Vent_9y3yod_Curve.prefab using Guid(493951e7f8b8ac643aed1f48f0f4804a) Importer(2089858483,0ecaa5967403d082aa24f35e1b516d23) [PhysX] Initialized MultithreadedTaskDispatcher with 10 workers.
 -> (artifact id: '73296604182961343dbc35e7e95f2b62') in 0.004062 seconds
Number of updated asset objects reloaded before import = 0
Number of asset objects unloaded after import = 8
========================================================================
Received Import Request.
  Time since last request: 0.000046 seconds.
  path: Assets/ModernSupermarket/Models/Architecture/Textures/Pillar_a.png
  artifactKey: Guid(2fc996c961ef3ff439868ef7a3d98aaa) Importer(2089858483,0ecaa5967403d082aa24f35e1b516d23)
Start importing Assets/ModernSupermarket/Models/Architecture/Textures/Pillar_a.png using Guid(2fc996c961ef3ff439868ef7a3d98aaa) Importer(2089858483,0ecaa5967403d082aa24f35e1b516d23) [PhysX] Initialized MultithreadedTaskDispatcher with 10 workers.
 -> (artifact id: 'ac725e676c14ff1cb760d1ae9cd62989') in 0.008804 seconds
Number of updated asset objects reloaded before import = 0
Number of asset objects unloaded after import = 1
========================================================================
Received Import Request.
  Time since last request: 0.000037 seconds.
  path: Assets/ModernSupermarket/Prefabs/Architecture/WallDoorLarge.prefab
  artifactKey: Guid(f320c266245f11c4d86f4ac0517816e1) Importer(2089858483,0ecaa5967403d082aa24f35e1b516d23)
Start importing Assets/ModernSupermarket/Prefabs/Architecture/WallDoorLarge.prefab using Guid(f320c266245f11c4d86f4ac0517816e1) Importer(2089858483,0ecaa5967403d082aa24f35e1b516d23) [PhysX] Initialized MultithreadedTaskDispatcher with 10 workers.
 -> (artifact id: '247c28cdfac89c1547a6b93c16818437') in 0.003981 seconds
Number of updated asset objects reloaded before import = 0
Number of asset objects unloaded after import = 8
========================================================================
Received Import Request.
  Time since last request: 0.000057 seconds.
  path: Assets/ModernSupermarket/Models/Furniture/Shelf_hler4q/Shelf_hler4q.fbx
  artifactKey: Guid(c3e0ffe53acb7f04b8d2682a6b843481) Importer(2089858483,0ecaa5967403d082aa24f35e1b516d23)
Start importing Assets/ModernSupermarket/Models/Furniture/Shelf_hler4q/Shelf_hler4q.fbx using Guid(c3e0ffe53acb7f04b8d2682a6b843481) Importer(2089858483,0ecaa5967403d082aa24f35e1b516d23) [PhysX] Initialized MultithreadedTaskDispatcher with 10 workers.
 -> (artifact id: '058c9f5d6eab4640bdd3fa4e43599e6d') in 0.005316 seconds
Number of updated asset objects reloaded before import = 0
Number of asset objects unloaded after import = 7
========================================================================
Received Import Request.
  Time since last request: 0.000046 seconds.
  path: Assets/ModernSupermarket/Prefabs/Furniture/Sign_9jlt52_Square_Var01.prefab
  artifactKey: Guid(629fc0e2384fb434bb7637180b7ea1de) Importer(2089858483,0ecaa5967403d082aa24f35e1b516d23)
Start importing Assets/ModernSupermarket/Prefabs/Furniture/Sign_9jlt52_Square_Var01.prefab using Guid(629fc0e2384fb434bb7637180b7ea1de) Importer(2089858483,0ecaa5967403d082aa24f35e1b516d23) [PhysX] Initialized MultithreadedTaskDispatcher with 10 workers.
 -> (artifact id: '93ba17c6e01f78761379831d65650ed9') in 0.004074 seconds
Number of updated asset objects reloaded before import = 0
Number of asset objects unloaded after import = 15
========================================================================
Received Import Request.
  Time since last request: 0.000035 seconds.
  path: Assets/ModernSupermarket/Models/Furniture/HeritageBuffet_wkjvvg/HeritageBuffet_wkjvvg.fbx
  artifactKey: Guid(84ea0719e027d7a4fb0c45c44d436a24) Importer(2089858483,0ecaa5967403d082aa24f35e1b516d23)
Start importing Assets/ModernSupermarket/Models/Furniture/HeritageBuffet_wkjvvg/HeritageBuffet_wkjvvg.fbx using Guid(84ea0719e027d7a4fb0c45c44d436a24) Importer(2089858483,0ecaa5967403d082aa24f35e1b516d23) [PhysX] Initialized MultithreadedTaskDispatcher with 10 workers.
 -> (artifact id: 'eb596d79a42db1232ac40c49ab549bba') in 0.007988 seconds
Number of updated asset objects reloaded before import = 0
Number of asset objects unloaded after import = 7
========================================================================
Received Import Request.
  Time since last request: 0.000037 seconds.
  path: Assets/ModernSupermarket/Settings/URP/Global Volume Profile.asset
  artifactKey: Guid(9c6639025b017f74197328779267596f) Importer(2089858483,0ecaa5967403d082aa24f35e1b516d23)
Start importing Assets/ModernSupermarket/Settings/URP/Global Volume Profile.asset using Guid(9c6639025b017f74197328779267596f) Importer(2089858483,0ecaa5967403d082aa24f35e1b516d23) [PhysX] Initialized MultithreadedTaskDispatcher with 10 workers.
 -> (artifact id: 'ea22298f65fd45d021017c81b9e4fe24') in 0.001634 seconds
Number of updated asset objects reloaded before import = 0
Number of asset objects unloaded after import = 1
========================================================================
Received Import Request.
  Time since last request: 0.000053 seconds.
  path: Assets/ModernSupermarket/Models/Furniture/Stall_94wthk/Stall_94wthk.fbx
  artifactKey: Guid(e0906d6f20e438b499a40fbf68c5ff7c) Importer(2089858483,0ecaa5967403d082aa24f35e1b516d23)
Start importing Assets/ModernSupermarket/Models/Furniture/Stall_94wthk/Stall_94wthk.fbx using Guid(e0906d6f20e438b499a40fbf68c5ff7c) Importer(2089858483,0ecaa5967403d082aa24f35e1b516d23) [PhysX] Initialized MultithreadedTaskDispatcher with 10 workers.
 -> (artifact id: '93cdd5590b4de89e1d866138f0edbe03') in 0.004855 seconds
Number of updated asset objects reloaded before import = 0
Number of asset objects unloaded after import = 7
========================================================================
Received Import Request.
  Time since last request: 0.000061 seconds.
  path: Assets/ModernSupermarket/Settings/URP/URP.unitypackage
  artifactKey: Guid(de1316af19fe91b4b9b0052d2168cf73) Importer(2089858483,0ecaa5967403d082aa24f35e1b516d23)
Start importing Assets/ModernSupermarket/Settings/URP/URP.unitypackage using Guid(de1316af19fe91b4b9b0052d2168cf73) Importer(2089858483,0ecaa5967403d082aa24f35e1b516d23) [PhysX] Initialized MultithreadedTaskDispatcher with 10 workers.
 -> (artifact id: '49babedf6bcd35be59b05ce13f5a18a6') in 0.001097 seconds
Number of updated asset objects reloaded before import = 0
Number of asset objects unloaded after import = 1
========================================================================
Received Import Request.
  Time since last request: 0.000038 seconds.
  path: Assets/ModernSupermarket/Prefabs/Furniture/Sign_04h2fw_Pastas.prefab
  artifactKey: Guid(965409dd430b7184192a81db98ff39c4) Importer(2089858483,0ecaa5967403d082aa24f35e1b516d23)
Start importing Assets/ModernSupermarket/Prefabs/Furniture/Sign_04h2fw_Pastas.prefab using Guid(965409dd430b7184192a81db98ff39c4) Importer(2089858483,0ecaa5967403d082aa24f35e1b516d23) [PhysX] Initialized MultithreadedTaskDispatcher with 10 workers.
 -> (artifact id: 'd34aed6447dfac7fb7cbe9e44303b428') in 0.003861 seconds
Number of updated asset objects reloaded before import = 0
Number of asset objects unloaded after import = 33
========================================================================
Received Import Request.
  Time since last request: 0.000032 seconds.
  path: Assets/ModernSupermarket/Models/Furniture/Checkout_gueqmj/Checkout_gueqmj.fbx
  artifactKey: Guid(9d45cf4386f6d5a46a94863fd62df3df) Importer(2089858483,0ecaa5967403d082aa24f35e1b516d23)
Start importing Assets/ModernSupermarket/Models/Furniture/Checkout_gueqmj/Checkout_gueqmj.fbx using Guid(9d45cf4386f6d5a46a94863fd62df3df) Importer(2089858483,0ecaa5967403d082aa24f35e1b516d23) [PhysX] Initialized MultithreadedTaskDispatcher with 10 workers.
 -> (artifact id: '3795993d83dfe8e6155af3e87d22b924') in 0.007723 seconds
Number of updated asset objects reloaded before import = 0
Number of asset objects unloaded after import = 7
========================================================================
Received Import Request.
  Time since last request: 0.000041 seconds.
  path: Assets/ModernSupermarket/Prefabs/Furniture/Table_5ma72f.prefab
  artifactKey: Guid(fb297ff5d4ed968478fdf1bed8ac0c3c) Importer(2089858483,0ecaa5967403d082aa24f35e1b516d23)
Start importing Assets/ModernSupermarket/Prefabs/Furniture/Table_5ma72f.prefab using Guid(fb297ff5d4ed968478fdf1bed8ac0c3c) Importer(2089858483,0ecaa5967403d082aa24f35e1b516d23) [PhysX] Initialized MultithreadedTaskDispatcher with 10 workers.
 -> (artifact id: '0c08903a92aa80748d9b720e3198bfb3') in 0.005410 seconds
Number of updated asset objects reloaded before import = 0
Number of asset objects unloaded after import = 8
========================================================================
Received Import Request.
  Time since last request: 0.000120 seconds.
  path: Assets/ModernSupermarket/Models/Architecture/Textures/Pillar_m.png
  artifactKey: Guid(0c818703fe4c30745910b699831f64a6) Importer(2089858483,0ecaa5967403d082aa24f35e1b516d23)
Start importing Assets/ModernSupermarket/Models/Architecture/Textures/Pillar_m.png using Guid(0c818703fe4c30745910b699831f64a6) Importer(2089858483,0ecaa5967403d082aa24f35e1b516d23) [PhysX] Initialized MultithreadedTaskDispatcher with 10 workers.
 -> (artifact id: '181d85f44cd03661788a73656ecf32fa') in 0.007865 seconds
Number of updated asset objects reloaded before import = 0
Number of asset objects unloaded after import = 1
========================================================================
Received Import Request.
  Time since last request: 0.000098 seconds.
  path: Assets/ModernSupermarket/Models/Furniture/Table_8sjjys/Table_8sjjys.fbx
  artifactKey: Guid(6e14ae4fc22226846b13115820026067) Importer(2089858483,0ecaa5967403d082aa24f35e1b516d23)
Start importing Assets/ModernSupermarket/Models/Furniture/Table_8sjjys/Table_8sjjys.fbx using Guid(6e14ae4fc22226846b13115820026067) Importer(2089858483,0ecaa5967403d082aa24f35e1b516d23) [PhysX] Initialized MultithreadedTaskDispatcher with 10 workers.
 -> (artifact id: '5f9326e547e626e2a8febde41df7b1e4') in 0.004851 seconds
Number of updated asset objects reloaded before import = 0
Number of asset objects unloaded after import = 7
========================================================================
Received Import Request.
  Time since last request: 0.000044 seconds.
  path: Assets/ModernSupermarket/Models/Furniture/HeritageStall_0hvi4w/HeritageStall_0hvi4w.fbx
  artifactKey: Guid(0df41d728948e02468d39d92d3423efa) Importer(2089858483,0ecaa5967403d082aa24f35e1b516d23)
Start importing Assets/ModernSupermarket/Models/Furniture/HeritageStall_0hvi4w/HeritageStall_0hvi4w.fbx using Guid(0df41d728948e02468d39d92d3423efa) Importer(2089858483,0ecaa5967403d082aa24f35e1b516d23) [PhysX] Initialized MultithreadedTaskDispatcher with 10 workers.
 -> (artifact id: '2f6c31f0433cc3ea67fea2a1e5474daa') in 0.007810 seconds
Number of updated asset objects reloaded before import = 0
Number of asset objects unloaded after import = 7
========================================================================
Received Import Request.
  Time since last request: 0.000040 seconds.
  path: Assets/ModernSupermarket/Models/Architecture/Textures/Vents_m.png
  artifactKey: Guid(b83ff2571b3c2c34b986f59108f26f6f) Importer(2089858483,0ecaa5967403d082aa24f35e1b516d23)
Start importing Assets/ModernSupermarket/Models/Architecture/Textures/Vents_m.png using Guid(b83ff2571b3c2c34b986f59108f26f6f) Importer(2089858483,0ecaa5967403d082aa24f35e1b516d23) [PhysX] Initialized MultithreadedTaskDispatcher with 10 workers.
 -> (artifact id: '890bf922550bae3d39637fca54c75cac') in 0.007595 seconds
Number of updated asset objects reloaded before import = 0
Number of asset objects unloaded after import = 1
========================================================================
Received Import Request.
  Time since last request: 1.919281 seconds.
  path: Assets/ModernSupermarket/Models/Furniture/Vent_9y3yo/Vent_9y3yod_Bias.fbx
  artifactKey: Guid(fd0e4ac01d6eeea49b9c3e600f2f00f3) Importer(2089858483,0ecaa5967403d082aa24f35e1b516d23)
Start importing Assets/ModernSupermarket/Models/Furniture/Vent_9y3yo/Vent_9y3yod_Bias.fbx using Guid(fd0e4ac01d6eeea49b9c3e600f2f00f3) Importer(2089858483,0ecaa5967403d082aa24f35e1b516d23) [PhysX] Initialized MultithreadedTaskDispatcher with 10 workers.
 -> (artifact id: 'c6288bcc8e877bf9e90b801e418d13f6') in 0.006749 seconds
Number of updated asset objects reloaded before import = 0
Number of asset objects unloaded after import = 7
========================================================================
Received Import Request.
  Time since last request: 0.000064 seconds.
  path: Assets/ModernSupermarket/Prefabs/Props/Produce/Perry_fhz4xg_Pack01.prefab
  artifactKey: Guid(b97c1df0bc4616b48ab1af883577f84f) Importer(2089858483,0ecaa5967403d082aa24f35e1b516d23)
Start importing Assets/ModernSupermarket/Prefabs/Props/Produce/Perry_fhz4xg_Pack01.prefab using Guid(b97c1df0bc4616b48ab1af883577f84f) Importer(2089858483,0ecaa5967403d082aa24f35e1b516d23) [PhysX] Initialized MultithreadedTaskDispatcher with 10 workers.
 -> (artifact id: '4801392a0eff65423faa55f6a6694349') in 0.008537 seconds
Number of updated asset objects reloaded before import = 0
Number of asset objects unloaded after import = 8
========================================================================
Received Import Request.
  Time since last request: 0.000315 seconds.
  path: Assets/ModernSupermarket/Prefabs/Props/Produce/Pumpkin_hjtgsa_Crate.prefab
  artifactKey: Guid(7ea32817fea789f44b5be76f6eb00af4) Importer(2089858483,0ecaa5967403d082aa24f35e1b516d23)
Start importing Assets/ModernSupermarket/Prefabs/Props/Produce/Pumpkin_hjtgsa_Crate.prefab using Guid(7ea32817fea789f44b5be76f6eb00af4) Importer(2089858483,0ecaa5967403d082aa24f35e1b516d23) [PhysX] Initialized MultithreadedTaskDispatcher with 10 workers.
 -> (artifact id: '159f0aa02fc96701b9f698bb6ae94455') in 0.003321 seconds
Number of updated asset objects reloaded before import = 0
Number of asset objects unloaded after import = 16
========================================================================
Received Import Request.
  Time since last request: 0.000034 seconds.
  path: Assets/ModernSupermarket/Prefabs/Props/Produce/Melon_h6xrq4.prefab
  artifactKey: Guid(35b3954b8f11c3c46ab6c5009e7cc11f) Importer(2089858483,0ecaa5967403d082aa24f35e1b516d23)
Start importing Assets/ModernSupermarket/Prefabs/Props/Produce/Melon_h6xrq4.prefab using Guid(35b3954b8f11c3c46ab6c5009e7cc11f) Importer(2089858483,0ecaa5967403d082aa24f35e1b516d23) [PhysX] Initialized MultithreadedTaskDispatcher with 10 workers.
 -> (artifact id: '7cb8404d1b0f23d9eb11d3a54d430b6b') in 0.004333 seconds
Number of updated asset objects reloaded before import = 0
Number of asset objects unloaded after import = 8
========================================================================
Received Import Request.
  Time since last request: 0.000080 seconds.
  path: Assets/ModernSupermarket/Prefabs/Props/Products/Cake_a3h87k.prefab
  artifactKey: Guid(c92d0462d1b7fd243b6bea3f8c600794) Importer(2089858483,0ecaa5967403d082aa24f35e1b516d23)
Start importing Assets/ModernSupermarket/Prefabs/Props/Products/Cake_a3h87k.prefab using Guid(c92d0462d1b7fd243b6bea3f8c600794) Importer(2089858483,0ecaa5967403d082aa24f35e1b516d23) [PhysX] Initialized MultithreadedTaskDispatcher with 10 workers.
 -> (artifact id: '5cb288f3c8b87ffd4c24888352715a12') in 0.003823 seconds
Number of updated asset objects reloaded before import = 0
Number of asset objects unloaded after import = 8
========================================================================
Received Import Request.
  Time since last request: 0.000035 seconds.
  path: Assets/ModernSupermarket/Prefabs/Props/Produce/Squash_0r6m5l_Pack01.prefab
  artifactKey: Guid(c9df232872c86d74d8a735a2eee134bd) Importer(2089858483,0ecaa5967403d082aa24f35e1b516d23)
Start importing Assets/ModernSupermarket/Prefabs/Props/Produce/Squash_0r6m5l_Pack01.prefab using Guid(c9df232872c86d74d8a735a2eee134bd) Importer(2089858483,0ecaa5967403d082aa24f35e1b516d23) [PhysX] Initialized MultithreadedTaskDispatcher with 10 workers.
 -> (artifact id: '87ca8da5184b047c21fff1e19d67db56') in 0.004123 seconds
Number of updated asset objects reloaded before import = 0
Number of asset objects unloaded after import = 8
========================================================================
Received Import Request.
  Time since last request: 0.000052 seconds.
  path: Assets/ModernSupermarket/Prefabs/Props/Products/Book_bpxngl_06.prefab
  artifactKey: Guid(72134693657988648aaaf8854538126f) Importer(2089858483,0ecaa5967403d082aa24f35e1b516d23)
Start importing Assets/ModernSupermarket/Prefabs/Props/Products/Book_bpxngl_06.prefab using Guid(72134693657988648aaaf8854538126f) Importer(2089858483,0ecaa5967403d082aa24f35e1b516d23) [PhysX] Initialized MultithreadedTaskDispatcher with 10 workers.
 -> (artifact id: 'f27374fa5eeb7fbe418ada6252d9d2a4') in 0.003682 seconds
Number of updated asset objects reloaded before import = 0
Number of asset objects unloaded after import = 8
========================================================================
Received Import Request.
  Time since last request: 0.000062 seconds.
  path: Assets/ModernSupermarket/Prefabs/Props/Produce/Potato_px2ht4_Crate.prefab
  artifactKey: Guid(00b0846ad635386438d2954952f2b57a) Importer(2089858483,0ecaa5967403d082aa24f35e1b516d23)
Start importing Assets/ModernSupermarket/Prefabs/Props/Produce/Potato_px2ht4_Crate.prefab using Guid(00b0846ad635386438d2954952f2b57a) Importer(2089858483,0ecaa5967403d082aa24f35e1b516d23) [PhysX] Initialized MultithreadedTaskDispatcher with 10 workers.
 -> (artifact id: 'e0a3cd746a43d4a33391d8819d71abb3') in 0.003082 seconds
Number of updated asset objects reloaded before import = 0
Number of asset objects unloaded after import = 16
========================================================================
Received Import Request.
  Time since last request: 0.000032 seconds.
  path: Assets/ModernSupermarket/Prefabs/Props/Products/Cake_a3h87k_Var02.prefab
  artifactKey: Guid(b1a45b17f4ef871419011c8092b22d4e) Importer(2089858483,0ecaa5967403d082aa24f35e1b516d23)
Start importing Assets/ModernSupermarket/Prefabs/Props/Products/Cake_a3h87k_Var02.prefab using Guid(b1a45b17f4ef871419011c8092b22d4e) Importer(2089858483,0ecaa5967403d082aa24f35e1b516d23) [PhysX] Initialized MultithreadedTaskDispatcher with 10 workers.
 -> (artifact id: 'a9f8e358f9db8af04014c48666113906') in 0.006128 seconds
Number of updated asset objects reloaded before import = 0
Number of asset objects unloaded after import = 15
========================================================================
Received Import Request.
  Time since last request: 0.000035 seconds.
  path: Assets/ModernSupermarket/Prefabs/Props/Produce/Watermelon_z0o9y3_Crate.prefab
  artifactKey: Guid(e4d8444031c93794ba68e4bbe9c2dd40) Importer(2089858483,0ecaa5967403d082aa24f35e1b516d23)
Start importing Assets/ModernSupermarket/Prefabs/Props/Produce/Watermelon_z0o9y3_Crate.prefab using Guid(e4d8444031c93794ba68e4bbe9c2dd40) Importer(2089858483,0ecaa5967403d082aa24f35e1b516d23) [PhysX] Initialized MultithreadedTaskDispatcher with 10 workers.
 -> (artifact id: '5f8acbab733d3c3019825b4335b6ce0f') in 0.002208 seconds
Number of updated asset objects reloaded before import = 0
Number of asset objects unloaded after import = 16
========================================================================
Received Import Request.
  Time since last request: 0.000047 seconds.
  path: Assets/ModernSupermarket/Prefabs/Props/Produce/Grapefruit_mrfrpw_Crate.prefab
  artifactKey: Guid(a060018b75c502a469280fd3808f0f2a) Importer(2089858483,0ecaa5967403d082aa24f35e1b516d23)
Start importing Assets/ModernSupermarket/Prefabs/Props/Produce/Grapefruit_mrfrpw_Crate.prefab using Guid(a060018b75c502a469280fd3808f0f2a) Importer(2089858483,0ecaa5967403d082aa24f35e1b516d23) [PhysX] Initialized MultithreadedTaskDispatcher with 10 workers.
 -> (artifact id: '29d8bcc29022e8562faecef0b9f39aba') in 0.002611 seconds
Number of updated asset objects reloaded before import = 0
Number of asset objects unloaded after import = 16
========================================================================
Received Import Request.
  Time since last request: 0.000051 seconds.
  path: Assets/ModernSupermarket/Prefabs/Props/Products/Bleach_c6nm2t_Pack01.prefab
  artifactKey: Guid(2f8e32a9dee717043bf91ed6172f7ddd) Importer(2089858483,0ecaa5967403d082aa24f35e1b516d23)
Start importing Assets/ModernSupermarket/Prefabs/Props/Products/Bleach_c6nm2t_Pack01.prefab using Guid(2f8e32a9dee717043bf91ed6172f7ddd) Importer(2089858483,0ecaa5967403d082aa24f35e1b516d23) [PhysX] Initialized MultithreadedTaskDispatcher with 10 workers.
 -> (artifact id: '32d7aa4965a9f2230f97759fd4ac509e') in 0.004049 seconds
Number of updated asset objects reloaded before import = 0
Number of asset objects unloaded after import = 8
========================================================================
Received Import Request.
  Time since last request: 0.000150 seconds.
  path: Assets/ModernSupermarket/Models/Furniture/Vent_9y3yo/Vent_9y3yod_Grid04.fbx
  artifactKey: Guid(60c55599c5a0d4e408237055ef85f717) Importer(2089858483,0ecaa5967403d082aa24f35e1b516d23)
Start importing Assets/ModernSupermarket/Models/Furniture/Vent_9y3yo/Vent_9y3yod_Grid04.fbx using Guid(60c55599c5a0d4e408237055ef85f717) Importer(2089858483,0ecaa5967403d082aa24f35e1b516d23) [PhysX] Initialized MultithreadedTaskDispatcher with 10 workers.
 -> (artifact id: '6b4e8f2a49e827fb1610a9ff5c64d607') in 0.005198 seconds
Number of updated asset objects reloaded before import = 0
Number of asset objects unloaded after import = 7
========================================================================
Received Import Request.
  Time since last request: 0.000077 seconds.
  path: Assets/ModernSupermarket/Prefabs/Props/Products/Cake_a3h87k_Pack01.prefab
  artifactKey: Guid(c9411a3fb3b69f14b9823a09b2ef20d4) Importer(2089858483,0ecaa5967403d082aa24f35e1b516d23)
Start importing Assets/ModernSupermarket/Prefabs/Props/Products/Cake_a3h87k_Pack01.prefab using Guid(c9411a3fb3b69f14b9823a09b2ef20d4) Importer(2089858483,0ecaa5967403d082aa24f35e1b516d23) [PhysX] Initialized MultithreadedTaskDispatcher with 10 workers.
 -> (artifact id: '12953dc3f7e216727703f6ebaca34134') in 0.007689 seconds
Number of updated asset objects reloaded before import = 0
Number of asset objects unloaded after import = 8
========================================================================
Received Import Request.
  Time since last request: 0.000041 seconds.
  path: Assets/ModernSupermarket/Prefabs/Props/Products/Alcool_ao62w.prefab
  artifactKey: Guid(0f4eb1c5bd0e42640b17c00c611c2f8a) Importer(2089858483,0ecaa5967403d082aa24f35e1b516d23)
Start importing Assets/ModernSupermarket/Prefabs/Props/Products/Alcool_ao62w.prefab using Guid(0f4eb1c5bd0e42640b17c00c611c2f8a) Importer(2089858483,0ecaa5967403d082aa24f35e1b516d23) [PhysX] Initialized MultithreadedTaskDispatcher with 10 workers.
 -> (artifact id: '0414e1cfd2cac883ff5fe1f42a05c92d') in 0.004338 seconds
Number of updated asset objects reloaded before import = 0
Number of asset objects unloaded after import = 8
========================================================================
Received Import Request.
  Time since last request: 0.000073 seconds.
  path: Assets/ModernSupermarket/Prefabs/Props/Produce/Banana_zjs4oz_Pack01.prefab
  artifactKey: Guid(c37679b2451cdf14da291a14a56658da) Importer(2089858483,0ecaa5967403d082aa24f35e1b516d23)
Start importing Assets/ModernSupermarket/Prefabs/Props/Produce/Banana_zjs4oz_Pack01.prefab using Guid(c37679b2451cdf14da291a14a56658da) Importer(2089858483,0ecaa5967403d082aa24f35e1b516d23) [PhysX] Initialized MultithreadedTaskDispatcher with 10 workers.
 -> (artifact id: '50bf5f331446acaa559b4b682eb0acf3') in 0.004221 seconds
Number of updated asset objects reloaded before import = 0
Number of asset objects unloaded after import = 8
========================================================================
Received Import Request.
  Time since last request: 0.000037 seconds.
  path: Assets/ModernSupermarket/Prefabs/Props/Produce/Kiwi_leh3t9_Crate.prefab
  artifactKey: Guid(07167e30196b4bc4eb96f8583071d491) Importer(2089858483,0ecaa5967403d082aa24f35e1b516d23)
Start importing Assets/ModernSupermarket/Prefabs/Props/Produce/Kiwi_leh3t9_Crate.prefab using Guid(07167e30196b4bc4eb96f8583071d491) Importer(2089858483,0ecaa5967403d082aa24f35e1b516d23) [PhysX] Initialized MultithreadedTaskDispatcher with 10 workers.
 -> (artifact id: '3d7e483f95145159d84f2df3f48ff77f') in 0.002322 seconds
Number of updated asset objects reloaded before import = 0
Number of asset objects unloaded after import = 16
========================================================================
Received Import Request.
  Time since last request: 0.000046 seconds.
  path: Assets/ModernSupermarket/Prefabs/Props/Products/BeerKeg_byk96e_Pack01.prefab
  artifactKey: Guid(40ba5c103f61d824a92ff684fa256a77) Importer(2089858483,0ecaa5967403d082aa24f35e1b516d23)
Start importing Assets/ModernSupermarket/Prefabs/Props/Products/BeerKeg_byk96e_Pack01.prefab using Guid(40ba5c103f61d824a92ff684fa256a77) Importer(2089858483,0ecaa5967403d082aa24f35e1b516d23) [PhysX] Initialized MultithreadedTaskDispatcher with 10 workers.
 -> (artifact id: '166ed339cb5a5d2781dcf991d5d9f2b7') in 0.007496 seconds
Number of updated asset objects reloaded before import = 0
Number of asset objects unloaded after import = 8
========================================================================
Received Import Request.
  Time since last request: 0.000121 seconds.
  path: Assets/ModernSupermarket/Prefabs/Props/Produce/Melon_h6xrq4_Crate.prefab
  artifactKey: Guid(30673f740966f6947a4f4c4aefccd203) Importer(2089858483,0ecaa5967403d082aa24f35e1b516d23)
Start importing Assets/ModernSupermarket/Prefabs/Props/Produce/Melon_h6xrq4_Crate.prefab using Guid(30673f740966f6947a4f4c4aefccd203) Importer(2089858483,0ecaa5967403d082aa24f35e1b516d23) [PhysX] Initialized MultithreadedTaskDispatcher with 10 workers.
 -> (artifact id: '0126e70b1b126eda617c2f319d277a68') in 0.002293 seconds
Number of updated asset objects reloaded before import = 0
Number of asset objects unloaded after import = 16
========================================================================
Received Import Request.
  Time since last request: 0.000038 seconds.
  path: Assets/ModernSupermarket/Prefabs/Props/Products/Book_bpxngl_04.prefab
  artifactKey: Guid(ad1c413ba682bbc49bf6bf209786a8ba) Importer(2089858483,0ecaa5967403d082aa24f35e1b516d23)
Start importing Assets/ModernSupermarket/Prefabs/Props/Products/Book_bpxngl_04.prefab using Guid(ad1c413ba682bbc49bf6bf209786a8ba) Importer(2089858483,0ecaa5967403d082aa24f35e1b516d23) [PhysX] Initialized MultithreadedTaskDispatcher with 10 workers.
 -> (artifact id: '5ffa9a5dcbf53a52056339b1b895c93c') in 0.003433 seconds
Number of updated asset objects reloaded before import = 0
Number of asset objects unloaded after import = 8
========================================================================
Received Import Request.
  Time since last request: 0.000106 seconds.
  path: Assets/ModernSupermarket/Prefabs/Props/Products/Beer_lryra7_Var01.prefab
  artifactKey: Guid(259bb6c3ae2ea48498b675d5cd7262e2) Importer(2089858483,0ecaa5967403d082aa24f35e1b516d23)
Start importing Assets/ModernSupermarket/Prefabs/Props/Products/Beer_lryra7_Var01.prefab using Guid(259bb6c3ae2ea48498b675d5cd7262e2) Importer(2089858483,0ecaa5967403d082aa24f35e1b516d23) [PhysX] Initialized MultithreadedTaskDispatcher with 10 workers.
 -> (artifact id: 'b691a9c0fd305f6c15a838c435ba9e37') in 0.005199 seconds
Number of updated asset objects reloaded before import = 0
Number of asset objects unloaded after import = 16
========================================================================
Received Import Request.
  Time since last request: 0.000059 seconds.
  path: Assets/ModernSupermarket/Prefabs/Props/Products/Cake_p6lebj_Pack01.prefab
  artifactKey: Guid(40c95110a07b4ed4387aa24294841fcd) Importer(2089858483,0ecaa5967403d082aa24f35e1b516d23)
Start importing Assets/ModernSupermarket/Prefabs/Props/Products/Cake_p6lebj_Pack01.prefab using Guid(40c95110a07b4ed4387aa24294841fcd) Importer(2089858483,0ecaa5967403d082aa24f35e1b516d23) [PhysX] Initialized MultithreadedTaskDispatcher with 10 workers.
 -> (artifact id: '635617486b70d7843467ae68b1649148') in 0.003774 seconds
Number of updated asset objects reloaded before import = 0
Number of asset objects unloaded after import = 8
========================================================================
Received Import Request.
  Time since last request: 0.000090 seconds.
  path: Assets/ModernSupermarket/Prefabs/Props/Produce/Artichoke_fdde0u.prefab
  artifactKey: Guid(fd3136a2ab1b449478a66d27c434ecbc) Importer(2089858483,0ecaa5967403d082aa24f35e1b516d23)
Start importing Assets/ModernSupermarket/Prefabs/Props/Produce/Artichoke_fdde0u.prefab using Guid(fd3136a2ab1b449478a66d27c434ecbc) Importer(2089858483,0ecaa5967403d082aa24f35e1b516d23) [PhysX] Initialized MultithreadedTaskDispatcher with 10 workers.
 -> (artifact id: '7b7ec85f4bc38bcd4989639175a6e3d2') in 0.006139 seconds
Number of updated asset objects reloaded before import = 0
Number of asset objects unloaded after import = 8
========================================================================
Received Import Request.
  Time since last request: 0.000044 seconds.
  path: Assets/ModernSupermarket/Prefabs/Props/Produce/Squash_0r6m5l_Crate.prefab
  artifactKey: Guid(64f2f496a942f95498a062b8d55fd3ae) Importer(2089858483,0ecaa5967403d082aa24f35e1b516d23)
Start importing Assets/ModernSupermarket/Prefabs/Props/Produce/Squash_0r6m5l_Crate.prefab using Guid(64f2f496a942f95498a062b8d55fd3ae) Importer(2089858483,0ecaa5967403d082aa24f35e1b516d23) [PhysX] Initialized MultithreadedTaskDispatcher with 10 workers.
 -> (artifact id: '4a4d0ed32bf2f5b94a176167b9f8125d') in 0.001991 seconds
Number of updated asset objects reloaded before import = 0
Number of asset objects unloaded after import = 16
========================================================================
Received Import Request.
  Time since last request: 0.000059 seconds.
  path: Assets/ModernSupermarket/Prefabs/Props/Produce/Tomato_u9ceyc.prefab
  artifactKey: Guid(77214190a46c588448b89ae4f74f9e64) Importer(2089858483,0ecaa5967403d082aa24f35e1b516d23)
Start importing Assets/ModernSupermarket/Prefabs/Props/Produce/Tomato_u9ceyc.prefab using Guid(77214190a46c588448b89ae4f74f9e64) Importer(2089858483,0ecaa5967403d082aa24f35e1b516d23) [PhysX] Initialized MultithreadedTaskDispatcher with 10 workers.
 -> (artifact id: '15387a046411b2af2f513147634a501d') in 0.003748 seconds
Number of updated asset objects reloaded before import = 0
Number of asset objects unloaded after import = 8
========================================================================
Received Import Request.
  Time since last request: 0.000062 seconds.
  path: Assets/ModernSupermarket/Prefabs/Props/Produce/Tomato_u9ceyc_Crate.prefab
  artifactKey: Guid(00d7d81792f3229429dd31f070fce701) Importer(2089858483,0ecaa5967403d082aa24f35e1b516d23)
Start importing Assets/ModernSupermarket/Prefabs/Props/Produce/Tomato_u9ceyc_Crate.prefab using Guid(00d7d81792f3229429dd31f070fce701) Importer(2089858483,0ecaa5967403d082aa24f35e1b516d23) [PhysX] Initialized MultithreadedTaskDispatcher with 10 workers.
 -> (artifact id: '1625a15f08dc8dc1dda303bcd8edccfd') in 0.002266 seconds
Number of updated asset objects reloaded before import = 0
Number of asset objects unloaded after import = 16
========================================================================
Received Import Request.
  Time since last request: 0.000067 seconds.
  path: Assets/ModernSupermarket/Prefabs/Props/Produce/Onion_mut7xz.prefab
  artifactKey: Guid(77913529fbb423b4ea211445e79fd6cf) Importer(2089858483,0ecaa5967403d082aa24f35e1b516d23)
Start importing Assets/ModernSupermarket/Prefabs/Props/Produce/Onion_mut7xz.prefab using Guid(77913529fbb423b4ea211445e79fd6cf) Importer(2089858483,0ecaa5967403d082aa24f35e1b516d23) [PhysX] Initialized MultithreadedTaskDispatcher with 10 workers.
 -> (artifact id: '9422720e54290a5c35e05454f85b6135') in 0.003728 seconds
Number of updated asset objects reloaded before import = 0
Number of asset objects unloaded after import = 8
========================================================================
Received Import Request.
  Time since last request: 0.000087 seconds.
  path: Assets/ModernSupermarket/Prefabs/Props/Produce/Papaya_xt7unv.prefab
  artifactKey: Guid(82c2daf369f250e43824f5906c9b79c0) Importer(2089858483,0ecaa5967403d082aa24f35e1b516d23)
Start importing Assets/ModernSupermarket/Prefabs/Props/Produce/Papaya_xt7unv.prefab using Guid(82c2daf369f250e43824f5906c9b79c0) Importer(2089858483,0ecaa5967403d082aa24f35e1b516d23) [PhysX] Initialized MultithreadedTaskDispatcher with 10 workers.
 -> (artifact id: '011ba1f63c3a25c6a0a0b046f1377cca') in 0.004008 seconds
Number of updated asset objects reloaded before import = 0
Number of asset objects unloaded after import = 8
========================================================================
Received Import Request.
  Time since last request: 0.000041 seconds.
  path: Assets/ModernSupermarket/Prefabs/Props/Produce/Lemon_ahopes_Pack01.prefab
  artifactKey: Guid(970e2594cf0ec0049b3af9042b61ce9b) Importer(2089858483,0ecaa5967403d082aa24f35e1b516d23)
Start importing Assets/ModernSupermarket/Prefabs/Props/Produce/Lemon_ahopes_Pack01.prefab using Guid(970e2594cf0ec0049b3af9042b61ce9b) Importer(2089858483,0ecaa5967403d082aa24f35e1b516d23) [PhysX] Initialized MultithreadedTaskDispatcher with 10 workers.
 -> (artifact id: 'c2cbb1d8df324f1f850f8986c4fb4c42') in 0.006863 seconds
Number of updated asset objects reloaded before import = 0
Number of asset objects unloaded after import = 8
========================================================================
Received Import Request.
  Time since last request: 0.000044 seconds.
  path: Assets/ModernSupermarket/Prefabs/Props/Products/Alcohol_eoojba.prefab
  artifactKey: Guid(9a0adaae9873df44b967e918bb86031d) Importer(2089858483,0ecaa5967403d082aa24f35e1b516d23)
Start importing Assets/ModernSupermarket/Prefabs/Props/Products/Alcohol_eoojba.prefab using Guid(9a0adaae9873df44b967e918bb86031d) Importer(2089858483,0ecaa5967403d082aa24f35e1b516d23) [PhysX] Initialized MultithreadedTaskDispatcher with 10 workers.
 -> (artifact id: 'a038e1d440af75ec19751ee79df8d97a') in 0.004224 seconds
Number of updated asset objects reloaded before import = 0
Number of asset objects unloaded after import = 8
========================================================================
Received Import Request.
  Time since last request: 0.000039 seconds.
  path: Assets/ModernSupermarket/Prefabs/Props/Products/Cake_p6lebj.prefab
  artifactKey: Guid(4ec80c4d940d238429262acceb089a72) Importer(2089858483,0ecaa5967403d082aa24f35e1b516d23)
Start importing Assets/ModernSupermarket/Prefabs/Props/Products/Cake_p6lebj.prefab using Guid(4ec80c4d940d238429262acceb089a72) Importer(2089858483,0ecaa5967403d082aa24f35e1b516d23) [PhysX] Initialized MultithreadedTaskDispatcher with 10 workers.
 -> (artifact id: '501c9971a5ec2799ed97f34752f41ef0') in 0.007361 seconds
Number of updated asset objects reloaded before import = 0
Number of asset objects unloaded after import = 8
========================================================================
Received Import Request.
  Time since last request: 0.000041 seconds.
  path: Assets/ModernSupermarket/Prefabs/Props/Produce/Artichoke_fdde0u_Crate.prefab
  artifactKey: Guid(e165e4e134457d84b8d6ffefedc348fa) Importer(2089858483,0ecaa5967403d082aa24f35e1b516d23)
Start importing Assets/ModernSupermarket/Prefabs/Props/Produce/Artichoke_fdde0u_Crate.prefab using Guid(e165e4e134457d84b8d6ffefedc348fa) Importer(2089858483,0ecaa5967403d082aa24f35e1b516d23) [PhysX] Initialized MultithreadedTaskDispatcher with 10 workers.
 -> (artifact id: '9fa7df2e906037ecf27c885d2944c746') in 0.002429 seconds
Number of updated asset objects reloaded before import = 0
Number of asset objects unloaded after import = 16
========================================================================
Received Import Request.
  Time since last request: 0.000058 seconds.
  path: Assets/ModernSupermarket/Prefabs/Props/Produce/Perry_fhz4xg_Crate.prefab
  artifactKey: Guid(4e31a18989743e647a4c3455fae85dd5) Importer(2089858483,0ecaa5967403d082aa24f35e1b516d23)
Start importing Assets/ModernSupermarket/Prefabs/Props/Produce/Perry_fhz4xg_Crate.prefab using Guid(4e31a18989743e647a4c3455fae85dd5) Importer(2089858483,0ecaa5967403d082aa24f35e1b516d23) [PhysX] Initialized MultithreadedTaskDispatcher with 10 workers.
 -> (artifact id: 'db4731ea6d090dbb04c50e7d4fdbf7a7') in 0.001843 seconds
Number of updated asset objects reloaded before import = 0
Number of asset objects unloaded after import = 16
========================================================================
Received Import Request.
  Time since last request: 0.000044 seconds.
  path: Assets/ModernSupermarket/Prefabs/Props/Produce/Potato_px2ht4_Pack01.prefab
  artifactKey: Guid(ec3e2ffb6bc340541bc3ba0d8d16f27e) Importer(2089858483,0ecaa5967403d082aa24f35e1b516d23)
Start importing Assets/ModernSupermarket/Prefabs/Props/Produce/Potato_px2ht4_Pack01.prefab using Guid(ec3e2ffb6bc340541bc3ba0d8d16f27e) Importer(2089858483,0ecaa5967403d082aa24f35e1b516d23) [PhysX] Initialized MultithreadedTaskDispatcher with 10 workers.
 -> (artifact id: 'f6f805b408669572f1cc795be98a3355') in 0.006160 seconds
Number of updated asset objects reloaded before import = 0
Number of asset objects unloaded after import = 8
========================================================================
Received Import Request.
  Time since last request: 0.000109 seconds.
  path: Assets/ModernSupermarket/Prefabs/Props/Produce/Apple_k7nzrr_Crate.prefab
  artifactKey: Guid(87a663d36cf8894408a79b1235f22141) Importer(2089858483,0ecaa5967403d082aa24f35e1b516d23)
Start importing Assets/ModernSupermarket/Prefabs/Props/Produce/Apple_k7nzrr_Crate.prefab using Guid(87a663d36cf8894408a79b1235f22141) Importer(2089858483,0ecaa5967403d082aa24f35e1b516d23) [PhysX] Initialized MultithreadedTaskDispatcher with 10 workers.
 -> (artifact id: '6c7cbb6744e46ddcd6e5ae77aafaba78') in 0.002341 seconds
Number of updated asset objects reloaded before import = 0
Number of asset objects unloaded after import = 16
========================================================================
Received Import Request.
  Time since last request: 0.000046 seconds.
  path: Assets/ModernSupermarket/Prefabs/Props/Produce/Perry_fhz4xg.prefab
  artifactKey: Guid(910a27d3dff807342bf80407e7014976) Importer(2089858483,0ecaa5967403d082aa24f35e1b516d23)
Start importing Assets/ModernSupermarket/Prefabs/Props/Produce/Perry_fhz4xg.prefab using Guid(910a27d3dff807342bf80407e7014976) Importer(2089858483,0ecaa5967403d082aa24f35e1b516d23) [PhysX] Initialized MultithreadedTaskDispatcher with 10 workers.
 -> (artifact id: '85deb27e887f04cd30d4ad26e6d95cb3') in 0.003999 seconds
Number of updated asset objects reloaded before import = 0
Number of asset objects unloaded after import = 8
========================================================================
Received Import Request.
  Time since last request: 0.000046 seconds.
  path: Assets/ModernSupermarket/Prefabs/Props/Produce/Grapefruit_mrfrpw.prefab
  artifactKey: Guid(c91c58ca9f7e30242969f6f813e748cf) Importer(2089858483,0ecaa5967403d082aa24f35e1b516d23)
Start importing Assets/ModernSupermarket/Prefabs/Props/Produce/Grapefruit_mrfrpw.prefab using Guid(c91c58ca9f7e30242969f6f813e748cf) Importer(2089858483,0ecaa5967403d082aa24f35e1b516d23) [PhysX] Initialized MultithreadedTaskDispatcher with 10 workers.
 -> (artifact id: 'cd53814e7e6555ab57297566bde52eed') in 0.003954 seconds
Number of updated asset objects reloaded before import = 0
Number of asset objects unloaded after import = 8
========================================================================
Received Import Request.
  Time since last request: 0.000043 seconds.
  path: Assets/ModernSupermarket/Prefabs/Props/Produce/Basket_o52iei_Full03.prefab
  artifactKey: Guid(3afb2e44edbd59543b9bd208f3893db9) Importer(2089858483,0ecaa5967403d082aa24f35e1b516d23)
Start importing Assets/ModernSupermarket/Prefabs/Props/Produce/Basket_o52iei_Full03.prefab using Guid(3afb2e44edbd59543b9bd208f3893db9) Importer(2089858483,0ecaa5967403d082aa24f35e1b516d23) [PhysX] Initialized MultithreadedTaskDispatcher with 10 workers.
 -> (artifact id: 'fafad0afe5bd017c249ecdca0dc9fda5') in 0.002239 seconds
Number of updated asset objects reloaded before import = 0
Number of asset objects unloaded after import = 28
========================================================================
Received Import Request.
  Time since last request: 0.000040 seconds.
  path: Assets/ModernSupermarket/Prefabs/Props/Products/Bleach_irrpnt_Pack01.prefab
  artifactKey: Guid(7ae853c018dd63540b50f870e2f72f63) Importer(2089858483,0ecaa5967403d082aa24f35e1b516d23)
Start importing Assets/ModernSupermarket/Prefabs/Props/Products/Bleach_irrpnt_Pack01.prefab using Guid(7ae853c018dd63540b50f870e2f72f63) Importer(2089858483,0ecaa5967403d082aa24f35e1b516d23) [PhysX] Initialized MultithreadedTaskDispatcher with 10 workers.
 -> (artifact id: 'ba52e4ce19180fe8a6851208a9b3ec09') in 0.004314 seconds
Number of updated asset objects reloaded before import = 0
Number of asset objects unloaded after import = 8
========================================================================
Received Import Request.
  Time since last request: 0.000055 seconds.
  path: Assets/ModernSupermarket/Prefabs/Props/Produce/Squash_0r6m5l.prefab
  artifactKey: Guid(07c6629e0ed69b944819f9cd9a427d78) Importer(2089858483,0ecaa5967403d082aa24f35e1b516d23)
Start importing Assets/ModernSupermarket/Prefabs/Props/Produce/Squash_0r6m5l.prefab using Guid(07c6629e0ed69b944819f9cd9a427d78) Importer(2089858483,0ecaa5967403d082aa24f35e1b516d23) [PhysX] Initialized MultithreadedTaskDispatcher with 10 workers.
 -> (artifact id: '7fe9769f3e4e0e96cc08262e3b6d3545') in 0.006021 seconds
Number of updated asset objects reloaded before import = 0
Number of asset objects unloaded after import = 8
========================================================================
Received Import Request.
  Time since last request: 0.000121 seconds.
  path: Assets/ModernSupermarket/Prefabs/Props/Products/Butter_5ttny6_Pack01.prefab
  artifactKey: Guid(7fbac2d34a5a1b6488ece24a4bdd032a) Importer(2089858483,0ecaa5967403d082aa24f35e1b516d23)
Start importing Assets/ModernSupermarket/Prefabs/Props/Products/Butter_5ttny6_Pack01.prefab using Guid(7fbac2d34a5a1b6488ece24a4bdd032a) Importer(2089858483,0ecaa5967403d082aa24f35e1b516d23) [PhysX] Initialized MultithreadedTaskDispatcher with 10 workers.
 -> (artifact id: 'ddda697590c3285faf7e7e38e7d7f147') in 0.003969 seconds
Number of updated asset objects reloaded before import = 0
Number of asset objects unloaded after import = 8
========================================================================
Received Import Request.
  Time since last request: 0.000035 seconds.
  path: Assets/ModernSupermarket/Prefabs/Props/Produce/Garlic_tkqeno_Pack01.prefab
  artifactKey: Guid(08fef7351cfe1cf4cbf4af6273cbea96) Importer(2089858483,0ecaa5967403d082aa24f35e1b516d23)
Start importing Assets/ModernSupermarket/Prefabs/Props/Produce/Garlic_tkqeno_Pack01.prefab using Guid(08fef7351cfe1cf4cbf4af6273cbea96) Importer(2089858483,0ecaa5967403d082aa24f35e1b516d23) [PhysX] Initialized MultithreadedTaskDispatcher with 10 workers.
 -> (artifact id: '42b95530841cc981481077540b26f5e9') in 0.004546 seconds
Number of updated asset objects reloaded before import = 0
Number of asset objects unloaded after import = 8
========================================================================
Received Import Request.
  Time since last request: 0.000039 seconds.
  path: Assets/ModernSupermarket/Prefabs/Props/Produce/Pumpkin_hjtgsa.prefab
  artifactKey: Guid(ab537325d57186c4395a3239ac80cd18) Importer(2089858483,0ecaa5967403d082aa24f35e1b516d23)
Start importing Assets/ModernSupermarket/Prefabs/Props/Produce/Pumpkin_hjtgsa.prefab using Guid(ab537325d57186c4395a3239ac80cd18) Importer(2089858483,0ecaa5967403d082aa24f35e1b516d23) [PhysX] Initialized MultithreadedTaskDispatcher with 10 workers.
 -> (artifact id: '4e12ce8b246ba34fed6951cba23a8bb1') in 0.003683 seconds
Number of updated asset objects reloaded before import = 0
Number of asset objects unloaded after import = 8
========================================================================
Received Import Request.
  Time since last request: 0.000070 seconds.
  path: Assets/ModernSupermarket/Prefabs/Props/Products/Bleach_irrpnt.prefab
  artifactKey: Guid(c6db090194bd0d64e983d905a17623f5) Importer(2089858483,0ecaa5967403d082aa24f35e1b516d23)
Start importing Assets/ModernSupermarket/Prefabs/Props/Products/Bleach_irrpnt.prefab using Guid(c6db090194bd0d64e983d905a17623f5) Importer(2089858483,0ecaa5967403d082aa24f35e1b516d23) [PhysX] Initialized MultithreadedTaskDispatcher with 10 workers.
 -> (artifact id: '5c2db954cbe22a88439bc610f16ff278') in 0.006557 seconds
Number of updated asset objects reloaded before import = 0
Number of asset objects unloaded after import = 8
========================================================================
Received Import Request.
  Time since last request: 0.000036 seconds.
  path: Assets/ModernSupermarket/Prefabs/Props/Produce/Carrot_i2roww_Crate.prefab
  artifactKey: Guid(92df3a78b0e1d9744a6193a1dd652514) Importer(2089858483,0ecaa5967403d082aa24f35e1b516d23)
Start importing Assets/ModernSupermarket/Prefabs/Props/Produce/Carrot_i2roww_Crate.prefab using Guid(92df3a78b0e1d9744a6193a1dd652514) Importer(2089858483,0ecaa5967403d082aa24f35e1b516d23) [PhysX] Initialized MultithreadedTaskDispatcher with 10 workers.
 -> (artifact id: '404443ef4888c489a19cef4952735108') in 0.001924 seconds
Number of updated asset objects reloaded before import = 0
Number of asset objects unloaded after import = 16
========================================================================
Received Import Request.
  Time since last request: 0.000031 seconds.
  path: Assets/ModernSupermarket/Prefabs/Props/Products/Book_bpxngl_03.prefab
  artifactKey: Guid(308f6e6e510550b4a92387b1bf3bf477) Importer(2089858483,0ecaa5967403d082aa24f35e1b516d23)
Start importing Assets/ModernSupermarket/Prefabs/Props/Products/Book_bpxngl_03.prefab using Guid(308f6e6e510550b4a92387b1bf3bf477) Importer(2089858483,0ecaa5967403d082aa24f35e1b516d23) [PhysX] Initialized MultithreadedTaskDispatcher with 10 workers.
 -> (artifact id: '74cc4a487fc63772699142b2174b1a2f') in 0.003551 seconds
Number of updated asset objects reloaded before import = 0
Number of asset objects unloaded after import = 8
========================================================================
Received Import Request.
  Time since last request: 0.000036 seconds.
  path: Assets/ModernSupermarket/Prefabs/Props/Products/Cake_a3h87k_Var01.prefab
  artifactKey: Guid(0a73becfe6be99e4e93315be92226d42) Importer(2089858483,0ecaa5967403d082aa24f35e1b516d23)
Start importing Assets/ModernSupermarket/Prefabs/Props/Products/Cake_a3h87k_Var01.prefab using Guid(0a73becfe6be99e4e93315be92226d42) Importer(2089858483,0ecaa5967403d082aa24f35e1b516d23) [PhysX] Initialized MultithreadedTaskDispatcher with 10 workers.
 -> (artifact id: '5073ab80c6d721f558594a45d7ce082b') in 0.003684 seconds
Number of updated asset objects reloaded before import = 0
Number of asset objects unloaded after import = 15
========================================================================
Received Import Request.
  Time since last request: 0.000064 seconds.
  path: Assets/ModernSupermarket/Prefabs/Props/Produce/Apple_yf18nm_Pack01.prefab
  artifactKey: Guid(3506e97b27d1a4c42a37660554193a62) Importer(2089858483,0ecaa5967403d082aa24f35e1b516d23)
Start importing Assets/ModernSupermarket/Prefabs/Props/Produce/Apple_yf18nm_Pack01.prefab using Guid(3506e97b27d1a4c42a37660554193a62) Importer(2089858483,0ecaa5967403d082aa24f35e1b516d23) [PhysX] Initialized MultithreadedTaskDispatcher with 10 workers.
 -> (artifact id: 'f7f7813711363b8aac388d38bca09c66') in 0.004128 seconds
Number of updated asset objects reloaded before import = 0
Number of asset objects unloaded after import = 8
========================================================================
Received Import Request.
  Time since last request: 0.000046 seconds.
  path: Assets/ModernSupermarket/Prefabs/Props/Produce/Apple_yf18nm_Crate.prefab
  artifactKey: Guid(5c11c0fa6b660334db805a7ad2708271) Importer(2089858483,0ecaa5967403d082aa24f35e1b516d23)
Start importing Assets/ModernSupermarket/Prefabs/Props/Produce/Apple_yf18nm_Crate.prefab using Guid(5c11c0fa6b660334db805a7ad2708271) Importer(2089858483,0ecaa5967403d082aa24f35e1b516d23) [PhysX] Initialized MultithreadedTaskDispatcher with 10 workers.
 -> (artifact id: '71afa372a3882f08588bd4207109d419') in 0.001884 seconds
Number of updated asset objects reloaded before import = 0
Number of asset objects unloaded after import = 16
========================================================================
Received Import Request.
  Time since last request: 0.000041 seconds.
  path: Assets/ModernSupermarket/Prefabs/Props/Products/BeerPack_74mugc_Var02.prefab
  artifactKey: Guid(0d8f2e1a69d7875479ce04ba176567bb) Importer(2089858483,0ecaa5967403d082aa24f35e1b516d23)
Start importing Assets/ModernSupermarket/Prefabs/Props/Products/BeerPack_74mugc_Var02.prefab using Guid(0d8f2e1a69d7875479ce04ba176567bb) Importer(2089858483,0ecaa5967403d082aa24f35e1b516d23) [PhysX] Initialized MultithreadedTaskDispatcher with 10 workers.
 -> (artifact id: '5f0a6063b881038347b7ca725c7cc4fd') in 0.006792 seconds
Number of updated asset objects reloaded before import = 0
Number of asset objects unloaded after import = 15
========================================================================
Received Import Request.
  Time since last request: 0.000035 seconds.
  path: Assets/ModernSupermarket/Prefabs/Props/Products/Bleach_irrpnt_Pack02.prefab
  artifactKey: Guid(c04116ccbdcd96b48950faf83840a5f8) Importer(2089858483,0ecaa5967403d082aa24f35e1b516d23)
Start importing Assets/ModernSupermarket/Prefabs/Props/Products/Bleach_irrpnt_Pack02.prefab using Guid(c04116ccbdcd96b48950faf83840a5f8) Importer(2089858483,0ecaa5967403d082aa24f35e1b516d23) [PhysX] Initialized MultithreadedTaskDispatcher with 10 workers.
 -> (artifact id: '42773d4e12b6e2ec82553168c72fb2c7') in 0.004639 seconds
Number of updated asset objects reloaded before import = 0
Number of asset objects unloaded after import = 8
========================================================================
Received Import Request.
  Time since last request: 0.000106 seconds.
  path: Assets/ModernSupermarket/Prefabs/Props/Produce/Basket_o52iei_Full05.prefab
  artifactKey: Guid(3da15251e93761545be7c973e0f9e86f) Importer(2089858483,0ecaa5967403d082aa24f35e1b516d23)
Start importing Assets/ModernSupermarket/Prefabs/Props/Produce/Basket_o52iei_Full05.prefab using Guid(3da15251e93761545be7c973e0f9e86f) Importer(2089858483,0ecaa5967403d082aa24f35e1b516d23) [PhysX] Initialized MultithreadedTaskDispatcher with 10 workers.
 -> (artifact id: '4457ced5b9942338c451363a77af3c9f') in 0.002547 seconds
Number of updated asset objects reloaded before import = 0
Number of asset objects unloaded after import = 28
========================================================================
Received Import Request.
  Time since last request: 0.000027 seconds.
  path: Assets/ModernSupermarket/Models/Furniture/Vent_9y3yo/Vent_9y3yod_Grid03.fbx
  artifactKey: Guid(d363b6e83cbde7c4e99b3ef1c0c7de0e) Importer(2089858483,0ecaa5967403d082aa24f35e1b516d23)
Start importing Assets/ModernSupermarket/Models/Furniture/Vent_9y3yo/Vent_9y3yod_Grid03.fbx using Guid(d363b6e83cbde7c4e99b3ef1c0c7de0e) Importer(2089858483,0ecaa5967403d082aa24f35e1b516d23) [PhysX] Initialized MultithreadedTaskDispatcher with 10 workers.
 -> (artifact id: '65d156ee7ebc0a2bf6f5c7d1f898786b') in 0.005045 seconds
Number of updated asset objects reloaded before import = 0
Number of asset objects unloaded after import = 7
========================================================================
Received Import Request.
  Time since last request: 0.000043 seconds.
  path: Assets/ModernSupermarket/Prefabs/Props/Produce/ChilliPeppers_w388hm_Var01.prefab
  artifactKey: Guid(9dd5addb8e31d1f4aba2178b0a1cf624) Importer(2089858483,0ecaa5967403d082aa24f35e1b516d23)
Start importing Assets/ModernSupermarket/Prefabs/Props/Produce/ChilliPeppers_w388hm_Var01.prefab using Guid(9dd5addb8e31d1f4aba2178b0a1cf624) Importer(2089858483,0ecaa5967403d082aa24f35e1b516d23) [PhysX] Initialized MultithreadedTaskDispatcher with 10 workers.
 -> (artifact id: '7b7c98432472bdc145fb9c25930ae652') in 0.007211 seconds
Number of updated asset objects reloaded before import = 0
Number of asset objects unloaded after import = 8
========================================================================
Received Import Request.
  Time since last request: 0.000080 seconds.
  path: Assets/ModernSupermarket/Prefabs/Props/Products/BeerPack_74mugc_Var01.prefab
  artifactKey: Guid(269436145912fe84b853be07329ff3dc) Importer(2089858483,0ecaa5967403d082aa24f35e1b516d23)
Start importing Assets/ModernSupermarket/Prefabs/Props/Products/BeerPack_74mugc_Var01.prefab using Guid(269436145912fe84b853be07329ff3dc) Importer(2089858483,0ecaa5967403d082aa24f35e1b516d23) [PhysX] Initialized MultithreadedTaskDispatcher with 10 workers.
 -> (artifact id: 'a2519c27e540db5cf1da5e6d7e314016') in 0.003902 seconds
Number of updated asset objects reloaded before import = 0
Number of asset objects unloaded after import = 15
========================================================================
Received Import Request.
  Time since last request: 0.000169 seconds.
  path: Assets/ModernSupermarket/Models/Furniture/Vent_9y3yo/Vent_9y3yod_Grid02.fbx
  artifactKey: Guid(c2b313ea736f81d43a2cbe1c5aeb56fe) Importer(2089858483,0ecaa5967403d082aa24f35e1b516d23)
Start importing Assets/ModernSupermarket/Models/Furniture/Vent_9y3yo/Vent_9y3yod_Grid02.fbx using Guid(c2b313ea736f81d43a2cbe1c5aeb56fe) Importer(2089858483,0ecaa5967403d082aa24f35e1b516d23) [PhysX] Initialized MultithreadedTaskDispatcher with 10 workers.
 -> (artifact id: '27a0070679390decc2433eaf5f34d766') in 0.005080 seconds
Number of updated asset objects reloaded before import = 0
Number of asset objects unloaded after import = 7
========================================================================
Received Import Request.
  Time since last request: 0.000087 seconds.
  path: Assets/ModernSupermarket/Prefabs/Props/Produce/Basket_o52iei_Full01.prefab
  artifactKey: Guid(47a5abc1cb7fd834c9baf59202675e25) Importer(2089858483,0ecaa5967403d082aa24f35e1b516d23)
Start importing Assets/ModernSupermarket/Prefabs/Props/Produce/Basket_o52iei_Full01.prefab using Guid(47a5abc1cb7fd834c9baf59202675e25) Importer(2089858483,0ecaa5967403d082aa24f35e1b516d23) [PhysX] Initialized MultithreadedTaskDispatcher with 10 workers.
 -> (artifact id: '439646b271f01a9ea81aa428449aa048') in 0.002317 seconds
Number of updated asset objects reloaded before import = 0
Number of asset objects unloaded after import = 28
========================================================================
Received Import Request.
  Time since last request: 0.000078 seconds.
  path: Assets/ModernSupermarket/Prefabs/Props/Products/Butter_5ttny6.prefab
  artifactKey: Guid(8c7773a9c7d6b6c4c9b33e87af8f2741) Importer(2089858483,0ecaa5967403d082aa24f35e1b516d23)
Start importing Assets/ModernSupermarket/Prefabs/Props/Products/Butter_5ttny6.prefab using Guid(8c7773a9c7d6b6c4c9b33e87af8f2741) Importer(2089858483,0ecaa5967403d082aa24f35e1b516d23) [PhysX] Initialized MultithreadedTaskDispatcher with 10 workers.
 -> (artifact id: 'e647fba585d1c42f592cd5874f46d759') in 0.006526 seconds
Number of updated asset objects reloaded before import = 0
Number of asset objects unloaded after import = 8
========================================================================
Received Import Request.
  Time since last request: 0.000091 seconds.
  path: Assets/ModernSupermarket/Prefabs/Props/Produce/Papaya_xt7unv_Pack01.prefab
  artifactKey: Guid(e74d17d233052884399c62a4532348e0) Importer(2089858483,0ecaa5967403d082aa24f35e1b516d23)
Start importing Assets/ModernSupermarket/Prefabs/Props/Produce/Papaya_xt7unv_Pack01.prefab using Guid(e74d17d233052884399c62a4532348e0) Importer(2089858483,0ecaa5967403d082aa24f35e1b516d23) [PhysX] Initialized MultithreadedTaskDispatcher with 10 workers.
 -> (artifact id: 'babdfe6acbbaa6a26c16cbd838dc42b4') in 0.004107 seconds
Number of updated asset objects reloaded before import = 0
Number of asset objects unloaded after import = 8
========================================================================
Received Import Request.
  Time since last request: 0.000073 seconds.
  path: Assets/ModernSupermarket/Prefabs/Props/Products/BeerKeg_byk96e_Pack02.prefab
  artifactKey: Guid(bf2f75e1c5fd85f43bff852384581d47) Importer(2089858483,0ecaa5967403d082aa24f35e1b516d23)
Start importing Assets/ModernSupermarket/Prefabs/Props/Products/BeerKeg_byk96e_Pack02.prefab using Guid(bf2f75e1c5fd85f43bff852384581d47) Importer(2089858483,0ecaa5967403d082aa24f35e1b516d23) [PhysX] Initialized MultithreadedTaskDispatcher with 10 workers.
 -> (artifact id: '2d895205ee171f846cd286f89e32363c') in 0.004939 seconds
Number of updated asset objects reloaded before import = 0
Number of asset objects unloaded after import = 8
========================================================================
Received Import Request.
  Time since last request: 0.000048 seconds.
  path: Assets/ModernSupermarket/Prefabs/Props/Products/Alcool_ao62w_Var01.prefab
  artifactKey: Guid(afe6c6ee8dbb3234daf7d91ff1d48b6c) Importer(2089858483,0ecaa5967403d082aa24f35e1b516d23)
Start importing Assets/ModernSupermarket/Prefabs/Props/Products/Alcool_ao62w_Var01.prefab using Guid(afe6c6ee8dbb3234daf7d91ff1d48b6c) Importer(2089858483,0ecaa5967403d082aa24f35e1b516d23) [PhysX] Initialized MultithreadedTaskDispatcher with 10 workers.
 -> (artifact id: 'f620beb235319264f71cdbfbe0b93d35') in 0.003788 seconds
Number of updated asset objects reloaded before import = 0
Number of asset objects unloaded after import = 15
========================================================================
Received Import Request.
  Time since last request: 0.000079 seconds.
  path: Assets/ModernSupermarket/Prefabs/Props/Produce/Banana_zjs4oz_Grape.prefab
  artifactKey: Guid(2b624d9f6b4506f42a08f4ba00ae89b6) Importer(2089858483,0ecaa5967403d082aa24f35e1b516d23)
Start importing Assets/ModernSupermarket/Prefabs/Props/Produce/Banana_zjs4oz_Grape.prefab using Guid(2b624d9f6b4506f42a08f4ba00ae89b6) Importer(2089858483,0ecaa5967403d082aa24f35e1b516d23) [PhysX] Initialized MultithreadedTaskDispatcher with 10 workers.
 -> (artifact id: '10f7a003b7e41e7fa4c86997835c3c0d') in 0.001976 seconds
Number of updated asset objects reloaded before import = 0
Number of asset objects unloaded after import = 25
========================================================================
Received Import Request.
  Time since last request: 0.000077 seconds.
  path: Assets/ModernSupermarket/Prefabs/Props/Products/BeerPack_74mugc_Pack01.prefab
  artifactKey: Guid(81f9077be4764384dbe87ddca5e7f880) Importer(2089858483,0ecaa5967403d082aa24f35e1b516d23)
Start importing Assets/ModernSupermarket/Prefabs/Props/Products/BeerPack_74mugc_Pack01.prefab using Guid(81f9077be4764384dbe87ddca5e7f880) Importer(2089858483,0ecaa5967403d082aa24f35e1b516d23) [PhysX] Initialized MultithreadedTaskDispatcher with 10 workers.
 -> (artifact id: '1032debe554a376931fa6e7ff9793f28') in 0.006809 seconds
Number of updated asset objects reloaded before import = 0
Number of asset objects unloaded after import = 8
========================================================================
Received Import Request.
  Time since last request: 0.000087 seconds.
  path: Assets/ModernSupermarket/Prefabs/Props/Products/Beer_lryra7_Pack01.prefab
  artifactKey: Guid(01cdda436a2b1324fa6ed7fcbf2e09a6) Importer(2089858483,0ecaa5967403d082aa24f35e1b516d23)
Start importing Assets/ModernSupermarket/Prefabs/Props/Products/Beer_lryra7_Pack01.prefab using Guid(01cdda436a2b1324fa6ed7fcbf2e09a6) Importer(2089858483,0ecaa5967403d082aa24f35e1b516d23) [PhysX] Initialized MultithreadedTaskDispatcher with 10 workers.
 -> (artifact id: '24a4490142ab202f403401c2fba88a3f') in 0.003841 seconds
Number of updated asset objects reloaded before import = 0
Number of asset objects unloaded after import = 8
========================================================================
Received Import Request.
  Time since last request: 0.000063 seconds.
  path: Assets/ModernSupermarket/Prefabs/Props/Produce/Watermelon_z0o9y3_Pack01.prefab
  artifactKey: Guid(eb9a960cb77638c4996944e23ccf211b) Importer(2089858483,0ecaa5967403d082aa24f35e1b516d23)
Start importing Assets/ModernSupermarket/Prefabs/Props/Produce/Watermelon_z0o9y3_Pack01.prefab using Guid(eb9a960cb77638c4996944e23ccf211b) Importer(2089858483,0ecaa5967403d082aa24f35e1b516d23) [PhysX] Initialized MultithreadedTaskDispatcher with 10 workers.
 -> (artifact id: '20e98b0843eb900fd93f16a5648384a4') in 0.003759 seconds
Number of updated asset objects reloaded before import = 0
Number of asset objects unloaded after import = 8
========================================================================
Received Import Request.
  Time since last request: 0.000061 seconds.
  path: Assets/ModernSupermarket/Prefabs/Props/Products/Alcohol_qi7uqv.prefab
  artifactKey: Guid(d0b72d8e138411342939f9de971f7127) Importer(2089858483,0ecaa5967403d082aa24f35e1b516d23)
Start importing Assets/ModernSupermarket/Prefabs/Props/Products/Alcohol_qi7uqv.prefab using Guid(d0b72d8e138411342939f9de971f7127) Importer(2089858483,0ecaa5967403d082aa24f35e1b516d23) [PhysX] Initialized MultithreadedTaskDispatcher with 10 workers.
 -> (artifact id: 'ef828bdfa4542d791ffe93f69db6d7f6') in 0.003971 seconds
Number of updated asset objects reloaded before import = 0
Number of asset objects unloaded after import = 8
========================================================================
Received Import Request.
  Time since last request: 0.000051 seconds.
  path: Assets/ModernSupermarket/Prefabs/Props/Produce/Basket_o52iei_Full04.prefab
  artifactKey: Guid(56c6dceb5058d1f40b02cf695bde4339) Importer(2089858483,0ecaa5967403d082aa24f35e1b516d23)
Start importing Assets/ModernSupermarket/Prefabs/Props/Produce/Basket_o52iei_Full04.prefab using Guid(56c6dceb5058d1f40b02cf695bde4339) Importer(2089858483,0ecaa5967403d082aa24f35e1b516d23) [PhysX] Initialized MultithreadedTaskDispatcher with 10 workers.
 -> (artifact id: 'b77d05cf003d901c639dce14d1983eba') in 0.002151 seconds
Number of updated asset objects reloaded before import = 0
Number of asset objects unloaded after import = 28
========================================================================
Received Import Request.
  Time since last request: 0.000030 seconds.
  path: Assets/ModernSupermarket/Prefabs/Props/Products/Alcohol_ao62w.prefab
  artifactKey: Guid(3b7af1bee6dbe7e4db8e18f9b585050d) Importer(2089858483,0ecaa5967403d082aa24f35e1b516d23)
Start importing Assets/ModernSupermarket/Prefabs/Props/Products/Alcohol_ao62w.prefab using Guid(3b7af1bee6dbe7e4db8e18f9b585050d) Importer(2089858483,0ecaa5967403d082aa24f35e1b516d23) [PhysX] Initialized MultithreadedTaskDispatcher with 10 workers.
 -> (artifact id: '092aa7f179cf00bb1f3b2ec26323413b') in 0.005824 seconds
Number of updated asset objects reloaded before import = 0
Number of asset objects unloaded after import = 8
========================================================================
Received Import Request.
  Time since last request: 0.000046 seconds.
  path: Assets/ModernSupermarket/Prefabs/Props/Products/Alcohol_tqkp8c_Pack01.prefab
  artifactKey: Guid(f844183feb880e343ad616a1fd7409f6) Importer(2089858483,0ecaa5967403d082aa24f35e1b516d23)
Start importing Assets/ModernSupermarket/Prefabs/Props/Products/Alcohol_tqkp8c_Pack01.prefab using Guid(f844183feb880e343ad616a1fd7409f6) Importer(2089858483,0ecaa5967403d082aa24f35e1b516d23) [PhysX] Initialized MultithreadedTaskDispatcher with 10 workers.
 -> (artifact id: '8512c5e138481402cc20398a19891f7f') in 0.004288 seconds
Number of updated asset objects reloaded before import = 0
Number of asset objects unloaded after import = 8
========================================================================
Received Import Request.
  Time since last request: 0.000059 seconds.
  path: Assets/ModernSupermarket/Prefabs/Props/Produce/Tomato_u9ceyc_Pack01.prefab
  artifactKey: Guid(9f84769c6623e6d429b419318c9310e8) Importer(2089858483,0ecaa5967403d082aa24f35e1b516d23)
Start importing Assets/ModernSupermarket/Prefabs/Props/Produce/Tomato_u9ceyc_Pack01.prefab using Guid(9f84769c6623e6d429b419318c9310e8) Importer(2089858483,0ecaa5967403d082aa24f35e1b516d23) [PhysX] Initialized MultithreadedTaskDispatcher with 10 workers.
 -> (artifact id: '2cbbfb60211cb072e3395b4390a72f7d') in 0.003803 seconds
Number of updated asset objects reloaded before import = 0
Number of asset objects unloaded after import = 8
========================================================================
Received Import Request.
  Time since last request: 0.000094 seconds.
  path: Assets/ModernSupermarket/Models/Furniture/Vent_9y3yo/Vent_9y3yod_Straight.fbx
  artifactKey: Guid(cde4780beba769b4d95112a0db7c8549) Importer(2089858483,0ecaa5967403d082aa24f35e1b516d23)
Start importing Assets/ModernSupermarket/Models/Furniture/Vent_9y3yo/Vent_9y3yod_Straight.fbx using Guid(cde4780beba769b4d95112a0db7c8549) Importer(2089858483,0ecaa5967403d082aa24f35e1b516d23) [PhysX] Initialized MultithreadedTaskDispatcher with 10 workers.
 -> (artifact id: '350f00c1895cb8e0ff1b118bbe892c58') in 0.007679 seconds
Number of updated asset objects reloaded before import = 0
Number of asset objects unloaded after import = 7
========================================================================
Received Import Request.
  Time since last request: 0.000067 seconds.
  path: Assets/ModernSupermarket/Prefabs/Props/Produce/Apple_k7nzrr.prefab
  artifactKey: Guid(bf2b421da8b721440a34a9e4848a4837) Importer(2089858483,0ecaa5967403d082aa24f35e1b516d23)
Start importing Assets/ModernSupermarket/Prefabs/Props/Produce/Apple_k7nzrr.prefab using Guid(bf2b421da8b721440a34a9e4848a4837) Importer(2089858483,0ecaa5967403d082aa24f35e1b516d23) [PhysX] Initialized MultithreadedTaskDispatcher with 10 workers.
 -> (artifact id: '88f1a6bbfa7a02ba4d2f7fb9e80fbf71') in 0.003950 seconds
Number of updated asset objects reloaded before import = 0
Number of asset objects unloaded after import = 8
========================================================================
Received Import Request.
  Time since last request: 0.000043 seconds.
  path: Assets/ModernSupermarket/Prefabs/Props/Produce/Mushroom_43xvit.prefab
  artifactKey: Guid(adeacc36b4d293d4aa804fbbe8f67449) Importer(2089858483,0ecaa5967403d082aa24f35e1b516d23)
Start importing Assets/ModernSupermarket/Prefabs/Props/Produce/Mushroom_43xvit.prefab using Guid(adeacc36b4d293d4aa804fbbe8f67449) Importer(2089858483,0ecaa5967403d082aa24f35e1b516d23) [PhysX] Initialized MultithreadedTaskDispatcher with 10 workers.
 -> (artifact id: 'e7ef40ebf191d77933ec3cd3c0aca318') in 0.003683 seconds
Number of updated asset objects reloaded before import = 0
Number of asset objects unloaded after import = 8
========================================================================
Received Import Request.
  Time since last request: 0.000063 seconds.
  path: Assets/ModernSupermarket/Prefabs/Props/Produce/Pineapple_c1vx80.prefab
  artifactKey: Guid(d354f60515d290f4e9dc76ba0fef2774) Importer(2089858483,0ecaa5967403d082aa24f35e1b516d23)
Start importing Assets/ModernSupermarket/Prefabs/Props/Produce/Pineapple_c1vx80.prefab using Guid(d354f60515d290f4e9dc76ba0fef2774) Importer(2089858483,0ecaa5967403d082aa24f35e1b516d23) [PhysX] Initialized MultithreadedTaskDispatcher with 10 workers.
 -> (artifact id: '1e469ed9b603fa4dda7155a550e666dc') in 0.003655 seconds
Number of updated asset objects reloaded before import = 0
Number of asset objects unloaded after import = 8
========================================================================
Received Import Request.
  Time since last request: 0.000069 seconds.
  path: Assets/ModernSupermarket/Prefabs/Props/Products/BeerKeg_byk96e_Var02.prefab
  artifactKey: Guid(14c5876ee30f48f47b0bf1705b308e93) Importer(2089858483,0ecaa5967403d082aa24f35e1b516d23)
Start importing Assets/ModernSupermarket/Prefabs/Props/Products/BeerKeg_byk96e_Var02.prefab using Guid(14c5876ee30f48f47b0bf1705b308e93) Importer(2089858483,0ecaa5967403d082aa24f35e1b516d23) [PhysX] Initialized MultithreadedTaskDispatcher with 10 workers.
 -> (artifact id: '80fd94c8ae4a188fb9a7ab068424f158') in 0.003503 seconds
Number of updated asset objects reloaded before import = 0
Number of asset objects unloaded after import = 8
========================================================================
Received Import Request.
  Time since last request: 1.759366 seconds.
  path: Assets/ModernSupermarket/Prefabs/Props/Products/CandyPack_qkmq5d_Pack01.prefab
  artifactKey: Guid(59cf28c41a7b8cf4b9b3b121ed211069) Importer(2089858483,0ecaa5967403d082aa24f35e1b516d23)
Start importing Assets/ModernSupermarket/Prefabs/Props/Products/CandyPack_qkmq5d_Pack01.prefab using Guid(59cf28c41a7b8cf4b9b3b121ed211069) Importer(2089858483,0ecaa5967403d082aa24f35e1b516d23) [PhysX] Initialized MultithreadedTaskDispatcher with 10 workers.
 -> (artifact id: '7b54ea3fe10290dd2e9416b83c42c4b5') in 0.012342 seconds
Number of updated asset objects reloaded before import = 0
Number of asset objects unloaded after import = 8
========================================================================
Received Import Request.
  Time since last request: 0.000206 seconds.
  path: Assets/ModernSupermarket/Prefabs/Props/Products/Decoration_3k4dyn_04.prefab
  artifactKey: Guid(61e92285ba2567f4e89fdd4a31cb3f04) Importer(2089858483,0ecaa5967403d082aa24f35e1b516d23)
Start importing Assets/ModernSupermarket/Prefabs/Props/Products/Decoration_3k4dyn_04.prefab using Guid(61e92285ba2567f4e89fdd4a31cb3f04) Importer(2089858483,0ecaa5967403d082aa24f35e1b516d23) [PhysX] Initialized MultithreadedTaskDispatcher with 10 workers.
 -> (artifact id: '30dac3dd3ea79226c759f63b0737cd28') in 0.006993 seconds
Number of updated asset objects reloaded before import = 0
Number of asset objects unloaded after import = 8
========================================================================
Received Import Request.
  Time since last request: 0.000036 seconds.
  path: Assets/ModernSupermarket/Prefabs/Props/Products/FrozenPack_xp713y.prefab
  artifactKey: Guid(a53c616ae0d683b419693c2753f3fa91) Importer(2089858483,0ecaa5967403d082aa24f35e1b516d23)
Start importing Assets/ModernSupermarket/Prefabs/Props/Products/FrozenPack_xp713y.prefab using Guid(a53c616ae0d683b419693c2753f3fa91) Importer(2089858483,0ecaa5967403d082aa24f35e1b516d23) [PhysX] Initialized MultithreadedTaskDispatcher with 10 workers.
 -> (artifact id: '46e6bd14210499dc8817ad560d19defa') in 0.004406 seconds
Number of updated asset objects reloaded before import = 0
Number of asset objects unloaded after import = 8
========================================================================
Received Import Request.
  Time since last request: 0.000051 seconds.
  path: Assets/ModernSupermarket/Prefabs/Props/Products/OldMetalBox_edzkm9.prefab
  artifactKey: Guid(1adcdff5512bb3640ae65758b5a6a916) Importer(2089858483,0ecaa5967403d082aa24f35e1b516d23)
Start importing Assets/ModernSupermarket/Prefabs/Props/Products/OldMetalBox_edzkm9.prefab using Guid(1adcdff5512bb3640ae65758b5a6a916) Importer(2089858483,0ecaa5967403d082aa24f35e1b516d23) [PhysX] Initialized MultithreadedTaskDispatcher with 10 workers.
 -> (artifact id: 'ff39597f2247e615d9c78c5ffedc9341') in 0.004636 seconds
Number of updated asset objects reloaded before import = 0
Number of asset objects unloaded after import = 8
========================================================================
Received Import Request.
  Time since last request: 0.000066 seconds.
  path: Assets/ModernSupermarket/Prefabs/Props/Products/FrozenPack_xp713y_Var01.prefab
  artifactKey: Guid(748655338a4694941ab566f9a5b34ae1) Importer(2089858483,0ecaa5967403d082aa24f35e1b516d23)
Start importing Assets/ModernSupermarket/Prefabs/Props/Products/FrozenPack_xp713y_Var01.prefab using Guid(748655338a4694941ab566f9a5b34ae1) Importer(2089858483,0ecaa5967403d082aa24f35e1b516d23) [PhysX] Initialized MultithreadedTaskDispatcher with 10 workers.
 -> (artifact id: '75b5c7546f17e9bcc920758520a1ed88') in 0.007062 seconds
Number of updated asset objects reloaded before import = 0
Number of asset objects unloaded after import = 15
========================================================================
Received Import Request.
  Time since last request: 0.000034 seconds.
  path: Assets/ModernSupermarket/Prefabs/Props/Products/Ham_wplnxm_Pack01_Var01.prefab
  artifactKey: Guid(918be1c85dca3f948afe777aa1a979e4) Importer(2089858483,0ecaa5967403d082aa24f35e1b516d23)
Start importing Assets/ModernSupermarket/Prefabs/Props/Products/Ham_wplnxm_Pack01_Var01.prefab using Guid(918be1c85dca3f948afe777aa1a979e4) Importer(2089858483,0ecaa5967403d082aa24f35e1b516d23) [PhysX] Initialized MultithreadedTaskDispatcher with 10 workers.
 -> (artifact id: '088ac0a6cc6d19fda49564ed4943b6a6') in 0.004888 seconds
Number of updated asset objects reloaded before import = 0
Number of asset objects unloaded after import = 15
========================================================================
Received Import Request.
  Time since last request: 0.000031 seconds.
  path: Assets/ModernSupermarket/Prefabs/Props/Products/Capsule_dchvzi_Pack01.prefab
  artifactKey: Guid(2ee2b387e432c8040bf1f0b888688398) Importer(2089858483,0ecaa5967403d082aa24f35e1b516d23)
Start importing Assets/ModernSupermarket/Prefabs/Props/Products/Capsule_dchvzi_Pack01.prefab using Guid(2ee2b387e432c8040bf1f0b888688398) Importer(2089858483,0ecaa5967403d082aa24f35e1b516d23) [PhysX] Initialized MultithreadedTaskDispatcher with 10 workers.
 -> (artifact id: 'f643d79b11e5c7d584b90b09b2ccd3a2') in 0.003806 seconds
Number of updated asset objects reloaded before import = 0
Number of asset objects unloaded after import = 8
========================================================================
Received Import Request.
  Time since last request: 0.000038 seconds.
  path: Assets/ModernSupermarket/Prefabs/Props/Products/MeatTray_dbf1nh_Pack01.prefab
  artifactKey: Guid(5eeadbff47195114ca10c97066cc4691) Importer(2089858483,0ecaa5967403d082aa24f35e1b516d23)
Start importing Assets/ModernSupermarket/Prefabs/Props/Products/MeatTray_dbf1nh_Pack01.prefab using Guid(5eeadbff47195114ca10c97066cc4691) Importer(2089858483,0ecaa5967403d082aa24f35e1b516d23) [PhysX] Initialized MultithreadedTaskDispatcher with 10 workers.
 -> (artifact id: 'a85d5b757f107f4d5b3d98afe9fd2705') in 0.006869 seconds
Number of updated asset objects reloaded before import = 0
Number of asset objects unloaded after import = 8
========================================================================
Received Import Request.
  Time since last request: 0.000031 seconds.
  path: Assets/ModernSupermarket/Prefabs/Props/Products/FrozenBox_vhvpd4_Pack01.prefab
  artifactKey: Guid(8f088eb85b3bc5a40b7e9081c8faf083) Importer(2089858483,0ecaa5967403d082aa24f35e1b516d23)
Start importing Assets/ModernSupermarket/Prefabs/Props/Products/FrozenBox_vhvpd4_Pack01.prefab using Guid(8f088eb85b3bc5a40b7e9081c8faf083) Importer(2089858483,0ecaa5967403d082aa24f35e1b516d23) [PhysX] Initialized MultithreadedTaskDispatcher with 10 workers.
 -> (artifact id: '9f26893dce9bc57365c1e2e9c17b04b4') in 0.004457 seconds
Number of updated asset objects reloaded before import = 0
Number of asset objects unloaded after import = 8
========================================================================
Received Import Request.
  Time since last request: 0.000039 seconds.
  path: Assets/ModernSupermarket/Prefabs/Props/Products/Cleanser_o964qg_Pack01.prefab
  artifactKey: Guid(9c039f663d5475240b04c3df7809489c) Importer(2089858483,0ecaa5967403d082aa24f35e1b516d23)
Start importing Assets/ModernSupermarket/Prefabs/Props/Products/Cleanser_o964qg_Pack01.prefab using Guid(9c039f663d5475240b04c3df7809489c) Importer(2089858483,0ecaa5967403d082aa24f35e1b516d23) [PhysX] Initialized MultithreadedTaskDispatcher with 10 workers.
 -> (artifact id: 'c93d453a4ee2f57a078a07e701417147') in 0.004769 seconds
Number of updated asset objects reloaded before import = 0
Number of asset objects unloaded after import = 8
========================================================================
Received Import Request.
  Time since last request: 0.000063 seconds.
  path: Assets/ModernSupermarket/Prefabs/Props/Products/Capsule_dchvzi.prefab
  artifactKey: Guid(2f000ac908c0fe84dbcd690233c13080) Importer(2089858483,0ecaa5967403d082aa24f35e1b516d23)
Start importing Assets/ModernSupermarket/Prefabs/Props/Products/Capsule_dchvzi.prefab using Guid(2f000ac908c0fe84dbcd690233c13080) Importer(2089858483,0ecaa5967403d082aa24f35e1b516d23) [PhysX] Initialized MultithreadedTaskDispatcher with 10 workers.
 -> (artifact id: '3cfef07a268106c3d54b496a0d71e705') in 0.003572 seconds
Number of updated asset objects reloaded before import = 0
Number of asset objects unloaded after import = 8
========================================================================
Received Import Request.
  Time since last request: 0.000038 seconds.
  path: Assets/ModernSupermarket/Prefabs/Props/Products/FrozenPack_t7wenh_Pack01_Var03.prefab
  artifactKey: Guid(5372135d6aa4c97458aabcfefa32bb74) Importer(2089858483,0ecaa5967403d082aa24f35e1b516d23)
Start importing Assets/ModernSupermarket/Prefabs/Props/Products/FrozenPack_t7wenh_Pack01_Var03.prefab using Guid(5372135d6aa4c97458aabcfefa32bb74) Importer(2089858483,0ecaa5967403d082aa24f35e1b516d23) [PhysX] Initialized MultithreadedTaskDispatcher with 10 workers.
 -> (artifact id: '41fd019b6249f6a0815a834cc10eaa71') in 0.007003 seconds
Number of updated asset objects reloaded before import = 0
Number of asset objects unloaded after import = 15
========================================================================
Received Import Request.
  Time since last request: 0.000031 seconds.
  path: Assets/ModernSupermarket/Prefabs/Props/Products/JuiceBrick_6ljfy3_Pack01.prefab
  artifactKey: Guid(2e7084b87f7cbff45847c29a6e5ebacd) Importer(2089858483,0ecaa5967403d082aa24f35e1b516d23)
Start importing Assets/ModernSupermarket/Prefabs/Props/Products/JuiceBrick_6ljfy3_Pack01.prefab using Guid(2e7084b87f7cbff45847c29a6e5ebacd) Importer(2089858483,0ecaa5967403d082aa24f35e1b516d23) [PhysX] Initialized MultithreadedTaskDispatcher with 10 workers.
 -> (artifact id: '406592714c77fee14f2017375f90a763') in 0.004800 seconds
Number of updated asset objects reloaded before import = 0
Number of asset objects unloaded after import = 8
========================================================================
Received Import Request.
  Time since last request: 0.000032 seconds.
  path: Assets/ModernSupermarket/Prefabs/Props/Products/Laundry_mm7gx5_Pack01_Var01.prefab
  artifactKey: Guid(dd77baa6e37b5ef45816b7ee33a495d6) Importer(2089858483,0ecaa5967403d082aa24f35e1b516d23)
Start importing Assets/ModernSupermarket/Prefabs/Props/Products/Laundry_mm7gx5_Pack01_Var01.prefab using Guid(dd77baa6e37b5ef45816b7ee33a495d6) Importer(2089858483,0ecaa5967403d082aa24f35e1b516d23) [PhysX] Initialized MultithreadedTaskDispatcher with 10 workers.
 -> (artifact id: '5b8d72680f2b6661cd81fdc0f3338bd0') in 0.004546 seconds
Number of updated asset objects reloaded before import = 0
Number of asset objects unloaded after import = 15
========================================================================
Received Import Request.
  Time since last request: 0.000032 seconds.
  path: Assets/ModernSupermarket/Prefabs/Props/Products/Cream_jatl5h_Var02.prefab
  artifactKey: Guid(8bd061c7821d8754d88c52cce24ba3da) Importer(2089858483,0ecaa5967403d082aa24f35e1b516d23)
Start importing Assets/ModernSupermarket/Prefabs/Props/Products/Cream_jatl5h_Var02.prefab using Guid(8bd061c7821d8754d88c52cce24ba3da) Importer(2089858483,0ecaa5967403d082aa24f35e1b516d23) [PhysX] Initialized MultithreadedTaskDispatcher with 10 workers.
 -> (artifact id: '6b8b5423480cdf6e2e2ff834e7ac9520') in 0.004566 seconds
Number of updated asset objects reloaded before import = 0
Number of asset objects unloaded after import = 15
========================================================================
Received Import Request.
  Time since last request: 0.000031 seconds.
  path: Assets/ModernSupermarket/Prefabs/Props/Products/Cream_jatl5h_Var01.prefab
  artifactKey: Guid(42e478381f5c92f4c8937722d77d95a8) Importer(2089858483,0ecaa5967403d082aa24f35e1b516d23)
Start importing Assets/ModernSupermarket/Prefabs/Props/Products/Cream_jatl5h_Var01.prefab using Guid(42e478381f5c92f4c8937722d77d95a8) Importer(2089858483,0ecaa5967403d082aa24f35e1b516d23) [PhysX] Initialized MultithreadedTaskDispatcher with 10 workers.
 -> (artifact id: '59bc6c8cd6de0b2afc12cae8259bc3d1') in 0.006488 seconds
Number of updated asset objects reloaded before import = 0
Number of asset objects unloaded after import = 15
========================================================================
Received Import Request.
  Time since last request: 0.000022 seconds.
  path: Assets/ModernSupermarket/Prefabs/Props/Products/Laundry_mm7gx5_Pack01_Var02.prefab
  artifactKey: Guid(c30a2a8e0ac67774fb3b3f88b4072e12) Importer(2089858483,0ecaa5967403d082aa24f35e1b516d23)
Start importing Assets/ModernSupermarket/Prefabs/Props/Products/Laundry_mm7gx5_Pack01_Var02.prefab using Guid(c30a2a8e0ac67774fb3b3f88b4072e12) Importer(2089858483,0ecaa5967403d082aa24f35e1b516d23) [PhysX] Initialized MultithreadedTaskDispatcher with 10 workers.
 -> (artifact id: 'cac88790c6656fdc454cf57b3e00d9e6') in 0.004344 seconds
Number of updated asset objects reloaded before import = 0
Number of asset objects unloaded after import = 15
========================================================================
Received Import Request.
  Time since last request: 0.000034 seconds.
  path: Assets/ModernSupermarket/Prefabs/Props/Products/Capsule_rk7lsf.prefab
  artifactKey: Guid(5bade6c594f9d48488c321dcfe5a09be) Importer(2089858483,0ecaa5967403d082aa24f35e1b516d23)
Start importing Assets/ModernSupermarket/Prefabs/Props/Products/Capsule_rk7lsf.prefab using Guid(5bade6c594f9d48488c321dcfe5a09be) Importer(2089858483,0ecaa5967403d082aa24f35e1b516d23) [PhysX] Initialized MultithreadedTaskDispatcher with 10 workers.
 -> (artifact id: '95d2e8e81a1aa43109b4b6120f4dbcf0') in 0.003639 seconds
Number of updated asset objects reloaded before import = 0
Number of asset objects unloaded after import = 8
========================================================================
Received Import Request.
  Time since last request: 0.000028 seconds.
  path: Assets/ModernSupermarket/Prefabs/Props/Products/ChocolatePowder_yqiogt.prefab
  artifactKey: Guid(1e8423ddadac4e046940412bf9ece277) Importer(2089858483,0ecaa5967403d082aa24f35e1b516d23)
Start importing Assets/ModernSupermarket/Prefabs/Props/Products/ChocolatePowder_yqiogt.prefab using Guid(1e8423ddadac4e046940412bf9ece277) Importer(2089858483,0ecaa5967403d082aa24f35e1b516d23) [PhysX] Initialized MultithreadedTaskDispatcher with 10 workers.
 -> (artifact id: '1a48c78a07e38e72e00f365748c67061') in 0.003571 seconds
Number of updated asset objects reloaded before import = 0
Number of asset objects unloaded after import = 8
========================================================================
Received Import Request.
  Time since last request: 0.000024 seconds.
  path: Assets/ModernSupermarket/Prefabs/Props/Products/Ham_wplnxm_Pack01.prefab
  artifactKey: Guid(c575196db0c276c489dbd25b02243794) Importer(2089858483,0ecaa5967403d082aa24f35e1b516d23)
Start importing Assets/ModernSupermarket/Prefabs/Props/Products/Ham_wplnxm_Pack01.prefab using Guid(c575196db0c276c489dbd25b02243794) Importer(2089858483,0ecaa5967403d082aa24f35e1b516d23) [PhysX] Initialized MultithreadedTaskDispatcher with 10 workers.
 -> (artifact id: 'a0aac7620e2dead69336fa8069e72718') in 0.005737 seconds
Number of updated asset objects reloaded before import = 0
Number of asset objects unloaded after import = 8
========================================================================
Received Import Request.
  Time since last request: 0.000176 seconds.
  path: Assets/ModernSupermarket/Prefabs/Props/Products/Laundry_mm7gx5_Var01.prefab
  artifactKey: Guid(8dfbde47ea311814ead96920c7144cf5) Importer(2089858483,0ecaa5967403d082aa24f35e1b516d23)
Start importing Assets/ModernSupermarket/Prefabs/Props/Products/Laundry_mm7gx5_Var01.prefab using Guid(8dfbde47ea311814ead96920c7144cf5) Importer(2089858483,0ecaa5967403d082aa24f35e1b516d23) [PhysX] Initialized MultithreadedTaskDispatcher with 10 workers.
 -> (artifact id: '8bce7b1ca390e5ade6f1c185a3146477') in 0.004215 seconds
Number of updated asset objects reloaded before import = 0
Number of asset objects unloaded after import = 15
========================================================================
Received Import Request.
  Time since last request: 0.000057 seconds.
  path: Assets/ModernSupermarket/Prefabs/Props/Products/MeatTray_fbw8xf.prefab
  artifactKey: Guid(070b6ec138857d74299ee0e067484135) Importer(2089858483,0ecaa5967403d082aa24f35e1b516d23)
Start importing Assets/ModernSupermarket/Prefabs/Props/Products/MeatTray_fbw8xf.prefab using Guid(070b6ec138857d74299ee0e067484135) Importer(2089858483,0ecaa5967403d082aa24f35e1b516d23) [PhysX] Initialized MultithreadedTaskDispatcher with 10 workers.
 -> (artifact id: '16f8e673ccf510379551e1313b27c933') in 0.004270 seconds
Number of updated asset objects reloaded before import = 0
Number of asset objects unloaded after import = 8
========================================================================
Received Import Request.
  Time since last request: 0.000037 seconds.
  path: Assets/ModernSupermarket/Prefabs/Props/Products/Oil_nutmjk_Pack01.prefab
  artifactKey: Guid(46d08d57317134d47a6b568bedd01f57) Importer(2089858483,0ecaa5967403d082aa24f35e1b516d23)
Start importing Assets/ModernSupermarket/Prefabs/Props/Products/Oil_nutmjk_Pack01.prefab using Guid(46d08d57317134d47a6b568bedd01f57) Importer(2089858483,0ecaa5967403d082aa24f35e1b516d23) [PhysX] Initialized MultithreadedTaskDispatcher with 10 workers.
 -> (artifact id: 'ee5b81da11813ced08e9b95b040ecf86') in 0.004086 seconds
Number of updated asset objects reloaded before import = 0
Number of asset objects unloaded after import = 8
========================================================================
Received Import Request.
  Time since last request: 0.000040 seconds.
  path: Assets/ModernSupermarket/Prefabs/Props/Products/Capsule_xrahaz_low.prefab
  artifactKey: Guid(033a04b1b625e684489cd930eb302092) Importer(2089858483,0ecaa5967403d082aa24f35e1b516d23)
Start importing Assets/ModernSupermarket/Prefabs/Props/Products/Capsule_xrahaz_low.prefab using Guid(033a04b1b625e684489cd930eb302092) Importer(2089858483,0ecaa5967403d082aa24f35e1b516d23) [PhysX] Initialized MultithreadedTaskDispatcher with 10 workers.
 -> (artifact id: 'c40bf59460ee0ae909e1485603516495') in 0.006438 seconds
Number of updated asset objects reloaded before import = 0
Number of asset objects unloaded after import = 8
========================================================================
Received Import Request.
  Time since last request: 0.000031 seconds.
  path: Assets/ModernSupermarket/Prefabs/Props/Products/Cereals_me9j99.prefab
  artifactKey: Guid(727381a80c9ddc14e844acb429a552e2) Importer(2089858483,0ecaa5967403d082aa24f35e1b516d23)
Start importing Assets/ModernSupermarket/Prefabs/Props/Products/Cereals_me9j99.prefab using Guid(727381a80c9ddc14e844acb429a552e2) Importer(2089858483,0ecaa5967403d082aa24f35e1b516d23) [PhysX] Initialized MultithreadedTaskDispatcher with 10 workers.
 -> (artifact id: '9ed79be97a72c018cc85c9e17c5b3dff') in 0.004141 seconds
Number of updated asset objects reloaded before import = 0
Number of asset objects unloaded after import = 8
========================================================================
Received Import Request.
  Time since last request: 0.000041 seconds.
  path: Assets/ModernSupermarket/Prefabs/Props/Products/Cleanser_o964qg_Pack01_Var01.prefab
  artifactKey: Guid(53815e9eac2c9be48b7dff7affbec0be) Importer(2089858483,0ecaa5967403d082aa24f35e1b516d23)
Start importing Assets/ModernSupermarket/Prefabs/Props/Products/Cleanser_o964qg_Pack01_Var01.prefab using Guid(53815e9eac2c9be48b7dff7affbec0be) Importer(2089858483,0ecaa5967403d082aa24f35e1b516d23) [PhysX] Initialized MultithreadedTaskDispatcher with 10 workers.
 -> (artifact id: '5f18d40e232765f71025d7050922c510') in 0.004123 seconds
Number of updated asset objects reloaded before import = 0
Number of asset objects unloaded after import = 15
========================================================================
Received Import Request.
  Time since last request: 0.000102 seconds.
  path: Assets/ModernSupermarket/Prefabs/Props/Products/FrozenPack_t7wenh_Var05.prefab
  artifactKey: Guid(6caf6192057592642886613d27f99e98) Importer(2089858483,0ecaa5967403d082aa24f35e1b516d23)
Start importing Assets/ModernSupermarket/Prefabs/Props/Products/FrozenPack_t7wenh_Var05.prefab using Guid(6caf6192057592642886613d27f99e98) Importer(2089858483,0ecaa5967403d082aa24f35e1b516d23) [PhysX] Initialized MultithreadedTaskDispatcher with 10 workers.
 -> (artifact id: 'a8ec5176ced8048709d2f78ddc08b8c1') in 0.004502 seconds
Number of updated asset objects reloaded before import = 0
Number of asset objects unloaded after import = 15
========================================================================
Received Import Request.
  Time since last request: 0.000027 seconds.
  path: Assets/ModernSupermarket/Prefabs/Props/Products/FrozenPack_t7wenh_Pack01_Var01.prefab
  artifactKey: Guid(d2724a8fbe9b3ba4db5fa2f01b6d37aa) Importer(2089858483,0ecaa5967403d082aa24f35e1b516d23)
Start importing Assets/ModernSupermarket/Prefabs/Props/Products/FrozenPack_t7wenh_Pack01_Var01.prefab using Guid(d2724a8fbe9b3ba4db5fa2f01b6d37aa) Importer(2089858483,0ecaa5967403d082aa24f35e1b516d23) [PhysX] Initialized MultithreadedTaskDispatcher with 10 workers.
 -> (artifact id: 'b68c45f7cb13dfa326e5aaf50d536f45') in 0.007131 seconds
Number of updated asset objects reloaded before import = 0
Number of asset objects unloaded after import = 15
========================================================================
Received Import Request.
  Time since last request: 0.000036 seconds.
  path: Assets/ModernSupermarket/Prefabs/Props/Products/Frozen_vhvpd4.prefab
  artifactKey: Guid(2003d1c96c98c1248b1016bdea165bb9) Importer(2089858483,0ecaa5967403d082aa24f35e1b516d23)
Start importing Assets/ModernSupermarket/Prefabs/Props/Products/Frozen_vhvpd4.prefab using Guid(2003d1c96c98c1248b1016bdea165bb9) Importer(2089858483,0ecaa5967403d082aa24f35e1b516d23) [PhysX] Initialized MultithreadedTaskDispatcher with 10 workers.
 -> (artifact id: 'd487816e9d1e40ae8a43fd5272f6c31d') in 0.003908 seconds
Number of updated asset objects reloaded before import = 0
Number of asset objects unloaded after import = 8
========================================================================
Received Import Request.
  Time since last request: 0.000049 seconds.
  path: Assets/ModernSupermarket/Prefabs/Props/Products/ChocolateSpread_xhkyij.prefab
  artifactKey: Guid(417d906534e8bec45ba6483b949e91f4) Importer(2089858483,0ecaa5967403d082aa24f35e1b516d23)
Start importing Assets/ModernSupermarket/Prefabs/Props/Products/ChocolateSpread_xhkyij.prefab using Guid(417d906534e8bec45ba6483b949e91f4) Importer(2089858483,0ecaa5967403d082aa24f35e1b516d23) [PhysX] Initialized MultithreadedTaskDispatcher with 10 workers.
 -> (artifact id: '52c9a1a8390325b9cd291320001eda36') in 0.004039 seconds
Number of updated asset objects reloaded before import = 0
Number of asset objects unloaded after import = 8
========================================================================
Received Import Request.
  Time since last request: 0.000036 seconds.
  path: Assets/ModernSupermarket/Prefabs/Props/Products/Decoration_3k4dyn_03.prefab
  artifactKey: Guid(b0d43d9d3b4835c49807b046beb2a38d) Importer(2089858483,0ecaa5967403d082aa24f35e1b516d23)
Start importing Assets/ModernSupermarket/Prefabs/Props/Products/Decoration_3k4dyn_03.prefab using Guid(b0d43d9d3b4835c49807b046beb2a38d) Importer(2089858483,0ecaa5967403d082aa24f35e1b516d23) [PhysX] Initialized MultithreadedTaskDispatcher with 10 workers.
 -> (artifact id: '085249bb179dcccfbd754907615fc7ae') in 0.006159 seconds
Number of updated asset objects reloaded before import = 0
Number of asset objects unloaded after import = 8
========================================================================
Received Import Request.
  Time since last request: 0.000033 seconds.
  path: Assets/ModernSupermarket/Prefabs/Props/Products/FrozenPack_xp713y_Pack01.prefab
  artifactKey: Guid(fd173e7871939654d947d0b68019216e) Importer(2089858483,0ecaa5967403d082aa24f35e1b516d23)
Start importing Assets/ModernSupermarket/Prefabs/Props/Products/FrozenPack_xp713y_Pack01.prefab using Guid(fd173e7871939654d947d0b68019216e) Importer(2089858483,0ecaa5967403d082aa24f35e1b516d23) [PhysX] Initialized MultithreadedTaskDispatcher with 10 workers.
 -> (artifact id: '8185e87f5231d7e9dc48d072c10861e7') in 0.004129 seconds
Number of updated asset objects reloaded before import = 0
Number of asset objects unloaded after import = 8
========================================================================
Received Import Request.
  Time since last request: 0.000038 seconds.
  path: Assets/ModernSupermarket/Prefabs/Props/Products/Ham_wplnxm_Var02.prefab
  artifactKey: Guid(375e58feb62549d4cb8df050fa0f8a77) Importer(2089858483,0ecaa5967403d082aa24f35e1b516d23)
Start importing Assets/ModernSupermarket/Prefabs/Props/Products/Ham_wplnxm_Var02.prefab using Guid(375e58feb62549d4cb8df050fa0f8a77) Importer(2089858483,0ecaa5967403d082aa24f35e1b516d23) [PhysX] Initialized MultithreadedTaskDispatcher with 10 workers.
 -> (artifact id: '4212e31edcd7f0580d4a49eabb05cd92') in 0.004230 seconds
Number of updated asset objects reloaded before import = 0
Number of asset objects unloaded after import = 15
========================================================================
Received Import Request.
  Time since last request: 0.000029 seconds.
  path: Assets/ModernSupermarket/Prefabs/Props/Products/Cream_jatl5h_Pack01_Var01.prefab
  artifactKey: Guid(174dbb2ecd2fb354aa5370dd3c78290d) Importer(2089858483,0ecaa5967403d082aa24f35e1b516d23)
Start importing Assets/ModernSupermarket/Prefabs/Props/Products/Cream_jatl5h_Pack01_Var01.prefab using Guid(174dbb2ecd2fb354aa5370dd3c78290d) Importer(2089858483,0ecaa5967403d082aa24f35e1b516d23) [PhysX] Initialized MultithreadedTaskDispatcher with 10 workers.
 -> (artifact id: 'dd0ec827ef12d7e7d6594c22920adf11') in 0.004256 seconds
Number of updated asset objects reloaded before import = 0
Number of asset objects unloaded after import = 15
========================================================================
Received Import Request.
  Time since last request: 0.000050 seconds.
  path: Assets/ModernSupermarket/Prefabs/Props/Products/FrozenBox_vhvpd4_Var02.prefab
  artifactKey: Guid(ec5e321690418f846b4b0c1790c33dca) Importer(2089858483,0ecaa5967403d082aa24f35e1b516d23)
Start importing Assets/ModernSupermarket/Prefabs/Props/Products/FrozenBox_vhvpd4_Var02.prefab using Guid(ec5e321690418f846b4b0c1790c33dca) Importer(2089858483,0ecaa5967403d082aa24f35e1b516d23) [PhysX] Initialized MultithreadedTaskDispatcher with 10 workers.
 -> (artifact id: 'ca94e8056b9cff583d683a1dbbd5ef7c') in 0.006323 seconds
Number of updated asset objects reloaded before import = 0
Number of asset objects unloaded after import = 15
========================================================================
Received Import Request.
  Time since last request: 0.000032 seconds.
  path: Assets/ModernSupermarket/Prefabs/Props/Products/Cheese_ipc281_Var01.prefab
  artifactKey: Guid(0b6686be9c5de654faa639d04e5fcbf3) Importer(2089858483,0ecaa5967403d082aa24f35e1b516d23)
Start importing Assets/ModernSupermarket/Prefabs/Props/Products/Cheese_ipc281_Var01.prefab using Guid(0b6686be9c5de654faa639d04e5fcbf3) Importer(2089858483,0ecaa5967403d082aa24f35e1b516d23) [PhysX] Initialized MultithreadedTaskDispatcher with 10 workers.
 -> (artifact id: 'ecf665c0ddad58fa063decf80e0f4275') in 0.003751 seconds
Number of updated asset objects reloaded before import = 0
Number of asset objects unloaded after import = 14
========================================================================
Received Import Request.
  Time since last request: 0.000035 seconds.
  path: Assets/ModernSupermarket/Prefabs/Props/Products/JuiceBrick_6ljfy3.prefab
  artifactKey: Guid(efc68ab3fc572434daaa2f8c26a68b80) Importer(2089858483,0ecaa5967403d082aa24f35e1b516d23)
Start importing Assets/ModernSupermarket/Prefabs/Props/Products/JuiceBrick_6ljfy3.prefab using Guid(efc68ab3fc572434daaa2f8c26a68b80) Importer(2089858483,0ecaa5967403d082aa24f35e1b516d23) [PhysX] Initialized MultithreadedTaskDispatcher with 10 workers.
 -> (artifact id: 'df7e0860e3d9ef2f31d3a5af587b2bb4') in 0.003653 seconds
Number of updated asset objects reloaded before import = 0
Number of asset objects unloaded after import = 8
========================================================================
Received Import Request.
  Time since last request: 0.000040 seconds.
  path: Assets/ModernSupermarket/Prefabs/Props/Products/Ham_wplnxm_Var01.prefab
  artifactKey: Guid(86bebc59bbf697443b2d2fe62f85fd9a) Importer(2089858483,0ecaa5967403d082aa24f35e1b516d23)
Start importing Assets/ModernSupermarket/Prefabs/Props/Products/Ham_wplnxm_Var01.prefab using Guid(86bebc59bbf697443b2d2fe62f85fd9a) Importer(2089858483,0ecaa5967403d082aa24f35e1b516d23) [PhysX] Initialized MultithreadedTaskDispatcher with 10 workers.
 -> (artifact id: 'a775f4d3c1a79e230486c235c53bbcbf') in 0.003844 seconds
Number of updated asset objects reloaded before import = 0
Number of asset objects unloaded after import = 14
========================================================================
Received Import Request.
  Time since last request: 0.000032 seconds.
  path: Assets/ModernSupermarket/Prefabs/Props/Products/Eggbox12x_7zw3j2_Pack01.prefab
  artifactKey: Guid(810e7da2a8d5de347a05ed2811d8313b) Importer(2089858483,0ecaa5967403d082aa24f35e1b516d23)
Start importing Assets/ModernSupermarket/Prefabs/Props/Products/Eggbox12x_7zw3j2_Pack01.prefab using Guid(810e7da2a8d5de347a05ed2811d8313b) Importer(2089858483,0ecaa5967403d082aa24f35e1b516d23) [PhysX] Initialized MultithreadedTaskDispatcher with 10 workers.
 -> (artifact id: '2d36aef6c03b22ddb7d08fed9cf619cd') in 0.007131 seconds
Number of updated asset objects reloaded before import = 0
Number of asset objects unloaded after import = 8
========================================================================
Received Import Request.
  Time since last request: 0.000032 seconds.
  path: Assets/ModernSupermarket/Prefabs/Props/Products/ChocolateBox_b94wj0.prefab
  artifactKey: Guid(be92cb976c242b349bf539a3b55a5b12) Importer(2089858483,0ecaa5967403d082aa24f35e1b516d23)
Start importing Assets/ModernSupermarket/Prefabs/Props/Products/ChocolateBox_b94wj0.prefab using Guid(be92cb976c242b349bf539a3b55a5b12) Importer(2089858483,0ecaa5967403d082aa24f35e1b516d23) [PhysX] Initialized MultithreadedTaskDispatcher with 10 workers.
 -> (artifact id: 'a54ed76ba7100e57f917d170edadb600') in 0.004606 seconds
Number of updated asset objects reloaded before import = 0
Number of asset objects unloaded after import = 8
========================================================================
Received Import Request.
  Time since last request: 0.000031 seconds.
  path: Assets/ModernSupermarket/Prefabs/Props/Products/Cheese_bn26cq_Var02.prefab
  artifactKey: Guid(c5f638dd73fde034f917979c7e24da0a) Importer(2089858483,0ecaa5967403d082aa24f35e1b516d23)
Start importing Assets/ModernSupermarket/Prefabs/Props/Products/Cheese_bn26cq_Var02.prefab using Guid(c5f638dd73fde034f917979c7e24da0a) Importer(2089858483,0ecaa5967403d082aa24f35e1b516d23) [PhysX] Initialized MultithreadedTaskDispatcher with 10 workers.
 -> (artifact id: '8b881e33bf7368b4e606c0d083c9a41e') in 0.004133 seconds
Number of updated asset objects reloaded before import = 0
Number of asset objects unloaded after import = 21
========================================================================
Received Import Request.
  Time since last request: 0.000043 seconds.
  path: Assets/ModernSupermarket/Prefabs/Props/Products/Laundry_mm7gx5.prefab
  artifactKey: Guid(8d05524d6be5e4c4c8e25f5a2bcb7172) Importer(2089858483,0ecaa5967403d082aa24f35e1b516d23)
Start importing Assets/ModernSupermarket/Prefabs/Props/Products/Laundry_mm7gx5.prefab using Guid(8d05524d6be5e4c4c8e25f5a2bcb7172) Importer(2089858483,0ecaa5967403d082aa24f35e1b516d23) [PhysX] Initialized MultithreadedTaskDispatcher with 10 workers.
 -> (artifact id: '017d291d2555e8a2479797ef5460269a') in 0.003086 seconds
Number of updated asset objects reloaded before import = 0
Number of asset objects unloaded after import = 8
========================================================================
Received Import Request.
  Time since last request: 0.000040 seconds.
  path: Assets/ModernSupermarket/Prefabs/Props/Products/Chips_w4tja8_Var03.prefab
  artifactKey: Guid(1c97f46f54e9dc343a38ad693a9bea09) Importer(2089858483,0ecaa5967403d082aa24f35e1b516d23)
Start importing Assets/ModernSupermarket/Prefabs/Props/Products/Chips_w4tja8_Var03.prefab using Guid(1c97f46f54e9dc343a38ad693a9bea09) Importer(2089858483,0ecaa5967403d082aa24f35e1b516d23) [PhysX] Initialized MultithreadedTaskDispatcher with 10 workers.
 -> (artifact id: '6f0fe5737c3850554a0358755242af18') in 0.006423 seconds
Number of updated asset objects reloaded before import = 0
Number of asset objects unloaded after import = 15
========================================================================
Received Import Request.
  Time since last request: 0.000246 seconds.
  path: Assets/ModernSupermarket/Prefabs/Props/Products/CrabSticks_mu7h0i_Pack01.prefab
  artifactKey: Guid(5495751fcf6f4e54ab62607953031383) Importer(2089858483,0ecaa5967403d082aa24f35e1b516d23)
Start importing Assets/ModernSupermarket/Prefabs/Props/Products/CrabSticks_mu7h0i_Pack01.prefab using Guid(5495751fcf6f4e54ab62607953031383) Importer(2089858483,0ecaa5967403d082aa24f35e1b516d23) [PhysX] Initialized MultithreadedTaskDispatcher with 10 workers.
 -> (artifact id: '2787a89871654d7ed2d1f48c57dfa769') in 0.004646 seconds
Number of updated asset objects reloaded before import = 0
Number of asset objects unloaded after import = 8
========================================================================
Received Import Request.
  Time since last request: 0.000047 seconds.
  path: Assets/ModernSupermarket/Prefabs/Props/Products/Oil_nutmjk.prefab
  artifactKey: Guid(47ba07d56bfa8b443a299232b8c4a588) Importer(2089858483,0ecaa5967403d082aa24f35e1b516d23)
Start importing Assets/ModernSupermarket/Prefabs/Props/Products/Oil_nutmjk.prefab using Guid(47ba07d56bfa8b443a299232b8c4a588) Importer(2089858483,0ecaa5967403d082aa24f35e1b516d23) [PhysX] Initialized MultithreadedTaskDispatcher with 10 workers.
 -> (artifact id: '6dd8bd2c583a1024553dca72e66da40a') in 0.003524 seconds
Number of updated asset objects reloaded before import = 0
Number of asset objects unloaded after import = 8
========================================================================
Received Import Request.
  Time since last request: 0.000096 seconds.
  path: Assets/ModernSupermarket/Prefabs/Props/Products/CansPack_f98qxo_Var01.prefab
  artifactKey: Guid(d474b66f05e3d5e4082ef44044f1c5bc) Importer(2089858483,0ecaa5967403d082aa24f35e1b516d23)
Start importing Assets/ModernSupermarket/Prefabs/Props/Products/CansPack_f98qxo_Var01.prefab using Guid(d474b66f05e3d5e4082ef44044f1c5bc) Importer(2089858483,0ecaa5967403d082aa24f35e1b516d23) [PhysX] Initialized MultithreadedTaskDispatcher with 10 workers.
 -> (artifact id: '6daa21d31c8dd26f6e7e5eef98284bd0') in 0.004322 seconds
Number of updated asset objects reloaded before import = 0
Number of asset objects unloaded after import = 15
========================================================================
Received Import Request.
  Time since last request: 0.000041 seconds.
  path: Assets/ModernSupermarket/Prefabs/Props/Products/CansPack_f98qxo.prefab
  artifactKey: Guid(5f7efea257e22ae41a365428c68d5a95) Importer(2089858483,0ecaa5967403d082aa24f35e1b516d23)
Start importing Assets/ModernSupermarket/Prefabs/Props/Products/CansPack_f98qxo.prefab using Guid(5f7efea257e22ae41a365428c68d5a95) Importer(2089858483,0ecaa5967403d082aa24f35e1b516d23) [PhysX] Initialized MultithreadedTaskDispatcher with 10 workers.
 -> (artifact id: 'c86e787d81c120dc1245d1722ee766af') in 0.005548 seconds
Number of updated asset objects reloaded before import = 0
Number of asset objects unloaded after import = 8
========================================================================
Received Import Request.
  Time since last request: 0.000034 seconds.
  path: Assets/ModernSupermarket/Prefabs/Props/Products/Paintings_wmgwnw_02.prefab
  artifactKey: Guid(da57a3187f4a27b478d4064531c775a2) Importer(2089858483,0ecaa5967403d082aa24f35e1b516d23)
Start importing Assets/ModernSupermarket/Prefabs/Props/Products/Paintings_wmgwnw_02.prefab using Guid(da57a3187f4a27b478d4064531c775a2) Importer(2089858483,0ecaa5967403d082aa24f35e1b516d23) [PhysX] Initialized MultithreadedTaskDispatcher with 10 workers.
 -> (artifact id: '445f831f6facbf73fdd8ddcee8f7f78a') in 0.004213 seconds
Number of updated asset objects reloaded before import = 0
Number of asset objects unloaded after import = 8
========================================================================
Received Import Request.
  Time since last request: 0.000031 seconds.
  path: Assets/ModernSupermarket/Prefabs/Props/Products/Ham_wplnxm_Pack02.prefab
  artifactKey: Guid(1f1562b2bd26f2643bddf9b1909df2bf) Importer(2089858483,0ecaa5967403d082aa24f35e1b516d23)
Start importing Assets/ModernSupermarket/Prefabs/Props/Products/Ham_wplnxm_Pack02.prefab using Guid(1f1562b2bd26f2643bddf9b1909df2bf) Importer(2089858483,0ecaa5967403d082aa24f35e1b516d23) [PhysX] Initialized MultithreadedTaskDispatcher with 10 workers.
 -> (artifact id: 'fd8eb59d08ff65eb38963d2ec768aa82') in 0.004128 seconds
Number of updated asset objects reloaded before import = 0
Number of asset objects unloaded after import = 8
========================================================================
Received Import Request.
  Time since last request: 0.000032 seconds.
  path: Assets/ModernSupermarket/Prefabs/Props/Products/Coffee_5uj6zk_Var01.prefab
  artifactKey: Guid(a4b37b31c46221146aaaeb49f95ccf31) Importer(2089858483,0ecaa5967403d082aa24f35e1b516d23)
Start importing Assets/ModernSupermarket/Prefabs/Props/Products/Coffee_5uj6zk_Var01.prefab using Guid(a4b37b31c46221146aaaeb49f95ccf31) Importer(2089858483,0ecaa5967403d082aa24f35e1b516d23) [PhysX] Initialized MultithreadedTaskDispatcher with 10 workers.
 -> (artifact id: '6de461f1c675af2dd130488120aaaefb') in 0.003906 seconds
Number of updated asset objects reloaded before import = 0
Number of asset objects unloaded after import = 15
========================================================================
Received Import Request.
  Time since last request: 0.000037 seconds.
  path: Assets/ModernSupermarket/Prefabs/Props/Products/FlourPack_ckgfmu.prefab
  artifactKey: Guid(f431c6be8e42c764abc05c7495b25e23) Importer(2089858483,0ecaa5967403d082aa24f35e1b516d23)
Start importing Assets/ModernSupermarket/Prefabs/Props/Products/FlourPack_ckgfmu.prefab using Guid(f431c6be8e42c764abc05c7495b25e23) Importer(2089858483,0ecaa5967403d082aa24f35e1b516d23) [PhysX] Initialized MultithreadedTaskDispatcher with 10 workers.
 -> (artifact id: '8dcf7caf2675ee8a8510fe18dd0c03f5') in 0.005959 seconds
Number of updated asset objects reloaded before import = 0
Number of asset objects unloaded after import = 8
========================================================================
Received Import Request.
  Time since last request: 0.000139 seconds.
  path: Assets/ModernSupermarket/Prefabs/Props/Products/Cream_jatl5h.prefab
  artifactKey: Guid(b75a639de963cc44796432df9decd17f) Importer(2089858483,0ecaa5967403d082aa24f35e1b516d23)
Start importing Assets/ModernSupermarket/Prefabs/Props/Products/Cream_jatl5h.prefab using Guid(b75a639de963cc44796432df9decd17f) Importer(2089858483,0ecaa5967403d082aa24f35e1b516d23) [PhysX] Initialized MultithreadedTaskDispatcher with 10 workers.
 -> (artifact id: '60adf15a491c0f54d3b55fe496a4cd1c') in 0.003604 seconds
Number of updated asset objects reloaded before import = 0
Number of asset objects unloaded after import = 8
========================================================================
Received Import Request.
  Time since last request: 0.000035 seconds.
  path: Assets/ModernSupermarket/Prefabs/Props/Products/Paintings_wmgwnw_03.prefab
  artifactKey: Guid(7ada5a4aa15b6f54c91651a6a9f82017) Importer(2089858483,0ecaa5967403d082aa24f35e1b516d23)
Start importing Assets/ModernSupermarket/Prefabs/Props/Products/Paintings_wmgwnw_03.prefab using Guid(7ada5a4aa15b6f54c91651a6a9f82017) Importer(2089858483,0ecaa5967403d082aa24f35e1b516d23) [PhysX] Initialized MultithreadedTaskDispatcher with 10 workers.
 -> (artifact id: '7866f07392da12bc8d8328e0bec0cc67') in 0.003688 seconds
Number of updated asset objects reloaded before import = 0
Number of asset objects unloaded after import = 8
========================================================================
Received Import Request.
  Time since last request: 0.000034 seconds.
  path: Assets/ModernSupermarket/Prefabs/Props/Products/FrozenPack_xp713y_Pack01_Var01.prefab
  artifactKey: Guid(7bfedd1127b17274792ae1487d4d3838) Importer(2089858483,0ecaa5967403d082aa24f35e1b516d23)
Start importing Assets/ModernSupermarket/Prefabs/Props/Products/FrozenPack_xp713y_Pack01_Var01.prefab using Guid(7bfedd1127b17274792ae1487d4d3838) Importer(2089858483,0ecaa5967403d082aa24f35e1b516d23) [PhysX] Initialized MultithreadedTaskDispatcher with 10 workers.
 -> (artifact id: '8baeec6809599beb177d9eebb1729bca') in 0.004372 seconds
Number of updated asset objects reloaded before import = 0
Number of asset objects unloaded after import = 15
========================================================================
Received Import Request.
  Time since last request: 0.000036 seconds.
  path: Assets/ModernSupermarket/Prefabs/Props/Products/Chicken_ozj6pn_Pack01.prefab
  artifactKey: Guid(6d2284e31055cac46bbf8c9806641a8a) Importer(2089858483,0ecaa5967403d082aa24f35e1b516d23)
Start importing Assets/ModernSupermarket/Prefabs/Props/Products/Chicken_ozj6pn_Pack01.prefab using Guid(6d2284e31055cac46bbf8c9806641a8a) Importer(2089858483,0ecaa5967403d082aa24f35e1b516d23) [PhysX] Initialized MultithreadedTaskDispatcher with 10 workers.
 -> (artifact id: 'a30cdb45c998dd4d953f4969a5dd4e4a') in 0.006744 seconds
Number of updated asset objects reloaded before import = 0
Number of asset objects unloaded after import = 8
========================================================================
Received Import Request.
  Time since last request: 0.000046 seconds.
  path: Assets/ModernSupermarket/Prefabs/Props/Products/Cleanser_o964qg_Var02.prefab
  artifactKey: Guid(241a0984a14a2574b93173f893f25de6) Importer(2089858483,0ecaa5967403d082aa24f35e1b516d23)
Start importing Assets/ModernSupermarket/Prefabs/Props/Products/Cleanser_o964qg_Var02.prefab using Guid(241a0984a14a2574b93173f893f25de6) Importer(2089858483,0ecaa5967403d082aa24f35e1b516d23) [PhysX] Initialized MultithreadedTaskDispatcher with 10 workers.
 -> (artifact id: 'a4a513b19a151b658ff7ed58bd33e8f4') in 0.004328 seconds
Number of updated asset objects reloaded before import = 0
Number of asset objects unloaded after import = 21
========================================================================
Received Import Request.
  Time since last request: 0.000034 seconds.
  path: Assets/ModernSupermarket/Prefabs/Props/Products/Cereals_me9j99_Var02.prefab
  artifactKey: Guid(e000e9fd918b8894483ee077c8b4c760) Importer(2089858483,0ecaa5967403d082aa24f35e1b516d23)
Start importing Assets/ModernSupermarket/Prefabs/Props/Products/Cereals_me9j99_Var02.prefab using Guid(e000e9fd918b8894483ee077c8b4c760) Importer(2089858483,0ecaa5967403d082aa24f35e1b516d23) [PhysX] Initialized MultithreadedTaskDispatcher with 10 workers.
 -> (artifact id: '2a2f2bd86f488a3bd99b2419ed3fc8ab') in 0.003788 seconds
Number of updated asset objects reloaded before import = 0
Number of asset objects unloaded after import = 15
========================================================================
Received Import Request.
  Time since last request: 0.000041 seconds.
  path: Assets/ModernSupermarket/Prefabs/Props/Products/MeatTray_bbcwdq_Pack01.prefab
  artifactKey: Guid(871192208123cd34791361df8f806720) Importer(2089858483,0ecaa5967403d082aa24f35e1b516d23)
Start importing Assets/ModernSupermarket/Prefabs/Props/Products/MeatTray_bbcwdq_Pack01.prefab using Guid(871192208123cd34791361df8f806720) Importer(2089858483,0ecaa5967403d082aa24f35e1b516d23) [PhysX] Initialized MultithreadedTaskDispatcher with 10 workers.
 -> (artifact id: '205c0a6de1657ff33f261209813fc6e5') in 0.004473 seconds
Number of updated asset objects reloaded before import = 0
Number of asset objects unloaded after import = 8
========================================================================
Received Import Request.
  Time since last request: 0.000031 seconds.
  path: Assets/ModernSupermarket/Prefabs/Props/Products/Eggbox8x_2zgq4h_Pack01.prefab
  artifactKey: Guid(5099a2482826db7469be67c7d709a406) Importer(2089858483,0ecaa5967403d082aa24f35e1b516d23)
Start importing Assets/ModernSupermarket/Prefabs/Props/Products/Eggbox8x_2zgq4h_Pack01.prefab using Guid(5099a2482826db7469be67c7d709a406) Importer(2089858483,0ecaa5967403d082aa24f35e1b516d23) [PhysX] Initialized MultithreadedTaskDispatcher with 10 workers.
 -> (artifact id: 'fbe367825c8ba5033c870b9b04025744') in 0.006793 seconds
Number of updated asset objects reloaded before import = 0
Number of asset objects unloaded after import = 8
========================================================================
Received Import Request.
  Time since last request: 0.000032 seconds.
  path: Assets/ModernSupermarket/Prefabs/Props/Products/Cleanser_o964qg_Var01.prefab
  artifactKey: Guid(3b51683b419832f4e85734b0b1f2092c) Importer(2089858483,0ecaa5967403d082aa24f35e1b516d23)
Start importing Assets/ModernSupermarket/Prefabs/Props/Products/Cleanser_o964qg_Var01.prefab using Guid(3b51683b419832f4e85734b0b1f2092c) Importer(2089858483,0ecaa5967403d082aa24f35e1b516d23) [PhysX] Initialized MultithreadedTaskDispatcher with 10 workers.
 -> (artifact id: '3d2608fd2270922816160c5d132f5009') in 0.003748 seconds
Number of updated asset objects reloaded before import = 0
Number of asset objects unloaded after import = 15
========================================================================
Received Import Request.
  Time since last request: 0.000032 seconds.
  path: Assets/ModernSupermarket/Prefabs/Props/Products/FlourPack_ckgfmu_Var02.prefab
  artifactKey: Guid(e5d09de59e2fece48919bc8f72b246c0) Importer(2089858483,0ecaa5967403d082aa24f35e1b516d23)
Start importing Assets/ModernSupermarket/Prefabs/Props/Products/FlourPack_ckgfmu_Var02.prefab using Guid(e5d09de59e2fece48919bc8f72b246c0) Importer(2089858483,0ecaa5967403d082aa24f35e1b516d23) [PhysX] Initialized MultithreadedTaskDispatcher with 10 workers.
 -> (artifact id: '9b66a4140e2fe3bcd981c0700802ac08') in 0.004879 seconds
Number of updated asset objects reloaded before import = 0
Number of asset objects unloaded after import = 23
========================================================================
Received Import Request.
  Time since last request: 0.000034 seconds.
  path: Assets/ModernSupermarket/Prefabs/Props/Products/FrozenBox_vhvpd4_Var01.prefab
  artifactKey: Guid(4d3fd664fa2aa3b46ba879ac1b576484) Importer(2089858483,0ecaa5967403d082aa24f35e1b516d23)
Start importing Assets/ModernSupermarket/Prefabs/Props/Products/FrozenBox_vhvpd4_Var01.prefab using Guid(4d3fd664fa2aa3b46ba879ac1b576484) Importer(2089858483,0ecaa5967403d082aa24f35e1b516d23) [PhysX] Initialized MultithreadedTaskDispatcher with 10 workers.
 -> (artifact id: '914802818269bb52d828a30fbe2e7488') in 0.004114 seconds
Number of updated asset objects reloaded before import = 0
Number of asset objects unloaded after import = 15
========================================================================
Received Import Request.
  Time since last request: 0.000032 seconds.
  path: Assets/ModernSupermarket/Prefabs/Props/Products/CrabSticks_mu7h0i.prefab
  artifactKey: Guid(c6011a36d7dc94c48ba9af7d7b4fa5c4) Importer(2089858483,0ecaa5967403d082aa24f35e1b516d23)
Start importing Assets/ModernSupermarket/Prefabs/Props/Products/CrabSticks_mu7h0i.prefab using Guid(c6011a36d7dc94c48ba9af7d7b4fa5c4) Importer(2089858483,0ecaa5967403d082aa24f35e1b516d23) [PhysX] Initialized MultithreadedTaskDispatcher with 10 workers.
 -> (artifact id: 'd34f285a26ff24d4bfe020682852f67e') in 0.006757 seconds
Number of updated asset objects reloaded before import = 0
Number of asset objects unloaded after import = 8
========================================================================
Received Import Request.
  Time since last request: 0.000037 seconds.
  path: Assets/ModernSupermarket/Prefabs/Props/Products/MashPotatoe_3n44xc_Pack01.prefab
  artifactKey: Guid(632862b46c7ba544f80e54da2351d9f2) Importer(2089858483,0ecaa5967403d082aa24f35e1b516d23)
Start importing Assets/ModernSupermarket/Prefabs/Props/Products/MashPotatoe_3n44xc_Pack01.prefab using Guid(632862b46c7ba544f80e54da2351d9f2) Importer(2089858483,0ecaa5967403d082aa24f35e1b516d23) [PhysX] Initialized MultithreadedTaskDispatcher with 10 workers.
 -> (artifact id: '68d7dc8a0879d363159dc80a18ee9bf2') in 0.004192 seconds
Number of updated asset objects reloaded before import = 0
Number of asset objects unloaded after import = 8
========================================================================
Received Import Request.
  Time since last request: 0.000032 seconds.
  path: Assets/ModernSupermarket/Prefabs/Props/Products/FlourPack_ckgfmu_Var01.prefab
  artifactKey: Guid(0a538973f977c6745bed02e2b8b1e7d7) Importer(2089858483,0ecaa5967403d082aa24f35e1b516d23)
Start importing Assets/ModernSupermarket/Prefabs/Props/Products/FlourPack_ckgfmu_Var01.prefab using Guid(0a538973f977c6745bed02e2b8b1e7d7) Importer(2089858483,0ecaa5967403d082aa24f35e1b516d23) [PhysX] Initialized MultithreadedTaskDispatcher with 10 workers.
 -> (artifact id: 'fe2ab83c95ff21264b32e50059333047') in 0.003949 seconds
Number of updated asset objects reloaded before import = 0
Number of asset objects unloaded after import = 16
========================================================================
Received Import Request.
  Time since last request: 0.000030 seconds.
  path: Assets/ModernSupermarket/Prefabs/Props/Products/ChocolateSpread_xhkyij_Var01.prefab
  artifactKey: Guid(ac53fafdc449be3439df31e03aa7d5d7) Importer(2089858483,0ecaa5967403d082aa24f35e1b516d23)
Start importing Assets/ModernSupermarket/Prefabs/Props/Products/ChocolateSpread_xhkyij_Var01.prefab using Guid(ac53fafdc449be3439df31e03aa7d5d7) Importer(2089858483,0ecaa5967403d082aa24f35e1b516d23) [PhysX] Initialized MultithreadedTaskDispatcher with 10 workers.
 -> (artifact id: 'e7c76c5c061d86c24673cad2f0ba1f06') in 0.006906 seconds
Number of updated asset objects reloaded before import = 0
Number of asset objects unloaded after import = 15
========================================================================
Received Import Request.
  Time since last request: 0.000108 seconds.
  path: Assets/ModernSupermarket/Prefabs/Props/Products/FrozenBox_vhvpd4_Pack04.prefab
  artifactKey: Guid(135a7cab58438ff41ad8e1675bcceeb7) Importer(2089858483,0ecaa5967403d082aa24f35e1b516d23)
Start importing Assets/ModernSupermarket/Prefabs/Props/Products/FrozenBox_vhvpd4_Pack04.prefab using Guid(135a7cab58438ff41ad8e1675bcceeb7) Importer(2089858483,0ecaa5967403d082aa24f35e1b516d23) [PhysX] Initialized MultithreadedTaskDispatcher with 10 workers.
 -> (artifact id: '8fe8bf7e5fb2d9df1d7e666b7ed8a21b') in 0.004257 seconds
Number of updated asset objects reloaded before import = 0
Number of asset objects unloaded after import = 8
========================================================================
Received Import Request.
  Time since last request: 0.000031 seconds.
  path: Assets/ModernSupermarket/Prefabs/Props/Products/Decoration_3k4dyn_05.prefab
  artifactKey: Guid(599778eafcaff394bacdc37cff12adea) Importer(2089858483,0ecaa5967403d082aa24f35e1b516d23)
Start importing Assets/ModernSupermarket/Prefabs/Props/Products/Decoration_3k4dyn_05.prefab using Guid(599778eafcaff394bacdc37cff12adea) Importer(2089858483,0ecaa5967403d082aa24f35e1b516d23) [PhysX] Initialized MultithreadedTaskDispatcher with 10 workers.
 -> (artifact id: 'f3f2dc04bfb067bfa73a75046b278c06') in 0.003634 seconds
Number of updated asset objects reloaded before import = 0
Number of asset objects unloaded after import = 8
========================================================================
Received Import Request.
  Time since last request: 0.000029 seconds.
  path: Assets/ModernSupermarket/Prefabs/Props/Products/Chips_w4tja8_Var01.prefab
  artifactKey: Guid(0fee34dc23205414eb29d269b1ec5648) Importer(2089858483,0ecaa5967403d082aa24f35e1b516d23)
Start importing Assets/ModernSupermarket/Prefabs/Props/Products/Chips_w4tja8_Var01.prefab using Guid(0fee34dc23205414eb29d269b1ec5648) Importer(2089858483,0ecaa5967403d082aa24f35e1b516d23) [PhysX] Initialized MultithreadedTaskDispatcher with 10 workers.
 -> (artifact id: '854ae21c6ce5a78f3ab232c0760230b8') in 0.003609 seconds
Number of updated asset objects reloaded before import = 0
Number of asset objects unloaded after import = 8
========================================================================
Received Import Request.
  Time since last request: 0.000028 seconds.
  path: Assets/ModernSupermarket/Prefabs/Props/Products/CansPack_f98qxo_Pack02.prefab
  artifactKey: Guid(57bb128e2d7140d4b8115b37c30821cc) Importer(2089858483,0ecaa5967403d082aa24f35e1b516d23)
Start importing Assets/ModernSupermarket/Prefabs/Props/Products/CansPack_f98qxo_Pack02.prefab using Guid(57bb128e2d7140d4b8115b37c30821cc) Importer(2089858483,0ecaa5967403d082aa24f35e1b516d23) [PhysX] Initialized MultithreadedTaskDispatcher with 10 workers.
 -> (artifact id: '195aeeb26b5a0c35ec499aa647fb88fc') in 0.007894 seconds
Number of updated asset objects reloaded before import = 0
Number of asset objects unloaded after import = 8
========================================================================
Received Import Request.
  Time since last request: 0.000038 seconds.
  path: Assets/ModernSupermarket/Prefabs/Props/Products/FrozenPack_t7wenh_Var01.prefab
  artifactKey: Guid(521272ae4057ae74bb422cd3a2591389) Importer(2089858483,0ecaa5967403d082aa24f35e1b516d23)
Start importing Assets/ModernSupermarket/Prefabs/Props/Products/FrozenPack_t7wenh_Var01.prefab using Guid(521272ae4057ae74bb422cd3a2591389) Importer(2089858483,0ecaa5967403d082aa24f35e1b516d23) [PhysX] Initialized MultithreadedTaskDispatcher with 10 workers.
 -> (artifact id: 'db9f230d7f336ee207478734baacf607') in 0.004220 seconds
Number of updated asset objects reloaded before import = 0
Number of asset objects unloaded after import = 15
========================================================================
Received Import Request.
  Time since last request: 0.000034 seconds.
  path: Assets/ModernSupermarket/Prefabs/Props/Products/Cleanser_7dsib5.prefab
  artifactKey: Guid(9311eb6a71fba1f469d0761af0447c1a) Importer(2089858483,0ecaa5967403d082aa24f35e1b516d23)
Start importing Assets/ModernSupermarket/Prefabs/Props/Products/Cleanser_7dsib5.prefab using Guid(9311eb6a71fba1f469d0761af0447c1a) Importer(2089858483,0ecaa5967403d082aa24f35e1b516d23) [PhysX] Initialized MultithreadedTaskDispatcher with 10 workers.
 -> (artifact id: 'ef7c88e71c47c395461bf9bb8ee05b70') in 0.003566 seconds
Number of updated asset objects reloaded before import = 0
Number of asset objects unloaded after import = 8
========================================================================
Received Import Request.
  Time since last request: 0.000045 seconds.
  path: Assets/ModernSupermarket/Prefabs/Props/Products/Cheese_bn26cq_Var01.prefab
  artifactKey: Guid(d95be38afc74ad341961c8b9c718df38) Importer(2089858483,0ecaa5967403d082aa24f35e1b516d23)
Start importing Assets/ModernSupermarket/Prefabs/Props/Products/Cheese_bn26cq_Var01.prefab using Guid(d95be38afc74ad341961c8b9c718df38) Importer(2089858483,0ecaa5967403d082aa24f35e1b516d23) [PhysX] Initialized MultithreadedTaskDispatcher with 10 workers.
 -> (artifact id: 'da057430873cffd2f425e9810c92b458') in 0.003601 seconds
Number of updated asset objects reloaded before import = 0
Number of asset objects unloaded after import = 15
========================================================================
Received Import Request.
  Time since last request: 0.000053 seconds.
  path: Assets/ModernSupermarket/Prefabs/Props/Products/MeatTray_fbw8xf_Pack01.prefab
  artifactKey: Guid(fced27e9ce320ee45a49ecbd04810174) Importer(2089858483,0ecaa5967403d082aa24f35e1b516d23)
Start importing Assets/ModernSupermarket/Prefabs/Props/Products/MeatTray_fbw8xf_Pack01.prefab using Guid(fced27e9ce320ee45a49ecbd04810174) Importer(2089858483,0ecaa5967403d082aa24f35e1b516d23) [PhysX] Initialized MultithreadedTaskDispatcher with 10 workers.
 -> (artifact id: '6b4892b8658869aad501ab894fe869e7') in 0.007195 seconds
Number of updated asset objects reloaded before import = 0
Number of asset objects unloaded after import = 8
========================================================================
Received Import Request.
  Time since last request: 0.000035 seconds.
  path: Assets/ModernSupermarket/Prefabs/Props/Products/Decoration_3k4dyn_02.prefab
  artifactKey: Guid(bd00bd92bfc72e54d9d5baa2ca114e27) Importer(2089858483,0ecaa5967403d082aa24f35e1b516d23)
Start importing Assets/ModernSupermarket/Prefabs/Props/Products/Decoration_3k4dyn_02.prefab using Guid(bd00bd92bfc72e54d9d5baa2ca114e27) Importer(2089858483,0ecaa5967403d082aa24f35e1b516d23) [PhysX] Initialized MultithreadedTaskDispatcher with 10 workers.
 -> (artifact id: 'f47e92d15b797b293535ce4d4cee90ed') in 0.003940 seconds
Number of updated asset objects reloaded before import = 0
Number of asset objects unloaded after import = 8
========================================================================
Received Import Request.
  Time since last request: 1.563750 seconds.
  path: Assets/ModernSupermarket/Prefabs/Props/Products/PaperTowel_b8o0yi.prefab
  artifactKey: Guid(af3fddf35f711cd4d829d9bf46663596) Importer(2089858483,0ecaa5967403d082aa24f35e1b516d23)
Start importing Assets/ModernSupermarket/Prefabs/Props/Products/PaperTowel_b8o0yi.prefab using Guid(af3fddf35f711cd4d829d9bf46663596) Importer(2089858483,0ecaa5967403d082aa24f35e1b516d23) [PhysX] Initialized MultithreadedTaskDispatcher with 10 workers.
 -> (artifact id: '9ce106e06561df80b73135f19e7ee0bc') in 0.014604 seconds
Number of updated asset objects reloaded before import = 0
Number of asset objects unloaded after import = 8
========================================================================
Received Import Request.
  Time since last request: 0.000146 seconds.
  path: Assets/ModernSupermarket/Prefabs/Props/Products/Teabox_5oq0ki.prefab
  artifactKey: Guid(57984c482ade36749be036a2e470fa60) Importer(2089858483,0ecaa5967403d082aa24f35e1b516d23)
Start importing Assets/ModernSupermarket/Prefabs/Props/Products/Teabox_5oq0ki.prefab using Guid(57984c482ade36749be036a2e470fa60) Importer(2089858483,0ecaa5967403d082aa24f35e1b516d23) [PhysX] Initialized MultithreadedTaskDispatcher with 10 workers.
 -> (artifact id: '3a46c5afd5fc2da72b68fb6b2c7deb9d') in 0.005524 seconds
Number of updated asset objects reloaded before import = 0
Number of asset objects unloaded after import = 8
========================================================================
Received Import Request.
  Time since last request: 0.000064 seconds.
  path: Assets/ModernSupermarket/Prefabs/Props/Products/PetFood_3pjwif.prefab
  artifactKey: Guid(19a527e8e5fad0145b955959ce2c5d49) Importer(2089858483,0ecaa5967403d082aa24f35e1b516d23)
Start importing Assets/ModernSupermarket/Prefabs/Props/Products/PetFood_3pjwif.prefab using Guid(19a527e8e5fad0145b955959ce2c5d49) Importer(2089858483,0ecaa5967403d082aa24f35e1b516d23) [PhysX] Initialized MultithreadedTaskDispatcher with 10 workers.
 -> (artifact id: '8d5fc2a90422896b58f4a17529940efc') in 0.009654 seconds
Number of updated asset objects reloaded before import = 0
Number of asset objects unloaded after import = 8
========================================================================
Received Import Request.
  Time since last request: 0.000044 seconds.
  path: Assets/ModernSupermarket/Prefabs/Props/Products/Shampoo_vimakk.prefab
  artifactKey: Guid(c35f656580b483644a2227cac1c4505e) Importer(2089858483,0ecaa5967403d082aa24f35e1b516d23)
Start importing Assets/ModernSupermarket/Prefabs/Props/Products/Shampoo_vimakk.prefab using Guid(c35f656580b483644a2227cac1c4505e) Importer(2089858483,0ecaa5967403d082aa24f35e1b516d23) [PhysX] Initialized MultithreadedTaskDispatcher with 10 workers.
 -> (artifact id: '9f2f8bae894339e50ba93f764bb49b82') in 0.005226 seconds
Number of updated asset objects reloaded before import = 0
Number of asset objects unloaded after import = 8
========================================================================
Received Import Request.
  Time since last request: 0.000050 seconds.
  path: Assets/ModernSupermarket/Scenes/Scene_Supermarket/Supermarket/Lightmap-0_comp_dir.png
  artifactKey: Guid(d56276558dcece940a8047cf3891a701) Importer(2089858483,0ecaa5967403d082aa24f35e1b516d23)
Start importing Assets/ModernSupermarket/Scenes/Scene_Supermarket/Supermarket/Lightmap-0_comp_dir.png using Guid(d56276558dcece940a8047cf3891a701) Importer(2089858483,0ecaa5967403d082aa24f35e1b516d23) [PhysX] Initialized MultithreadedTaskDispatcher with 10 workers.
 -> (artifact id: '68ed44c6f00bb136e419b9b35cf6cc52') in 0.019516 seconds
Number of updated asset objects reloaded before import = 0
Number of asset objects unloaded after import = 1
========================================================================
Received Import Request.
  Time since last request: 0.000034 seconds.
  path: Assets/ModernSupermarket/Prefabs/Props/Utility/Crate_3m39yzVar02.prefab
  artifactKey: Guid(0d5467062b021ad4c8f34710a46b1cf8) Importer(2089858483,0ecaa5967403d082aa24f35e1b516d23)
Start importing Assets/ModernSupermarket/Prefabs/Props/Utility/Crate_3m39yzVar02.prefab using Guid(0d5467062b021ad4c8f34710a46b1cf8) Importer(2089858483,0ecaa5967403d082aa24f35e1b516d23) [PhysX] Initialized MultithreadedTaskDispatcher with 10 workers.
 -> (artifact id: '21641917171ca821709bea3693c16b8c') in 0.005137 seconds
Number of updated asset objects reloaded before import = 0
Number of asset objects unloaded after import = 21
========================================================================
Received Import Request.
  Time since last request: 0.000036 seconds.
  path: Assets/ModernSupermarket/Prefabs/Props/Products/Soap_eegrv7_Pack01_Var01.prefab
  artifactKey: Guid(9f53b5ef2887e8d4d957972b5e0f97e5) Importer(2089858483,0ecaa5967403d082aa24f35e1b516d23)
Start importing Assets/ModernSupermarket/Prefabs/Props/Products/Soap_eegrv7_Pack01_Var01.prefab using Guid(9f53b5ef2887e8d4d957972b5e0f97e5) Importer(2089858483,0ecaa5967403d082aa24f35e1b516d23) [PhysX] Initialized MultithreadedTaskDispatcher with 10 workers.
 -> (artifact id: '42ca02371425986fbd7117c1decd23a9') in 0.007365 seconds
Number of updated asset objects reloaded before import = 0
Number of asset objects unloaded after import = 15
========================================================================
Received Import Request.
  Time since last request: 0.000035 seconds.
  path: Assets/ModernSupermarket/Prefabs/Props/Products/Toothpaste_duqkf2_Pack01.prefab
  artifactKey: Guid(230f7659e8b02124aac28cdcd77abcb2) Importer(2089858483,0ecaa5967403d082aa24f35e1b516d23)
Start importing Assets/ModernSupermarket/Prefabs/Props/Products/Toothpaste_duqkf2_Pack01.prefab using Guid(230f7659e8b02124aac28cdcd77abcb2) Importer(2089858483,0ecaa5967403d082aa24f35e1b516d23) [PhysX] Initialized MultithreadedTaskDispatcher with 10 workers.
 -> (artifact id: '632342f161305291dfab649a510f0aea') in 0.004254 seconds
Number of updated asset objects reloaded before import = 0
Number of asset objects unloaded after import = 8
========================================================================
Received Import Request.
  Time since last request: 0.000030 seconds.
  path: Assets/ModernSupermarket/Prefabs/Props/Products/Salt_9we170_Pack01.prefab
  artifactKey: Guid(c73376a1998bd1c49896a76fbe19296f) Importer(2089858483,0ecaa5967403d082aa24f35e1b516d23)
Start importing Assets/ModernSupermarket/Prefabs/Props/Products/Salt_9we170_Pack01.prefab using Guid(c73376a1998bd1c49896a76fbe19296f) Importer(2089858483,0ecaa5967403d082aa24f35e1b516d23) [PhysX] Initialized MultithreadedTaskDispatcher with 10 workers.
 -> (artifact id: 'f7b10e3ccbb69d663f98c3748b1f7345') in 0.004193 seconds
Number of updated asset objects reloaded before import = 0
Number of asset objects unloaded after import = 8
========================================================================
Received Import Request.
  Time since last request: 0.000038 seconds.
  path: Assets/ModernSupermarket/Prefabs/Props/Products/Pizza_ehb1pe_Var01.prefab
  artifactKey: Guid(c46e742c592dcda4f8f9eff6504c3353) Importer(2089858483,0ecaa5967403d082aa24f35e1b516d23)
Start importing Assets/ModernSupermarket/Prefabs/Props/Products/Pizza_ehb1pe_Var01.prefab using Guid(c46e742c592dcda4f8f9eff6504c3353) Importer(2089858483,0ecaa5967403d082aa24f35e1b516d23) [PhysX] Initialized MultithreadedTaskDispatcher with 10 workers.
 -> (artifact id: '3356072312f0243379fed4649f7517c6') in 0.003996 seconds
Number of updated asset objects reloaded before import = 0
Number of asset objects unloaded after import = 15
========================================================================
Received Import Request.
  Time since last request: 0.000034 seconds.
  path: Assets/ModernSupermarket/Prefabs/Props/Products/Soda_7gwg2t_Pack01_Var01.prefab
  artifactKey: Guid(cef66244dc55955418fbca8e699710e7) Importer(2089858483,0ecaa5967403d082aa24f35e1b516d23)
Start importing Assets/ModernSupermarket/Prefabs/Props/Products/Soda_7gwg2t_Pack01_Var01.prefab using Guid(cef66244dc55955418fbca8e699710e7) Importer(2089858483,0ecaa5967403d082aa24f35e1b516d23) [PhysX] Initialized MultithreadedTaskDispatcher with 10 workers.
 -> (artifact id: 'cef67eaec84713b130842c40c98b3c95') in 0.006632 seconds
Number of updated asset objects reloaded before import = 0
Number of asset objects unloaded after import = 15
========================================================================
Received Import Request.
  Time since last request: 0.000033 seconds.
  path: Assets/ModernSupermarket/Prefabs/Props/Products/Vase_x3wysg_03_Var01.prefab
  artifactKey: Guid(a5a703c74a5a2fe4abb386cc827cb6c6) Importer(2089858483,0ecaa5967403d082aa24f35e1b516d23)
Start importing Assets/ModernSupermarket/Prefabs/Props/Products/Vase_x3wysg_03_Var01.prefab using Guid(a5a703c74a5a2fe4abb386cc827cb6c6) Importer(2089858483,0ecaa5967403d082aa24f35e1b516d23) [PhysX] Initialized MultithreadedTaskDispatcher with 10 workers.
 -> (artifact id: '871ebe9cf0b9bfd3776704d42570c8b6') in 0.005310 seconds
Number of updated asset objects reloaded before import = 0
Number of asset objects unloaded after import = 16
========================================================================
Received Import Request.
  Time since last request: 0.000025 seconds.
  path: Assets/ModernSupermarket/Prefabs/Props/Products/Soap_1rcsb1_Pack01.prefab
  artifactKey: Guid(f899e11ccc51dfb4482c0eae1588ac00) Importer(2089858483,0ecaa5967403d082aa24f35e1b516d23)
Start importing Assets/ModernSupermarket/Prefabs/Props/Products/Soap_1rcsb1_Pack01.prefab using Guid(f899e11ccc51dfb4482c0eae1588ac00) Importer(2089858483,0ecaa5967403d082aa24f35e1b516d23) [PhysX] Initialized MultithreadedTaskDispatcher with 10 workers.
 -> (artifact id: '69b2e0753464050e822dc0530100ff5a') in 0.005579 seconds
Number of updated asset objects reloaded before import = 0
Number of asset objects unloaded after import = 8
========================================================================
Received Import Request.
  Time since last request: 0.000043 seconds.
  path: Assets/ModernSupermarket/Prefabs/Props/Products/Vase_0p0iky_02_Var01.prefab
  artifactKey: Guid(1acbe60780f88144fa54937335b10704) Importer(2089858483,0ecaa5967403d082aa24f35e1b516d23)
Start importing Assets/ModernSupermarket/Prefabs/Props/Products/Vase_0p0iky_02_Var01.prefab using Guid(1acbe60780f88144fa54937335b10704) Importer(2089858483,0ecaa5967403d082aa24f35e1b516d23) [PhysX] Initialized MultithreadedTaskDispatcher with 10 workers.
 -> (artifact id: '07728e8c9db35444c2e29efc3b347363') in 0.007214 seconds
Number of updated asset objects reloaded before import = 0
Number of asset objects unloaded after import = 16
========================================================================
Received Import Request.
  Time since last request: 0.000032 seconds.
  path: Assets/ModernSupermarket/Prefabs/Props/Products/Yoghurt_rk7lsf_Var01.prefab
  artifactKey: Guid(0dbff1f4f5c9c514c9b36bbcbc7d6bbb) Importer(2089858483,0ecaa5967403d082aa24f35e1b516d23)
Start importing Assets/ModernSupermarket/Prefabs/Props/Products/Yoghurt_rk7lsf_Var01.prefab using Guid(0dbff1f4f5c9c514c9b36bbcbc7d6bbb) Importer(2089858483,0ecaa5967403d082aa24f35e1b516d23) [PhysX] Initialized MultithreadedTaskDispatcher with 10 workers.
 -> (artifact id: '7e3d8e346444d8d7b0bd165f6af615b1') in 0.004246 seconds
Number of updated asset objects reloaded before import = 0
Number of asset objects unloaded after import = 15
========================================================================
Received Import Request.
  Time since last request: 0.000031 seconds.
  path: Assets/ModernSupermarket/Prefabs/Props/Products/Vase_enq19o_02.prefab
  artifactKey: Guid(a9e3dcd32c9bd454ba311e02108a51ee) Importer(2089858483,0ecaa5967403d082aa24f35e1b516d23)
Start importing Assets/ModernSupermarket/Prefabs/Props/Products/Vase_enq19o_02.prefab using Guid(a9e3dcd32c9bd454ba311e02108a51ee) Importer(2089858483,0ecaa5967403d082aa24f35e1b516d23) [PhysX] Initialized MultithreadedTaskDispatcher with 10 workers.
 -> (artifact id: '052b4f1ec480f091d67deda5926034fd') in 0.004093 seconds
Number of updated asset objects reloaded before import = 0
Number of asset objects unloaded after import = 8
========================================================================
Received Import Request.
  Time since last request: 0.000098 seconds.
  path: Assets/ModernSupermarket/Textures/Surfaces/Concrete_nlqhws/Concrete_nlqhws_a.png
  artifactKey: Guid(986b0833d53aec1449b32b1c6d0f02fc) Importer(2089858483,0ecaa5967403d082aa24f35e1b516d23)
Start importing Assets/ModernSupermarket/Textures/Surfaces/Concrete_nlqhws/Concrete_nlqhws_a.png using Guid(986b0833d53aec1449b32b1c6d0f02fc) Importer(2089858483,0ecaa5967403d082aa24f35e1b516d23) [PhysX] Initialized MultithreadedTaskDispatcher with 10 workers.
 -> (artifact id: '08c8b90dd7d7810c91c0d272db412313') in 0.020526 seconds
Number of updated asset objects reloaded before import = 0
Number of asset objects unloaded after import = 1
========================================================================
Received Import Request.
  Time since last request: 0.000081 seconds.
  path: Assets/ModernSupermarket/Prefabs/Props/Products/Sugar_o0f6pn_Pack01.prefab
  artifactKey: Guid(52b3e7bd5086d6540914f8933d212b28) Importer(2089858483,0ecaa5967403d082aa24f35e1b516d23)
Start importing Assets/ModernSupermarket/Prefabs/Props/Products/Sugar_o0f6pn_Pack01.prefab using Guid(52b3e7bd5086d6540914f8933d212b28) Importer(2089858483,0ecaa5967403d082aa24f35e1b516d23) [PhysX] Initialized MultithreadedTaskDispatcher with 10 workers.
 -> (artifact id: '4ff223dad127bdd85c05d12c746ecf37') in 0.007151 seconds
Number of updated asset objects reloaded before import = 0
Number of asset objects unloaded after import = 8
========================================================================
Received Import Request.
  Time since last request: 0.000052 seconds.
  path: Assets/ModernSupermarket/Prefabs/Props/Products/Shampoo_lvhjkn_Var01.prefab
  artifactKey: Guid(da774e2e03c20004e89b8421af5b1c95) Importer(2089858483,0ecaa5967403d082aa24f35e1b516d23)
Start importing Assets/ModernSupermarket/Prefabs/Props/Products/Shampoo_lvhjkn_Var01.prefab using Guid(da774e2e03c20004e89b8421af5b1c95) Importer(2089858483,0ecaa5967403d082aa24f35e1b516d23) [PhysX] Initialized MultithreadedTaskDispatcher with 10 workers.
 -> (artifact id: '19d661f5d0fa23fe2f4a655a8267f4e1') in 0.007680 seconds
Number of updated asset objects reloaded before import = 0
Number of asset objects unloaded after import = 15
========================================================================
Received Import Request.
  Time since last request: 0.000032 seconds.
  path: Assets/ModernSupermarket/Prefabs/Props/Utility/Crate_omgea6.prefab
  artifactKey: Guid(1c2787f8a807dc746b439191e3f3a90e) Importer(2089858483,0ecaa5967403d082aa24f35e1b516d23)
Start importing Assets/ModernSupermarket/Prefabs/Props/Utility/Crate_omgea6.prefab using Guid(1c2787f8a807dc746b439191e3f3a90e) Importer(2089858483,0ecaa5967403d082aa24f35e1b516d23) [PhysX] Initialized MultithreadedTaskDispatcher with 10 workers.
 -> (artifact id: '6306dfd72bc7a87aa5f7cf4311e3dcae') in 0.003886 seconds
Number of updated asset objects reloaded before import = 0
Number of asset objects unloaded after import = 8
========================================================================
Received Import Request.
  Time since last request: 0.000082 seconds.
  path: Assets/ModernSupermarket/Prefabs/Props/Utility/Cart_nabnuh.prefab
  artifactKey: Guid(d8ea10e099920e944a0be1325030ca41) Importer(2089858483,0ecaa5967403d082aa24f35e1b516d23)
Start importing Assets/ModernSupermarket/Prefabs/Props/Utility/Cart_nabnuh.prefab using Guid(d8ea10e099920e944a0be1325030ca41) Importer(2089858483,0ecaa5967403d082aa24f35e1b516d23) [PhysX] Initialized MultithreadedTaskDispatcher with 10 workers.
 -> (artifact id: '69f393ba2e1a788031c2ed3bc5da532b') in 0.004676 seconds
Number of updated asset objects reloaded before import = 0
Number of asset objects unloaded after import = 8
========================================================================
Received Import Request.
  Time since last request: 0.000037 seconds.
  path: Assets/ModernSupermarket/Prefabs/Props/Products/TinCan_60afsy_01_Var01.prefab
  artifactKey: Guid(4039d50018a5897488d65f73f733f2e0) Importer(2089858483,0ecaa5967403d082aa24f35e1b516d23)
Start importing Assets/ModernSupermarket/Prefabs/Props/Products/TinCan_60afsy_01_Var01.prefab using Guid(4039d50018a5897488d65f73f733f2e0) Importer(2089858483,0ecaa5967403d082aa24f35e1b516d23) [PhysX] Initialized MultithreadedTaskDispatcher with 10 workers.
 -> (artifact id: '544837219d2add8d81017c0487b2a1a7') in 0.007059 seconds
Number of updated asset objects reloaded before import = 0
Number of asset objects unloaded after import = 15
========================================================================
Received Import Request.
  Time since last request: 0.000036 seconds.
  path: Assets/ModernSupermarket/Prefabs/Props/Utility/Computer_dfc1a9.prefab
  artifactKey: Guid(426d15d03e2abe74c94795931a49e950) Importer(2089858483,0ecaa5967403d082aa24f35e1b516d23)
Start importing Assets/ModernSupermarket/Prefabs/Props/Utility/Computer_dfc1a9.prefab using Guid(426d15d03e2abe74c94795931a49e950) Importer(2089858483,0ecaa5967403d082aa24f35e1b516d23) [PhysX] Initialized MultithreadedTaskDispatcher with 10 workers.
 -> (artifact id: '5680bcf79e6d7de3e2cc60a9f91eed41') in 0.002847 seconds
Number of updated asset objects reloaded before import = 0
Number of asset objects unloaded after import = 25
========================================================================
Received Import Request.
  Time since last request: 0.000030 seconds.
  path: Assets/ModernSupermarket/Prefabs/Props/Products/Vase_0p0iky_01_Var02.prefab
  artifactKey: Guid(7ed046c546be0ec44b9a1bfc0259bf1a) Importer(2089858483,0ecaa5967403d082aa24f35e1b516d23)
Start importing Assets/ModernSupermarket/Prefabs/Props/Products/Vase_0p0iky_01_Var02.prefab using Guid(7ed046c546be0ec44b9a1bfc0259bf1a) Importer(2089858483,0ecaa5967403d082aa24f35e1b516d23) [PhysX] Initialized MultithreadedTaskDispatcher with 10 workers.
 -> (artifact id: '1f6b1e2df5d5e1313797728c9b67db5e') in 0.004538 seconds
Number of updated asset objects reloaded before import = 0
Number of asset objects unloaded after import = 16
========================================================================
Received Import Request.
  Time since last request: 0.000027 seconds.
  path: Assets/ModernSupermarket/Prefabs/Props/Products/SweetJar_alnwix_Pack01.prefab
  artifactKey: Guid(c62bb78c9d149ba4a856e63c18895f81) Importer(2089858483,0ecaa5967403d082aa24f35e1b516d23)
Start importing Assets/ModernSupermarket/Prefabs/Props/Products/SweetJar_alnwix_Pack01.prefab using Guid(c62bb78c9d149ba4a856e63c18895f81) Importer(2089858483,0ecaa5967403d082aa24f35e1b516d23) [PhysX] Initialized MultithreadedTaskDispatcher with 10 workers.
 -> (artifact id: '367284426e90a49b9d1c357241cab381') in 0.004543 seconds
Number of updated asset objects reloaded before import = 0
Number of asset objects unloaded after import = 8
========================================================================
Received Import Request.
  Time since last request: 0.000027 seconds.
  path: Assets/ModernSupermarket/Scenes/Scene_Supermarket/Supermarket/Lightmap-2_comp_light.exr
  artifactKey: Guid(4dec5b7fbcaa3804ea9d417a1ac487a8) Importer(2089858483,0ecaa5967403d082aa24f35e1b516d23)
Start importing Assets/ModernSupermarket/Scenes/Scene_Supermarket/Supermarket/Lightmap-2_comp_light.exr using Guid(4dec5b7fbcaa3804ea9d417a1ac487a8) Importer(2089858483,0ecaa5967403d082aa24f35e1b516d23) [PhysX] Initialized MultithreadedTaskDispatcher with 10 workers.
 -> (artifact id: '94ffafd119573d12bae5043368e4a7a4') in 0.030466 seconds
Number of updated asset objects reloaded before import = 0
Number of asset objects unloaded after import = 1
========================================================================
Received Import Request.
  Time since last request: 0.000044 seconds.
  path: Assets/ModernSupermarket/Textures/Surfaces/TileFloor_j8qkl9/TileFloor_j8qkl9_m.png
  artifactKey: Guid(bee3973eed85e5942ae76959c6874c88) Importer(2089858483,0ecaa5967403d082aa24f35e1b516d23)
Start importing Assets/ModernSupermarket/Textures/Surfaces/TileFloor_j8qkl9/TileFloor_j8qkl9_m.png using Guid(bee3973eed85e5942ae76959c6874c88) Importer(2089858483,0ecaa5967403d082aa24f35e1b516d23) [PhysX] Initialized MultithreadedTaskDispatcher with 10 workers.
 -> (artifact id: 'a3338812115a2f5be7104af25c776c45') in 0.018502 seconds
Number of updated asset objects reloaded before import = 0
Number of asset objects unloaded after import = 1
========================================================================
Received Import Request.
  Time since last request: 0.000060 seconds.
  path: Assets/ModernSupermarket/Prefabs/Props/Products/WaterBottle_cbaimv.prefab
  artifactKey: Guid(c4caa4f13e2e7814789dda031b4f499e) Importer(2089858483,0ecaa5967403d082aa24f35e1b516d23)
Start importing Assets/ModernSupermarket/Prefabs/Props/Products/WaterBottle_cbaimv.prefab using Guid(c4caa4f13e2e7814789dda031b4f499e) Importer(2089858483,0ecaa5967403d082aa24f35e1b516d23) [PhysX] Initialized MultithreadedTaskDispatcher with 10 workers.
 -> (artifact id: '7b9d4db5931067937d84496ab29dd677') in 0.003870 seconds
Number of updated asset objects reloaded before import = 0
Number of asset objects unloaded after import = 8
========================================================================
Received Import Request.
  Time since last request: 0.000037 seconds.
  path: Assets/ModernSupermarket/Prefabs/Props/Products/Toothpaste_duqkf2.prefab
  artifactKey: Guid(04711a67d674b624fb80daac94d6d4be) Importer(2089858483,0ecaa5967403d082aa24f35e1b516d23)
Start importing Assets/ModernSupermarket/Prefabs/Props/Products/Toothpaste_duqkf2.prefab using Guid(04711a67d674b624fb80daac94d6d4be) Importer(2089858483,0ecaa5967403d082aa24f35e1b516d23) [PhysX] Initialized MultithreadedTaskDispatcher with 10 workers.
 -> (artifact id: 'f0de7c3b00a65365dd5c890d28d5c3e0') in 0.003914 seconds
Number of updated asset objects reloaded before import = 0
Number of asset objects unloaded after import = 8
========================================================================
Received Import Request.
  Time since last request: 0.000030 seconds.
  path: Assets/ModernSupermarket/Prefabs/Props/Products/Soda_f6b9gw.prefab
  artifactKey: Guid(073dfce97529269418b94d6d278de14b) Importer(2089858483,0ecaa5967403d082aa24f35e1b516d23)
Start importing Assets/ModernSupermarket/Prefabs/Props/Products/Soda_f6b9gw.prefab using Guid(073dfce97529269418b94d6d278de14b) Importer(2089858483,0ecaa5967403d082aa24f35e1b516d23) [PhysX] Initialized MultithreadedTaskDispatcher with 10 workers.
 -> (artifact id: 'dd27b7e675742d895b46d68e0f95fad3') in 0.003761 seconds
Number of updated asset objects reloaded before import = 0
Number of asset objects unloaded after import = 8
========================================================================
Received Import Request.
  Time since last request: 0.000031 seconds.
  path: Assets/ModernSupermarket/Prefabs/Props/Products/Teabox_l5w9ll_Var01.prefab
  artifactKey: Guid(f3e9b10945c91ba43b2be7374f6e14fd) Importer(2089858483,0ecaa5967403d082aa24f35e1b516d23)
Start importing Assets/ModernSupermarket/Prefabs/Props/Products/Teabox_l5w9ll_Var01.prefab using Guid(f3e9b10945c91ba43b2be7374f6e14fd) Importer(2089858483,0ecaa5967403d082aa24f35e1b516d23) [PhysX] Initialized MultithreadedTaskDispatcher with 10 workers.
 -> (artifact id: 'c0bd3b54020883becb3cc599759ef9da') in 0.006830 seconds
Number of updated asset objects reloaded before import = 0
Number of asset objects unloaded after import = 15
========================================================================
Received Import Request.
  Time since last request: 0.000043 seconds.
  path: Assets/ModernSupermarket/Prefabs/Props/Products/Pasta_9duit2.prefab
  artifactKey: Guid(2ffb446c5e43dd447af0a240ccb79385) Importer(2089858483,0ecaa5967403d082aa24f35e1b516d23)
Start importing Assets/ModernSupermarket/Prefabs/Props/Products/Pasta_9duit2.prefab using Guid(2ffb446c5e43dd447af0a240ccb79385) Importer(2089858483,0ecaa5967403d082aa24f35e1b516d23) [PhysX] Initialized MultithreadedTaskDispatcher with 10 workers.
 -> (artifact id: '935b4ee0e64876f43cf2b951c48596b4') in 0.003840 seconds
Number of updated asset objects reloaded before import = 0
Number of asset objects unloaded after import = 8
========================================================================
Received Import Request.
  Time since last request: 0.000047 seconds.
  path: Assets/ModernSupermarket/Prefabs/Props/Products/Shampoo_lvhjkn_Pack01_Var02.prefab
  artifactKey: Guid(c52176e9f619c6f4bb8f64e44afbb0d0) Importer(2089858483,0ecaa5967403d082aa24f35e1b516d23)
Start importing Assets/ModernSupermarket/Prefabs/Props/Products/Shampoo_lvhjkn_Pack01_Var02.prefab using Guid(c52176e9f619c6f4bb8f64e44afbb0d0) Importer(2089858483,0ecaa5967403d082aa24f35e1b516d23) [PhysX] Initialized MultithreadedTaskDispatcher with 10 workers.
 -> (artifact id: 'fe6a8a2a2ad6c84c423572a3f6a78c32') in 0.004593 seconds
Number of updated asset objects reloaded before import = 0
Number of asset objects unloaded after import = 15
========================================================================
Received Import Request.
  Time since last request: 0.000031 seconds.
  path: Assets/ModernSupermarket/Prefabs/Props/Products/SlicedBread_6zus31_Pack01.prefab
  artifactKey: Guid(f1a5f8b327506f842ae0060afb605370) Importer(2089858483,0ecaa5967403d082aa24f35e1b516d23)
Start importing Assets/ModernSupermarket/Prefabs/Props/Products/SlicedBread_6zus31_Pack01.prefab using Guid(f1a5f8b327506f842ae0060afb605370) Importer(2089858483,0ecaa5967403d082aa24f35e1b516d23) [PhysX] Initialized MultithreadedTaskDispatcher with 10 workers.
 -> (artifact id: '2da1798e4223fbcfb6b02aaf4400fc94') in 0.004640 seconds
Number of updated asset objects reloaded before import = 0
Number of asset objects unloaded after import = 8
========================================================================
Received Import Request.
  Time since last request: 0.000031 seconds.
  path: Assets/ModernSupermarket/Prefabs/Props/Products/Soap_eegrv7_Pack01.prefab
  artifactKey: Guid(f009abec21abc8043a30ed98e297ee49) Importer(2089858483,0ecaa5967403d082aa24f35e1b516d23)
Start importing Assets/ModernSupermarket/Prefabs/Props/Products/Soap_eegrv7_Pack01.prefab using Guid(f009abec21abc8043a30ed98e297ee49) Importer(2089858483,0ecaa5967403d082aa24f35e1b516d23) [PhysX] Initialized MultithreadedTaskDispatcher with 10 workers.
 -> (artifact id: 'b399dce6a93af98441689aecd1b3378f') in 0.006151 seconds
Number of updated asset objects reloaded before import = 0
Number of asset objects unloaded after import = 8
========================================================================
Received Import Request.
  Time since last request: 0.000034 seconds.
  path: Assets/ModernSupermarket/Prefabs/Props/Products/Pizza_ehb1pe_Pack01.prefab
  artifactKey: Guid(fc692986c3cdeba4b95d9a1043521ffa) Importer(2089858483,0ecaa5967403d082aa24f35e1b516d23)
Start importing Assets/ModernSupermarket/Prefabs/Props/Products/Pizza_ehb1pe_Pack01.prefab using Guid(fc692986c3cdeba4b95d9a1043521ffa) Importer(2089858483,0ecaa5967403d082aa24f35e1b516d23) [PhysX] Initialized MultithreadedTaskDispatcher with 10 workers.
 -> (artifact id: '64363a26962757071a21265c31ead4ef') in 0.004006 seconds
Number of updated asset objects reloaded before import = 0
Number of asset objects unloaded after import = 8
========================================================================
Received Import Request.
  Time since last request: 0.000030 seconds.
  path: Assets/ModernSupermarket/Prefabs/Props/Utility/Stool_6jdl8x.prefab
  artifactKey: Guid(9f762af9995a18a42887fd6eb1c98571) Importer(2089858483,0ecaa5967403d082aa24f35e1b516d23)
Start importing Assets/ModernSupermarket/Prefabs/Props/Utility/Stool_6jdl8x.prefab using Guid(9f762af9995a18a42887fd6eb1c98571) Importer(2089858483,0ecaa5967403d082aa24f35e1b516d23) [PhysX] Initialized MultithreadedTaskDispatcher with 10 workers.
 -> (artifact id: '5355f1cce3713e819165de11b643c17e') in 0.004154 seconds
Number of updated asset objects reloaded before import = 0
Number of asset objects unloaded after import = 8
========================================================================
Received Import Request.
  Time since last request: 0.000202 seconds.
  path: Assets/ModernSupermarket/Prefabs/Props/Products/Pasta_9duit_Pack02.prefab
  artifactKey: Guid(886cd00c29f2e644fa16fa180ae4937e) Importer(2089858483,0ecaa5967403d082aa24f35e1b516d23)
Start importing Assets/ModernSupermarket/Prefabs/Props/Products/Pasta_9duit_Pack02.prefab using Guid(886cd00c29f2e644fa16fa180ae4937e) Importer(2089858483,0ecaa5967403d082aa24f35e1b516d23) [PhysX] Initialized MultithreadedTaskDispatcher with 10 workers.
 -> (artifact id: '609e0998657bfbcb969a8329c73df557') in 0.004671 seconds
Number of updated asset objects reloaded before import = 0
Number of asset objects unloaded after import = 8
========================================================================
Received Import Request.
  Time since last request: 0.000032 seconds.
  path: Assets/ModernSupermarket/Prefabs/Props/Products/WaterPack_mqmuh7_Var01.prefab
  artifactKey: Guid(3ad8e7d739f7cb8408ee772af6051b55) Importer(2089858483,0ecaa5967403d082aa24f35e1b516d23)
Start importing Assets/ModernSupermarket/Prefabs/Props/Products/WaterPack_mqmuh7_Var01.prefab using Guid(3ad8e7d739f7cb8408ee772af6051b55) Importer(2089858483,0ecaa5967403d082aa24f35e1b516d23) [PhysX] Initialized MultithreadedTaskDispatcher with 10 workers.
 -> (artifact id: 'fe9a41308d893acce2ef0dd42bf124ad') in 0.007151 seconds
Number of updated asset objects reloaded before import = 0
Number of asset objects unloaded after import = 15
========================================================================
Received Import Request.
  Time since last request: 0.000031 seconds.
  path: Assets/ModernSupermarket/Prefabs/Props/Products/SlicedBread_tp7aom.prefab
  artifactKey: Guid(5306b4da8a8295043a08554f5331efdd) Importer(2089858483,0ecaa5967403d082aa24f35e1b516d23)
Start importing Assets/ModernSupermarket/Prefabs/Props/Products/SlicedBread_tp7aom.prefab using Guid(5306b4da8a8295043a08554f5331efdd) Importer(2089858483,0ecaa5967403d082aa24f35e1b516d23) [PhysX] Initialized MultithreadedTaskDispatcher with 10 workers.
 -> (artifact id: '33af68be18addcaeaae438a5325137d5') in 0.004175 seconds
Number of updated asset objects reloaded before import = 0
Number of asset objects unloaded after import = 8
========================================================================
Received Import Request.
  Time since last request: 0.000043 seconds.
  path: Assets/ModernSupermarket/Prefabs/Props/Utility/Basket_x5gi0j.prefab
  artifactKey: Guid(97b4a40764c96a54bb687c5fe05bd561) Importer(2089858483,0ecaa5967403d082aa24f35e1b516d23)
Start importing Assets/ModernSupermarket/Prefabs/Props/Utility/Basket_x5gi0j.prefab using Guid(97b4a40764c96a54bb687c5fe05bd561) Importer(2089858483,0ecaa5967403d082aa24f35e1b516d23) [PhysX] Initialized MultithreadedTaskDispatcher with 10 workers.
 -> (artifact id: '20b57f51a735d7edd6569168dbedda43') in 0.002471 seconds
Number of updated asset objects reloaded before import = 0
Number of asset objects unloaded after import = 19
========================================================================
Received Import Request.
  Time since last request: 0.000024 seconds.
  path: Assets/ModernSupermarket/Prefabs/Props/Products/Soda_7gwg2t_Pack01_Var03.prefab
  artifactKey: Guid(7011610423616164db10af21acbaf238) Importer(2089858483,0ecaa5967403d082aa24f35e1b516d23)
Start importing Assets/ModernSupermarket/Prefabs/Props/Products/Soda_7gwg2t_Pack01_Var03.prefab using Guid(7011610423616164db10af21acbaf238) Importer(2089858483,0ecaa5967403d082aa24f35e1b516d23) [PhysX] Initialized MultithreadedTaskDispatcher with 10 workers.
 -> (artifact id: 'a4aa64849a2361b23b7e273a8090456c') in 0.004150 seconds
Number of updated asset objects reloaded before import = 0
Number of asset objects unloaded after import = 15
========================================================================
Received Import Request.
  Time since last request: 0.000031 seconds.
  path: Assets/ModernSupermarket/Prefabs/Props/Products/WineBottle_2b6kjh.prefab
  artifactKey: Guid(090a9654f84d0684d87812a19d8e7698) Importer(2089858483,0ecaa5967403d082aa24f35e1b516d23)
Start importing Assets/ModernSupermarket/Prefabs/Props/Products/WineBottle_2b6kjh.prefab using Guid(090a9654f84d0684d87812a19d8e7698) Importer(2089858483,0ecaa5967403d082aa24f35e1b516d23) [PhysX] Initialized MultithreadedTaskDispatcher with 10 workers.
 -> (artifact id: 'a6e5d93d7905539a1ca12d0f422722cb') in 0.003762 seconds
Number of updated asset objects reloaded before import = 0
Number of asset objects unloaded after import = 8
========================================================================
Received Import Request.
  Time since last request: 0.000155 seconds.
  path: Assets/ModernSupermarket/Scenes/Scene_Supermarket/Supermarket/ReflectionProbe-0.exr
  artifactKey: Guid(2ad8db2063bdedc4ca990ecddb82e98a) Importer(2089858483,0ecaa5967403d082aa24f35e1b516d23)
Start importing Assets/ModernSupermarket/Scenes/Scene_Supermarket/Supermarket/ReflectionProbe-0.exr using Guid(2ad8db2063bdedc4ca990ecddb82e98a) Importer(2089858483,0ecaa5967403d082aa24f35e1b516d23) [PhysX] Initialized MultithreadedTaskDispatcher with 10 workers.
 -> (artifact id: '4bc845f3329c7b7c1152447cd704fe59') in 0.012715 seconds
Number of updated asset objects reloaded before import = 0
Number of asset objects unloaded after import = 1
========================================================================
Received Import Request.
  Time since last request: 0.000046 seconds.
  path: Assets/ModernSupermarket/Prefabs/Props/Products/YoghurtPack_rk7lsf_Pack01.prefab
  artifactKey: Guid(514d452b275924b47905b21db17de341) Importer(2089858483,0ecaa5967403d082aa24f35e1b516d23)
Start importing Assets/ModernSupermarket/Prefabs/Props/Products/YoghurtPack_rk7lsf_Pack01.prefab using Guid(514d452b275924b47905b21db17de341) Importer(2089858483,0ecaa5967403d082aa24f35e1b516d23) [PhysX] Initialized MultithreadedTaskDispatcher with 10 workers.
 -> (artifact id: '1972cfe635b7db39ad7c491824193918') in 0.005075 seconds
Number of updated asset objects reloaded before import = 0
Number of asset objects unloaded after import = 8
========================================================================
Received Import Request.
  Time since last request: 0.000034 seconds.
  path: Assets/ModernSupermarket/Prefabs/Props/Products/Vase_enq19o_03.prefab
  artifactKey: Guid(c846c643e91ceb745a05176026a67fa1) Importer(2089858483,0ecaa5967403d082aa24f35e1b516d23)
Start importing Assets/ModernSupermarket/Prefabs/Props/Products/Vase_enq19o_03.prefab using Guid(c846c643e91ceb745a05176026a67fa1) Importer(2089858483,0ecaa5967403d082aa24f35e1b516d23) [PhysX] Initialized MultithreadedTaskDispatcher with 10 workers.
 -> (artifact id: '83922d10b4f2333c4dc4c4f0e01b489f') in 0.003912 seconds
Number of updated asset objects reloaded before import = 0
Number of asset objects unloaded after import = 8
========================================================================
Received Import Request.
  Time since last request: 0.000072 seconds.
  path: Assets/ModernSupermarket/Textures/Skybox/HDRi/HDRi01.hdr
  artifactKey: Guid(6d1dc17583bf1b74e993fa7b7ef344df) Importer(2089858483,0ecaa5967403d082aa24f35e1b516d23)
Start importing Assets/ModernSupermarket/Textures/Skybox/HDRi/HDRi01.hdr using Guid(6d1dc17583bf1b74e993fa7b7ef344df) Importer(2089858483,0ecaa5967403d082aa24f35e1b516d23) [PhysX] Initialized MultithreadedTaskDispatcher with 10 workers.
 -> (artifact id: '3a9c382f359669357e549241b761b91c') in 0.011798 seconds
Number of updated asset objects reloaded before import = 0
Number of asset objects unloaded after import = 1
========================================================================
Received Import Request.
  Time since last request: 0.000173 seconds.
  path: Assets/ModernSupermarket/Textures/Surfaces/Plaster_dwf9f5/Plaster_dwf9f5_m.png
  artifactKey: Guid(ee4a23eb436486f4da4de47005ed54b5) Importer(2089858483,0ecaa5967403d082aa24f35e1b516d23)
Start importing Assets/ModernSupermarket/Textures/Surfaces/Plaster_dwf9f5/Plaster_dwf9f5_m.png using Guid(ee4a23eb436486f4da4de47005ed54b5) Importer(2089858483,0ecaa5967403d082aa24f35e1b516d23) [PhysX] Initialized MultithreadedTaskDispatcher with 10 workers.
 -> (artifact id: '73bda925c1372e6e1673d455f5b66e43') in 0.008467 seconds
Number of updated asset objects reloaded before import = 0
Number of asset objects unloaded after import = 1
========================================================================
Received Import Request.
  Time since last request: 0.000060 seconds.
  path: Assets/ModernSupermarket/Prefabs/Props/Products/SliceBread_6zus31.prefab
  artifactKey: Guid(461831bbb42b7df49a5a80aaa1d3681e) Importer(2089858483,0ecaa5967403d082aa24f35e1b516d23)
Start importing Assets/ModernSupermarket/Prefabs/Props/Products/SliceBread_6zus31.prefab using Guid(461831bbb42b7df49a5a80aaa1d3681e) Importer(2089858483,0ecaa5967403d082aa24f35e1b516d23) [PhysX] Initialized MultithreadedTaskDispatcher with 10 workers.
 -> (artifact id: '28fe28587494344ebac8d7bac495210a') in 0.006722 seconds
Number of updated asset objects reloaded before import = 0
Number of asset objects unloaded after import = 8
========================================================================
Received Import Request.
  Time since last request: 0.000034 seconds.
  path: Assets/ModernSupermarket/Prefabs/Props/Products/Teabox_5oq0ki_Pack01.prefab
  artifactKey: Guid(395c548a2b8a4cd4f918370824252f43) Importer(2089858483,0ecaa5967403d082aa24f35e1b516d23)
Start importing Assets/ModernSupermarket/Prefabs/Props/Products/Teabox_5oq0ki_Pack01.prefab using Guid(395c548a2b8a4cd4f918370824252f43) Importer(2089858483,0ecaa5967403d082aa24f35e1b516d23) [PhysX] Initialized MultithreadedTaskDispatcher with 10 workers.
 -> (artifact id: '6d236790729abb5359e9da7d46ca16fb') in 0.004141 seconds
Number of updated asset objects reloaded before import = 0
Number of asset objects unloaded after import = 8
========================================================================
Received Import Request.
  Time since last request: 0.000024 seconds.
  path: Assets/ModernSupermarket/Prefabs/Props/Products/Sugar_o0f6pn.prefab
  artifactKey: Guid(8e356eef40e7f8140a0fc6883563a2db) Importer(2089858483,0ecaa5967403d082aa24f35e1b516d23)
Start importing Assets/ModernSupermarket/Prefabs/Props/Products/Sugar_o0f6pn.prefab using Guid(8e356eef40e7f8140a0fc6883563a2db) Importer(2089858483,0ecaa5967403d082aa24f35e1b516d23) [PhysX] Initialized MultithreadedTaskDispatcher with 10 workers.
 -> (artifact id: 'f86df25dcb417c2b3aff53d45467ba0d') in 0.003449 seconds
Number of updated asset objects reloaded before import = 0
Number of asset objects unloaded after import = 8
========================================================================
Received Import Request.
  Time since last request: 0.000137 seconds.
  path: Assets/ModernSupermarket/Prefabs/Props/Products/WineBottle_2b6kjh_Pack02_Var01.prefab
  artifactKey: Guid(da955762f862cd748a2d1a3546dbadb7) Importer(2089858483,0ecaa5967403d082aa24f35e1b516d23)
Start importing Assets/ModernSupermarket/Prefabs/Props/Products/WineBottle_2b6kjh_Pack02_Var01.prefab using Guid(da955762f862cd748a2d1a3546dbadb7) Importer(2089858483,0ecaa5967403d082aa24f35e1b516d23) [PhysX] Initialized MultithreadedTaskDispatcher with 10 workers.
 -> (artifact id: '46ae02fdf1e24a8b0f1552f882c984ce') in 0.007615 seconds
Number of updated asset objects reloaded before import = 0
Number of asset objects unloaded after import = 15
========================================================================
Received Import Request.
  Time since last request: 0.000037 seconds.
  path: Assets/ModernSupermarket/Prefabs/Props/Products/ToiletPaper_tunz3i.prefab
  artifactKey: Guid(fb2f7a88eab07574196dc58c141c9be8) Importer(2089858483,0ecaa5967403d082aa24f35e1b516d23)
Start importing Assets/ModernSupermarket/Prefabs/Props/Products/ToiletPaper_tunz3i.prefab using Guid(fb2f7a88eab07574196dc58c141c9be8) Importer(2089858483,0ecaa5967403d082aa24f35e1b516d23) [PhysX] Initialized MultithreadedTaskDispatcher with 10 workers.
 -> (artifact id: 'c0e660d67d45377dcbc8f638c8772168') in 0.003651 seconds
Number of updated asset objects reloaded before import = 0
Number of asset objects unloaded after import = 8
========================================================================
Received Import Request.
  Time since last request: 0.000036 seconds.
  path: Assets/ModernSupermarket/Prefabs/Props/Products/Sugar_ffc568.prefab
  artifactKey: Guid(396af82a144847e408e8cc126d1d3ece) Importer(2089858483,0ecaa5967403d082aa24f35e1b516d23)
Start importing Assets/ModernSupermarket/Prefabs/Props/Products/Sugar_ffc568.prefab using Guid(396af82a144847e408e8cc126d1d3ece) Importer(2089858483,0ecaa5967403d082aa24f35e1b516d23) [PhysX] Initialized MultithreadedTaskDispatcher with 10 workers.
 -> (artifact id: '0d7b94e457dadc08c1ea49600a85d5e0') in 0.003557 seconds
Number of updated asset objects reloaded before import = 0
Number of asset objects unloaded after import = 8
========================================================================
Received Import Request.
  Time since last request: 0.000035 seconds.
  path: Assets/ModernSupermarket/Prefabs/Props/Products/Shampoo_lvhjkn.prefab
  artifactKey: Guid(0da57ef26a99e284fbd5840bcd1ceaa7) Importer(2089858483,0ecaa5967403d082aa24f35e1b516d23)
Start importing Assets/ModernSupermarket/Prefabs/Props/Products/Shampoo_lvhjkn.prefab using Guid(0da57ef26a99e284fbd5840bcd1ceaa7) Importer(2089858483,0ecaa5967403d082aa24f35e1b516d23) [PhysX] Initialized MultithreadedTaskDispatcher with 10 workers.
 -> (artifact id: '0c502505c87512411f0f3d8af46cc6b1') in 0.003443 seconds
Number of updated asset objects reloaded before import = 0
Number of asset objects unloaded after import = 8
========================================================================
Received Import Request.
  Time since last request: 0.000033 seconds.
  path: Assets/ModernSupermarket/Prefabs/Props/Products/Sugar_o0f6pn_Var01.prefab
  artifactKey: Guid(2ee8c7a5c5e82de48b195b0d5cc8b22d) Importer(2089858483,0ecaa5967403d082aa24f35e1b516d23)
Start importing Assets/ModernSupermarket/Prefabs/Props/Products/Sugar_o0f6pn_Var01.prefab using Guid(2ee8c7a5c5e82de48b195b0d5cc8b22d) Importer(2089858483,0ecaa5967403d082aa24f35e1b516d23) [PhysX] Initialized MultithreadedTaskDispatcher with 10 workers.
 -> (artifact id: '2f1b66a21448dc820c676067e31462ea') in 0.003947 seconds
Number of updated asset objects reloaded before import = 0
Number of asset objects unloaded after import = 15
========================================================================
Received Import Request.
  Time since last request: 0.000032 seconds.
  path: Assets/ModernSupermarket/Prefabs/Props/Products/Shampoo_vimakk_Pack01.prefab
  artifactKey: Guid(075fbf746fc46f2489fea55af89d41ec) Importer(2089858483,0ecaa5967403d082aa24f35e1b516d23)
Start importing Assets/ModernSupermarket/Prefabs/Props/Products/Shampoo_vimakk_Pack01.prefab using Guid(075fbf746fc46f2489fea55af89d41ec) Importer(2089858483,0ecaa5967403d082aa24f35e1b516d23) [PhysX] Initialized MultithreadedTaskDispatcher with 10 workers.
 -> (artifact id: '410f6ff8581c90ad7213909ddcda3562') in 0.007248 seconds
Number of updated asset objects reloaded before import = 0
Number of asset objects unloaded after import = 8
========================================================================
Received Import Request.
  Time since last request: 0.000047 seconds.
  path: Assets/ModernSupermarket/Textures/Surfaces/TileFloor_j8qkl9/TileFloor_j8qkl9_a.png
  artifactKey: Guid(10c4abbd350e31641a2ff67b4e13d967) Importer(2089858483,0ecaa5967403d082aa24f35e1b516d23)
Start importing Assets/ModernSupermarket/Textures/Surfaces/TileFloor_j8qkl9/TileFloor_j8qkl9_a.png using Guid(10c4abbd350e31641a2ff67b4e13d967) Importer(2089858483,0ecaa5967403d082aa24f35e1b516d23) [PhysX] Initialized MultithreadedTaskDispatcher with 10 workers.
 -> (artifact id: '7ac7336f3f54c029ba31e2b318d8784f') in 0.010854 seconds
Number of updated asset objects reloaded before import = 0
Number of asset objects unloaded after import = 1
========================================================================
Received Import Request.
  Time since last request: 0.000063 seconds.
  path: Assets/ModernSupermarket/Prefabs/Props/Products/PetFood_2ujlf0_Pack01.prefab
  artifactKey: Guid(9530b727ff97a44498a8685a42f5746f) Importer(2089858483,0ecaa5967403d082aa24f35e1b516d23)
Start importing Assets/ModernSupermarket/Prefabs/Props/Products/PetFood_2ujlf0_Pack01.prefab using Guid(9530b727ff97a44498a8685a42f5746f) Importer(2089858483,0ecaa5967403d082aa24f35e1b516d23) [PhysX] Initialized MultithreadedTaskDispatcher with 10 workers.
 -> (artifact id: 'a7fb0784a463f83ef79c1136e6c12c18') in 0.004312 seconds
Number of updated asset objects reloaded before import = 0
Number of asset objects unloaded after import = 8
========================================================================
Received Import Request.
  Time since last request: 0.000035 seconds.
  path: Assets/ModernSupermarket/Prefabs/Props/Products/WaterBottle_cbaimv_Var01.prefab
  artifactKey: Guid(0ce7c04fd88107a4eb536aa9ce77070c) Importer(2089858483,0ecaa5967403d082aa24f35e1b516d23)
Start importing Assets/ModernSupermarket/Prefabs/Props/Products/WaterBottle_cbaimv_Var01.prefab using Guid(0ce7c04fd88107a4eb536aa9ce77070c) Importer(2089858483,0ecaa5967403d082aa24f35e1b516d23) [PhysX] Initialized MultithreadedTaskDispatcher with 10 workers.
 -> (artifact id: '7acd1d3591b0c63097f515d1500a0b67') in 0.004291 seconds
Number of updated asset objects reloaded before import = 0
Number of asset objects unloaded after import = 15
========================================================================
Received Import Request.
  Time since last request: 0.000027 seconds.
  path: Assets/ModernSupermarket/Prefabs/Props/Products/Teabox_l5w9ll.prefab
  artifactKey: Guid(10234af7a554e7d4a9d359ca2519eb85) Importer(2089858483,0ecaa5967403d082aa24f35e1b516d23)
Start importing Assets/ModernSupermarket/Prefabs/Props/Products/Teabox_l5w9ll.prefab using Guid(10234af7a554e7d4a9d359ca2519eb85) Importer(2089858483,0ecaa5967403d082aa24f35e1b516d23) [PhysX] Initialized MultithreadedTaskDispatcher with 10 workers.
 -> (artifact id: '41a286793f6de3cf04e09eae7e82d7d3') in 0.006196 seconds
Number of updated asset objects reloaded before import = 0
Number of asset objects unloaded after import = 8
========================================================================
Received Import Request.
  Time since last request: 0.000059 seconds.
  path: Assets/ModernSupermarket/Prefabs/Props/Products/Soda_d7rdw9_Var01.prefab
  artifactKey: Guid(b84cee0ef6ba0e0458cbbb101c04e5d0) Importer(2089858483,0ecaa5967403d082aa24f35e1b516d23)
Start importing Assets/ModernSupermarket/Prefabs/Props/Products/Soda_d7rdw9_Var01.prefab using Guid(b84cee0ef6ba0e0458cbbb101c04e5d0) Importer(2089858483,0ecaa5967403d082aa24f35e1b516d23) [PhysX] Initialized MultithreadedTaskDispatcher with 10 workers.
 -> (artifact id: '9777c1a4534cb0e88e142f1e4cf80ea2') in 0.004628 seconds
Number of updated asset objects reloaded before import = 0
Number of asset objects unloaded after import = 15
========================================================================
Received Import Request.
  Time since last request: 0.000661 seconds.
  path: Assets/ModernSupermarket/Prefabs/Props/Products/RicePack_rewt3q_Var02.prefab
  artifactKey: Guid(798d08235f10a1c4b923af1c8fec8716) Importer(2089858483,0ecaa5967403d082aa24f35e1b516d23)
Start importing Assets/ModernSupermarket/Prefabs/Props/Products/RicePack_rewt3q_Var02.prefab using Guid(798d08235f10a1c4b923af1c8fec8716) Importer(2089858483,0ecaa5967403d082aa24f35e1b516d23) [PhysX] Initialized MultithreadedTaskDispatcher with 10 workers.
 -> (artifact id: '1a2ccd8989981ea42300c4a453a24493') in 0.004537 seconds
Number of updated asset objects reloaded before import = 0
Number of asset objects unloaded after import = 15
========================================================================
Received Import Request.
  Time since last request: 0.000040 seconds.
  path: Assets/ModernSupermarket/Scenes/Scene_Supermarket/Supermarket/ReflectionProbe-3.exr
  artifactKey: Guid(083cd31db1994df4f9837a1878c889ba) Importer(2089858483,0ecaa5967403d082aa24f35e1b516d23)
Start importing Assets/ModernSupermarket/Scenes/Scene_Supermarket/Supermarket/ReflectionProbe-3.exr using Guid(083cd31db1994df4f9837a1878c889ba) Importer(2089858483,0ecaa5967403d082aa24f35e1b516d23) [PhysX] Initialized MultithreadedTaskDispatcher with 10 workers.
 -> (artifact id: '57745d9f77ac8075a3d29a147498f33e') in 0.008482 seconds
Number of updated asset objects reloaded before import = 0
Number of asset objects unloaded after import = 1
========================================================================
Received Import Request.
  Time since last request: 0.000071 seconds.
  path: Assets/ModernSupermarket/Prefabs/Props/Products/Sauce_cfrew8.prefab
  artifactKey: Guid(d51bbebfae62c964f846ff4b1ded2a1f) Importer(2089858483,0ecaa5967403d082aa24f35e1b516d23)
Start importing Assets/ModernSupermarket/Prefabs/Props/Products/Sauce_cfrew8.prefab using Guid(d51bbebfae62c964f846ff4b1ded2a1f) Importer(2089858483,0ecaa5967403d082aa24f35e1b516d23) [PhysX] Initialized MultithreadedTaskDispatcher with 10 workers.
 -> (artifact id: '10483b1b7de64fbab653b7eaa9a5ef10') in 0.005719 seconds
Number of updated asset objects reloaded before import = 0
Number of asset objects unloaded after import = 8
========================================================================
Received Import Request.
  Time since last request: 0.000037 seconds.
  path: Assets/ModernSupermarket/Textures/Surfaces/Ceiling_ei180i/Ceiling_ei180i_n.png
  artifactKey: Guid(60e612ba5f425ce4f93a45a48e9f54b1) Importer(2089858483,0ecaa5967403d082aa24f35e1b516d23)
Start importing Assets/ModernSupermarket/Textures/Surfaces/Ceiling_ei180i/Ceiling_ei180i_n.png using Guid(60e612ba5f425ce4f93a45a48e9f54b1) Importer(2089858483,0ecaa5967403d082aa24f35e1b516d23) [PhysX] Initialized MultithreadedTaskDispatcher with 10 workers.
 -> (artifact id: 'add6fb12aa12e3ebaf5f61b475b64ef6') in 0.008263 seconds
Number of updated asset objects reloaded before import = 0
Number of asset objects unloaded after import = 1
========================================================================
Received Import Request.
  Time since last request: 0.000060 seconds.
  path: Assets/ModernSupermarket/Prefabs/Props/Products/YoghurtPack_kjd150.prefab
  artifactKey: Guid(a7f09ccc2d3a442489dcb7abaa467ffd) Importer(2089858483,0ecaa5967403d082aa24f35e1b516d23)
Start importing Assets/ModernSupermarket/Prefabs/Props/Products/YoghurtPack_kjd150.prefab using Guid(a7f09ccc2d3a442489dcb7abaa467ffd) Importer(2089858483,0ecaa5967403d082aa24f35e1b516d23) [PhysX] Initialized MultithreadedTaskDispatcher with 10 workers.
 -> (artifact id: '9adb792e05632fa754706328f4fbf404') in 0.004025 seconds
Number of updated asset objects reloaded before import = 0
Number of asset objects unloaded after import = 8
========================================================================
Received Import Request.
  Time since last request: 0.000039 seconds.
  path: Assets/ModernSupermarket/Prefabs/Props/Products/Vase_0p0iky_01_Var01.prefab
  artifactKey: Guid(60588303b310cd547b759b21ee2f6ee1) Importer(2089858483,0ecaa5967403d082aa24f35e1b516d23)
Start importing Assets/ModernSupermarket/Prefabs/Props/Products/Vase_0p0iky_01_Var01.prefab using Guid(60588303b310cd547b759b21ee2f6ee1) Importer(2089858483,0ecaa5967403d082aa24f35e1b516d23) [PhysX] Initialized MultithreadedTaskDispatcher with 10 workers.
 -> (artifact id: '7c178dc8ba813caf7e3b608403e3ca56') in 0.004611 seconds
Number of updated asset objects reloaded before import = 0
Number of asset objects unloaded after import = 16
========================================================================
Received Import Request.
  Time since last request: 0.000081 seconds.
  path: Assets/ModernSupermarket/Prefabs/Props/Products/TinCan_60afsy_02_Var01.prefab
  artifactKey: Guid(480ac4db1301e3046b3fcd90828a33a9) Importer(2089858483,0ecaa5967403d082aa24f35e1b516d23)
Start importing Assets/ModernSupermarket/Prefabs/Props/Products/TinCan_60afsy_02_Var01.prefab using Guid(480ac4db1301e3046b3fcd90828a33a9) Importer(2089858483,0ecaa5967403d082aa24f35e1b516d23) [PhysX] Initialized MultithreadedTaskDispatcher with 10 workers.
 -> (artifact id: 'a3c406ea750ea81bb437d9d40c5946bd') in 0.007294 seconds
Number of updated asset objects reloaded before import = 0
Number of asset objects unloaded after import = 15
========================================================================
Received Import Request.
  Time since last request: 0.000032 seconds.
  path: Assets/ModernSupermarket/Prefabs/Props/Products/SlicedBread_tp7aom_Pack01.prefab
  artifactKey: Guid(30f466339b33f9947a329dadf92fcfdc) Importer(2089858483,0ecaa5967403d082aa24f35e1b516d23)
Start importing Assets/ModernSupermarket/Prefabs/Props/Products/SlicedBread_tp7aom_Pack01.prefab using Guid(30f466339b33f9947a329dadf92fcfdc) Importer(2089858483,0ecaa5967403d082aa24f35e1b516d23) [PhysX] Initialized MultithreadedTaskDispatcher with 10 workers.
 -> (artifact id: '44933f0ef1c53500489c0e4c5a8a6baf') in 0.004897 seconds
Number of updated asset objects reloaded before import = 0
Number of asset objects unloaded after import = 8
========================================================================
Received Import Request.
  Time since last request: 0.000032 seconds.
  path: Assets/ModernSupermarket/Prefabs/Props/Products/Shampoo_u15m67_Pack01_Var01.prefab
  artifactKey: Guid(033877298800c814a8ca5888a8041b7f) Importer(2089858483,0ecaa5967403d082aa24f35e1b516d23)
Start importing Assets/ModernSupermarket/Prefabs/Props/Products/Shampoo_u15m67_Pack01_Var01.prefab using Guid(033877298800c814a8ca5888a8041b7f) Importer(2089858483,0ecaa5967403d082aa24f35e1b516d23) [PhysX] Initialized MultithreadedTaskDispatcher with 10 workers.
 -> (artifact id: 'b434432d9cffe026aad9017140a57284') in 0.004088 seconds
Number of updated asset objects reloaded before import = 0
Number of asset objects unloaded after import = 15
========================================================================
Received Import Request.
  Time since last request: 0.000038 seconds.
  path: Assets/ModernSupermarket/Prefabs/Props/Products/Shampoo_lvhjkn_Pack01_Var01.prefab
  artifactKey: Guid(3d347801d6b57b742a1c7e3b1bb9e877) Importer(2089858483,0ecaa5967403d082aa24f35e1b516d23)
Start importing Assets/ModernSupermarket/Prefabs/Props/Products/Shampoo_lvhjkn_Pack01_Var01.prefab using Guid(3d347801d6b57b742a1c7e3b1bb9e877) Importer(2089858483,0ecaa5967403d082aa24f35e1b516d23) [PhysX] Initialized MultithreadedTaskDispatcher with 10 workers.
 -> (artifact id: '0d9ac5313eb5f1c3b52334f482c560ac') in 0.004113 seconds
Number of updated asset objects reloaded before import = 0
Number of asset objects unloaded after import = 15
========================================================================
Received Import Request.
  Time since last request: 0.000043 seconds.
  path: Assets/ModernSupermarket/Prefabs/Props/Products/Sushis_jtvduo.prefab
  artifactKey: Guid(030c7a3ef8bdc9741b1b95ce21a3a528) Importer(2089858483,0ecaa5967403d082aa24f35e1b516d23)
Start importing Assets/ModernSupermarket/Prefabs/Props/Products/Sushis_jtvduo.prefab using Guid(030c7a3ef8bdc9741b1b95ce21a3a528) Importer(2089858483,0ecaa5967403d082aa24f35e1b516d23) [PhysX] Initialized MultithreadedTaskDispatcher with 10 workers.
 -> (artifact id: '23862e343d4fcb6fe0d7f79354a410fa') in 0.006966 seconds
Number of updated asset objects reloaded before import = 0
Number of asset objects unloaded after import = 8
========================================================================
Received Import Request.
  Time since last request: 0.000035 seconds.
  path: Assets/ModernSupermarket/Prefabs/Props/Utility/Crate_7qf4hw.prefab
  artifactKey: Guid(6b96e1c342edbbe4190b03178f199220) Importer(2089858483,0ecaa5967403d082aa24f35e1b516d23)
Start importing Assets/ModernSupermarket/Prefabs/Props/Utility/Crate_7qf4hw.prefab using Guid(6b96e1c342edbbe4190b03178f199220) Importer(2089858483,0ecaa5967403d082aa24f35e1b516d23) [PhysX] Initialized MultithreadedTaskDispatcher with 10 workers.
 -> (artifact id: '0750dfd3985fb654a3a0872f278af30f') in 0.003713 seconds
Number of updated asset objects reloaded before import = 0
Number of asset objects unloaded after import = 8
========================================================================
Received Import Request.
  Time since last request: 0.000050 seconds.
  path: Assets/ModernSupermarket/Textures/Surfaces/Ceiling_ei180i/Ceiling_ei180i_o.png
  artifactKey: Guid(464c3ed115033284e9515e97099ef236) Importer(2089858483,0ecaa5967403d082aa24f35e1b516d23)
Start importing Assets/ModernSupermarket/Textures/Surfaces/Ceiling_ei180i/Ceiling_ei180i_o.png using Guid(464c3ed115033284e9515e97099ef236) Importer(2089858483,0ecaa5967403d082aa24f35e1b516d23) [PhysX] Initialized MultithreadedTaskDispatcher with 10 workers.
 -> (artifact id: 'a7a3899f34d24acee0cf3e9e99fe95d3') in 0.006510 seconds
Number of updated asset objects reloaded before import = 0
Number of asset objects unloaded after import = 1
========================================================================
Received Import Request.
  Time since last request: 0.000074 seconds.
  path: Assets/ModernSupermarket/Textures/Surfaces/Ceiling_ei180i/Ceiling_ei180i_m.png
  artifactKey: Guid(d91821f0ff2032440ab143d24fce6502) Importer(2089858483,0ecaa5967403d082aa24f35e1b516d23)
Start importing Assets/ModernSupermarket/Textures/Surfaces/Ceiling_ei180i/Ceiling_ei180i_m.png using Guid(d91821f0ff2032440ab143d24fce6502) Importer(2089858483,0ecaa5967403d082aa24f35e1b516d23) [PhysX] Initialized MultithreadedTaskDispatcher with 10 workers.
 -> (artifact id: '9e90990c34482a399f3903cf7cf685cb') in 0.008143 seconds
Number of updated asset objects reloaded before import = 0
Number of asset objects unloaded after import = 1
========================================================================
Received Import Request.
  Time since last request: 0.000176 seconds.
  path: Assets/ModernSupermarket/Prefabs/Props/Products/Soda_7gwg2t_Pack01.prefab
  artifactKey: Guid(6245a3af1846c694db38b924cbde46fc) Importer(2089858483,0ecaa5967403d082aa24f35e1b516d23)
Start importing Assets/ModernSupermarket/Prefabs/Props/Products/Soda_7gwg2t_Pack01.prefab using Guid(6245a3af1846c694db38b924cbde46fc) Importer(2089858483,0ecaa5967403d082aa24f35e1b516d23) [PhysX] Initialized MultithreadedTaskDispatcher with 10 workers.
 -> (artifact id: '93936b8a7b655dad004674379f90c1e5') in 0.003913 seconds
Number of updated asset objects reloaded before import = 0
Number of asset objects unloaded after import = 8
========================================================================
Received Import Request.
  Time since last request: 0.000048 seconds.
  path: Assets/ModernSupermarket/Prefabs/Props/Products/Shampoo_lvhjkn_Var02.prefab
  artifactKey: Guid(412529a781f99a34ba02c5f0a6b4b924) Importer(2089858483,0ecaa5967403d082aa24f35e1b516d23)
Start importing Assets/ModernSupermarket/Prefabs/Props/Products/Shampoo_lvhjkn_Var02.prefab using Guid(412529a781f99a34ba02c5f0a6b4b924) Importer(2089858483,0ecaa5967403d082aa24f35e1b516d23) [PhysX] Initialized MultithreadedTaskDispatcher with 10 workers.
 -> (artifact id: 'a0d26aa1faecea909af70f9c06dc992f') in 0.006630 seconds
Number of updated asset objects reloaded before import = 0
Number of asset objects unloaded after import = 15
========================================================================
Received Import Request.
  Time since last request: 0.000064 seconds.
  path: Assets/ModernSupermarket/Prefabs/Props/Products/SweetJar_lpbii4_Pack01.prefab
  artifactKey: Guid(faa1421eaaa699b4a9e9e6d2ece290f3) Importer(2089858483,0ecaa5967403d082aa24f35e1b516d23)
Start importing Assets/ModernSupermarket/Prefabs/Props/Products/SweetJar_lpbii4_Pack01.prefab using Guid(faa1421eaaa699b4a9e9e6d2ece290f3) Importer(2089858483,0ecaa5967403d082aa24f35e1b516d23) [PhysX] Initialized MultithreadedTaskDispatcher with 10 workers.
 -> (artifact id: '8680b33cc5e880a36bcbc31085344d79') in 0.004864 seconds
Number of updated asset objects reloaded before import = 0
Number of asset objects unloaded after import = 8
========================================================================
Received Import Request.
  Time since last request: 0.000048 seconds.
  path: Assets/ModernSupermarket/Prefabs/Props/Utility/FireExtinguisher_ha3jqe.prefab
  artifactKey: Guid(b9c0024848346d24d81a9199decb4f0b) Importer(2089858483,0ecaa5967403d082aa24f35e1b516d23)
Start importing Assets/ModernSupermarket/Prefabs/Props/Utility/FireExtinguisher_ha3jqe.prefab using Guid(b9c0024848346d24d81a9199decb4f0b) Importer(2089858483,0ecaa5967403d082aa24f35e1b516d23) [PhysX] Initialized MultithreadedTaskDispatcher with 10 workers.
 -> (artifact id: '7872c9113d16d5052579efd3f87143c5') in 0.004399 seconds
Number of updated asset objects reloaded before import = 0
Number of asset objects unloaded after import = 8
========================================================================
Received Import Request.
  Time since last request: 0.000041 seconds.
  path: Assets/ModernSupermarket/Prefabs/Props/Products/Shampoo_u15m67_Pack01_Var04.prefab
  artifactKey: Guid(2519d453fd2957644ac528bb315fded8) Importer(2089858483,0ecaa5967403d082aa24f35e1b516d23)
Start importing Assets/ModernSupermarket/Prefabs/Props/Products/Shampoo_u15m67_Pack01_Var04.prefab using Guid(2519d453fd2957644ac528bb315fded8) Importer(2089858483,0ecaa5967403d082aa24f35e1b516d23) [PhysX] Initialized MultithreadedTaskDispatcher with 10 workers.
 -> (artifact id: '65b4d7a6a461fac8f8404ba92ef1c0b8') in 0.004290 seconds
Number of updated asset objects reloaded before import = 0
Number of asset objects unloaded after import = 15
========================================================================
Received Import Request.
  Time since last request: 0.000040 seconds.
  path: Assets/ModernSupermarket/Prefabs/Props/Products/Sugar_ffc568_Pack01.prefab
  artifactKey: Guid(308c44d7de532254081b5690b56af6d7) Importer(2089858483,0ecaa5967403d082aa24f35e1b516d23)
Start importing Assets/ModernSupermarket/Prefabs/Props/Products/Sugar_ffc568_Pack01.prefab using Guid(308c44d7de532254081b5690b56af6d7) Importer(2089858483,0ecaa5967403d082aa24f35e1b516d23) [PhysX] Initialized MultithreadedTaskDispatcher with 10 workers.
 -> (artifact id: '6857fca7c1f36df5a45fd1c32ac269af') in 0.007159 seconds
Number of updated asset objects reloaded before import = 0
Number of asset objects unloaded after import = 8
========================================================================
Received Import Request.
  Time since last request: 0.000081 seconds.
  path: Assets/ModernSupermarket/Prefabs/Props/Products/Yoghurt_rk7lsf_Var02.prefab
  artifactKey: Guid(b1582a84a2b6f2f4e8fd381c6e4bb902) Importer(2089858483,0ecaa5967403d082aa24f35e1b516d23)
Start importing Assets/ModernSupermarket/Prefabs/Props/Products/Yoghurt_rk7lsf_Var02.prefab using Guid(b1582a84a2b6f2f4e8fd381c6e4bb902) Importer(2089858483,0ecaa5967403d082aa24f35e1b516d23) [PhysX] Initialized MultithreadedTaskDispatcher with 10 workers.
 -> (artifact id: '429123b39a84cc1ee135b214b43d666a') in 0.004142 seconds
Number of updated asset objects reloaded before import = 0
Number of asset objects unloaded after import = 21
========================================================================
Received Import Request.
  Time since last request: 0.000033 seconds.
  path: Assets/ModernSupermarket/Prefabs/Props/Products/Rice_rewt3q_Pack01.prefab
  artifactKey: Guid(107e8b5486a6f9e4e94a66d82e7aae44) Importer(2089858483,0ecaa5967403d082aa24f35e1b516d23)
Start importing Assets/ModernSupermarket/Prefabs/Props/Products/Rice_rewt3q_Pack01.prefab using Guid(107e8b5486a6f9e4e94a66d82e7aae44) Importer(2089858483,0ecaa5967403d082aa24f35e1b516d23) [PhysX] Initialized MultithreadedTaskDispatcher with 10 workers.
 -> (artifact id: '46e31eac59f4bb1874e6323659d031b4') in 0.003951 seconds
Number of updated asset objects reloaded before import = 0
Number of asset objects unloaded after import = 8
========================================================================
Received Import Request.
  Time since last request: 0.000058 seconds.
  path: Assets/ModernSupermarket/Prefabs/Props/Products/Yoghurt_rk7lsf.prefab
  artifactKey: Guid(c23224ca51e98f34998d35c54e7ef2a9) Importer(2089858483,0ecaa5967403d082aa24f35e1b516d23)
Start importing Assets/ModernSupermarket/Prefabs/Props/Products/Yoghurt_rk7lsf.prefab using Guid(c23224ca51e98f34998d35c54e7ef2a9) Importer(2089858483,0ecaa5967403d082aa24f35e1b516d23) [PhysX] Initialized MultithreadedTaskDispatcher with 10 workers.
 -> (artifact id: 'e455f2720de2055d10c448eab7d5909b') in 0.003206 seconds
Number of updated asset objects reloaded before import = 0
Number of asset objects unloaded after import = 8
========================================================================
Received Import Request.
  Time since last request: 0.000064 seconds.
  path: Assets/ModernSupermarket/Prefabs/Props/Products/PetFood_3pjwif_Pack01.prefab
  artifactKey: Guid(79518686a80eb8145bb52b51ccb8d26a) Importer(2089858483,0ecaa5967403d082aa24f35e1b516d23)
Start importing Assets/ModernSupermarket/Prefabs/Props/Products/PetFood_3pjwif_Pack01.prefab using Guid(79518686a80eb8145bb52b51ccb8d26a) Importer(2089858483,0ecaa5967403d082aa24f35e1b516d23) [PhysX] Initialized MultithreadedTaskDispatcher with 10 workers.
 -> (artifact id: '34702c1f50d38b56c131c95798d652b6') in 0.006802 seconds
Number of updated asset objects reloaded before import = 0
Number of asset objects unloaded after import = 8
========================================================================
Received Import Request.
  Time since last request: 0.000032 seconds.
  path: Assets/ModernSupermarket/Prefabs/Props/Products/Vase_x3wysg_01.prefab
  artifactKey: Guid(19b578d096e35c44bb58b28b8c4613f7) Importer(2089858483,0ecaa5967403d082aa24f35e1b516d23)
Start importing Assets/ModernSupermarket/Prefabs/Props/Products/Vase_x3wysg_01.prefab using Guid(19b578d096e35c44bb58b28b8c4613f7) Importer(2089858483,0ecaa5967403d082aa24f35e1b516d23) [PhysX] Initialized MultithreadedTaskDispatcher with 10 workers.
 -> (artifact id: 'b0784a2283fb6dbc12ab4ff5a1cb227d') in 0.009519 seconds
Number of updated asset objects reloaded before import = 0
Number of asset objects unloaded after import = 8
========================================================================
Received Import Request.
  Time since last request: 0.000281 seconds.
  path: Assets/ModernSupermarket/Prefabs/Props/Products/Soda_d7rdw9_Pack02.prefab
  artifactKey: Guid(878b134cd0da8f84b8f7b2372e4a887e) Importer(2089858483,0ecaa5967403d082aa24f35e1b516d23)
Start importing Assets/ModernSupermarket/Prefabs/Props/Products/Soda_d7rdw9_Pack02.prefab using Guid(878b134cd0da8f84b8f7b2372e4a887e) Importer(2089858483,0ecaa5967403d082aa24f35e1b516d23) [PhysX] Initialized MultithreadedTaskDispatcher with 10 workers.
 -> (artifact id: '19489599f8e7a19dd1b204aa35b985bf') in 0.006466 seconds
Number of updated asset objects reloaded before import = 0
Number of asset objects unloaded after import = 8
========================================================================
Received Import Request.
  Time since last request: 0.000063 seconds.
  path: Assets/ModernSupermarket/Prefabs/Props/Products/Vase_0p0iky_03.prefab
  artifactKey: Guid(271caefda2e64d443b912534827afe5d) Importer(2089858483,0ecaa5967403d082aa24f35e1b516d23)
Start importing Assets/ModernSupermarket/Prefabs/Props/Products/Vase_0p0iky_03.prefab using Guid(271caefda2e64d443b912534827afe5d) Importer(2089858483,0ecaa5967403d082aa24f35e1b516d23) [PhysX] Initialized MultithreadedTaskDispatcher with 10 workers.
 -> (artifact id: 'bdb6bce0a01e011e17be41cf90d0f6ba') in 0.004127 seconds
Number of updated asset objects reloaded before import = 0
Number of asset objects unloaded after import = 8
========================================================================
Received Import Request.
  Time since last request: 0.000067 seconds.
  path: Assets/ModernSupermarket/Prefabs/Props/Products/PotatoeBag_gcx3y2.prefab
  artifactKey: Guid(bd0eef10dd0e7fd438a4e56045b9d461) Importer(2089858483,0ecaa5967403d082aa24f35e1b516d23)
Start importing Assets/ModernSupermarket/Prefabs/Props/Products/PotatoeBag_gcx3y2.prefab using Guid(bd0eef10dd0e7fd438a4e56045b9d461) Importer(2089858483,0ecaa5967403d082aa24f35e1b516d23) [PhysX] Initialized MultithreadedTaskDispatcher with 10 workers.
 -> (artifact id: '24cc49004f5897df08c42628206381a6') in 0.007486 seconds
Number of updated asset objects reloaded before import = 0
Number of asset objects unloaded after import = 8
========================================================================
Received Import Request.
  Time since last request: 0.000040 seconds.
  path: Assets/ModernSupermarket/Prefabs/Props/Products/TinCan_60afsy_Pack01.prefab
  artifactKey: Guid(265ca1fb21f0ae744a2ecd6b9b6c674e) Importer(2089858483,0ecaa5967403d082aa24f35e1b516d23)
Start importing Assets/ModernSupermarket/Prefabs/Props/Products/TinCan_60afsy_Pack01.prefab using Guid(265ca1fb21f0ae744a2ecd6b9b6c674e) Importer(2089858483,0ecaa5967403d082aa24f35e1b516d23) [PhysX] Initialized MultithreadedTaskDispatcher with 10 workers.
 -> (artifact id: 'f92b586ab80d0ee08a4dde73ff956b7c') in 0.004827 seconds
Number of updated asset objects reloaded before import = 0
Number of asset objects unloaded after import = 8
========================================================================
Received Import Request.
  Time since last request: 0.000035 seconds.
  path: Assets/ModernSupermarket/Prefabs/Props/Products/Pasta_g87jtq_Pack01.prefab
  artifactKey: Guid(96f1062f02875c843b3100cb31acc392) Importer(2089858483,0ecaa5967403d082aa24f35e1b516d23)
Start importing Assets/ModernSupermarket/Prefabs/Props/Products/Pasta_g87jtq_Pack01.prefab using Guid(96f1062f02875c843b3100cb31acc392) Importer(2089858483,0ecaa5967403d082aa24f35e1b516d23) [PhysX] Initialized MultithreadedTaskDispatcher with 10 workers.
 -> (artifact id: 'bfe63323c7a8266f33ff7bea8e2c753b') in 0.003980 seconds
Number of updated asset objects reloaded before import = 0
Number of asset objects unloaded after import = 8
========================================================================
Received Import Request.
  Time since last request: 0.000044 seconds.
  path: Assets/ModernSupermarket/Prefabs/Props/Products/WineBottle_2b6kjh_Pack01.prefab
  artifactKey: Guid(54435621f4735d440893831dc3a4db6e) Importer(2089858483,0ecaa5967403d082aa24f35e1b516d23)
Start importing Assets/ModernSupermarket/Prefabs/Props/Products/WineBottle_2b6kjh_Pack01.prefab using Guid(54435621f4735d440893831dc3a4db6e) Importer(2089858483,0ecaa5967403d082aa24f35e1b516d23) [PhysX] Initialized MultithreadedTaskDispatcher with 10 workers.
 -> (artifact id: '9a70f1b548de4bad5c28f98310206b4c') in 0.003942 seconds
Number of updated asset objects reloaded before import = 0
Number of asset objects unloaded after import = 8
========================================================================
Received Import Request.
  Time since last request: 0.000080 seconds.
  path: Assets/ModernSupermarket/Scenes/Scene_Supermarket/Supermarket/Lightmap-1_comp_dir.png
  artifactKey: Guid(fe5f764627ee11345a66358497e4d28a) Importer(2089858483,0ecaa5967403d082aa24f35e1b516d23)
Start importing Assets/ModernSupermarket/Scenes/Scene_Supermarket/Supermarket/Lightmap-1_comp_dir.png using Guid(fe5f764627ee11345a66358497e4d28a) Importer(2089858483,0ecaa5967403d082aa24f35e1b516d23) [PhysX] Initialized MultithreadedTaskDispatcher with 10 workers.
 -> (artifact id: '6a8bd3777d51c51c6f730d20afaf6173') in 0.018108 seconds
Number of updated asset objects reloaded before import = 0
Number of asset objects unloaded after import = 1
========================================================================
Received Import Request.
  Time since last request: 0.000101 seconds.
  path: Assets/ModernSupermarket/Prefabs/Props/Products/Sushis_r6r1w6.prefab
  artifactKey: Guid(2a8e5997c508e3046b003d3f3acd42fd) Importer(2089858483,0ecaa5967403d082aa24f35e1b516d23)
Start importing Assets/ModernSupermarket/Prefabs/Props/Products/Sushis_r6r1w6.prefab using Guid(2a8e5997c508e3046b003d3f3acd42fd) Importer(2089858483,0ecaa5967403d082aa24f35e1b516d23) [PhysX] Initialized MultithreadedTaskDispatcher with 10 workers.
 -> (artifact id: '02527c5e22d4d2c4c5c979ece99dab0b') in 0.004211 seconds
Number of updated asset objects reloaded before import = 0
Number of asset objects unloaded after import = 8
========================================================================
Received Import Request.
  Time since last request: 0.000053 seconds.
  path: Assets/ModernSupermarket/Prefabs/Props/Products/Shampoo_u15m67.prefab
  artifactKey: Guid(abf4397b6c1803d40a3051d9d98fe623) Importer(2089858483,0ecaa5967403d082aa24f35e1b516d23)
Start importing Assets/ModernSupermarket/Prefabs/Props/Products/Shampoo_u15m67.prefab using Guid(abf4397b6c1803d40a3051d9d98fe623) Importer(2089858483,0ecaa5967403d082aa24f35e1b516d23) [PhysX] Initialized MultithreadedTaskDispatcher with 10 workers.
 -> (artifact id: '07237ff0cb5a3bbb75d9f3ad2fc70d72') in 0.003603 seconds
Number of updated asset objects reloaded before import = 0
Number of asset objects unloaded after import = 8
========================================================================
Received Import Request.
  Time since last request: 0.000098 seconds.
  path: Assets/ModernSupermarket/Prefabs/Props/Products/ToiletPaper_tunz3i_Pack01.prefab
  artifactKey: Guid(7f78cb130f688fe42ade6b38d9022c67) Importer(2089858483,0ecaa5967403d082aa24f35e1b516d23)
Start importing Assets/ModernSupermarket/Prefabs/Props/Products/ToiletPaper_tunz3i_Pack01.prefab using Guid(7f78cb130f688fe42ade6b38d9022c67) Importer(2089858483,0ecaa5967403d082aa24f35e1b516d23) [PhysX] Initialized MultithreadedTaskDispatcher with 10 workers.
 -> (artifact id: '7eef36389b4482ed51d1883869c5bc16') in 0.004358 seconds
Number of updated asset objects reloaded before import = 0
Number of asset objects unloaded after import = 8
========================================================================
Received Import Request.
  Time since last request: 0.000122 seconds.
  path: Assets/ModernSupermarket/Prefabs/Props/Products/Shampoo_u15m67_Pack01_Var05.prefab
  artifactKey: Guid(503d1c778180a9641a8331c64f8d7668) Importer(2089858483,0ecaa5967403d082aa24f35e1b516d23)
Start importing Assets/ModernSupermarket/Prefabs/Props/Products/Shampoo_u15m67_Pack01_Var05.prefab using Guid(503d1c778180a9641a8331c64f8d7668) Importer(2089858483,0ecaa5967403d082aa24f35e1b516d23) [PhysX] Initialized MultithreadedTaskDispatcher with 10 workers.
 -> (artifact id: '148642ff7983bf9f70e59dd0f4161021') in 0.007046 seconds
Number of updated asset objects reloaded before import = 0
Number of asset objects unloaded after import = 15
========================================================================
Received Import Request.
  Time since last request: 0.000046 seconds.
  path: Assets/ModernSupermarket/Scenes/Scene_Prefabs/Scene_Prefabs/LightingData.asset
  artifactKey: Guid(74bf2963d26f3d04389d38ec4ec92258) Importer(2089858483,0ecaa5967403d082aa24f35e1b516d23)
Start importing Assets/ModernSupermarket/Scenes/Scene_Prefabs/Scene_Prefabs/LightingData.asset using Guid(74bf2963d26f3d04389d38ec4ec92258) Importer(2089858483,0ecaa5967403d082aa24f35e1b516d23) [PhysX] Initialized MultithreadedTaskDispatcher with 10 workers.
 -> (artifact id: 'a82b9a9982269018b53e03da5afd0628') in 0.002355 seconds
Number of updated asset objects reloaded before import = 0
Number of asset objects unloaded after import = 2
========================================================================
Received Import Request.
  Time since last request: 0.000046 seconds.
  path: Assets/ModernSupermarket/Prefabs/Props/Products/Sauce_cfrew8_Var01.prefab
  artifactKey: Guid(5c7e9f8aeb2c71a41b42c79270e26f16) Importer(2089858483,0ecaa5967403d082aa24f35e1b516d23)
Start importing Assets/ModernSupermarket/Prefabs/Props/Products/Sauce_cfrew8_Var01.prefab using Guid(5c7e9f8aeb2c71a41b42c79270e26f16) Importer(2089858483,0ecaa5967403d082aa24f35e1b516d23) [PhysX] Initialized MultithreadedTaskDispatcher with 10 workers.
 -> (artifact id: 'a89dc80f4c96af88c7527b6b08346927') in 0.003610 seconds
Number of updated asset objects reloaded before import = 0
Number of asset objects unloaded after import = 15
========================================================================
Received Import Request.
  Time since last request: 0.000054 seconds.
  path: Assets/ModernSupermarket/Prefabs/Props/Products/Soap_1rcsb1.prefab
  artifactKey: Guid(c753ce760b8340749a58f7a713751e33) Importer(2089858483,0ecaa5967403d082aa24f35e1b516d23)
Start importing Assets/ModernSupermarket/Prefabs/Props/Products/Soap_1rcsb1.prefab using Guid(c753ce760b8340749a58f7a713751e33) Importer(2089858483,0ecaa5967403d082aa24f35e1b516d23) [PhysX] Initialized MultithreadedTaskDispatcher with 10 workers.
 -> (artifact id: '6de6b0a9fbbf85bf6af1b311740a8a76') in 0.003518 seconds
Number of updated asset objects reloaded before import = 0
Number of asset objects unloaded after import = 8
========================================================================
Received Import Request.
  Time since last request: 0.000059 seconds.
  path: Assets/ModernSupermarket/Prefabs/Props/Products/ToyCar_t5i4lw.prefab
  artifactKey: Guid(81fb66d5a565dc34c8f2933bcf64aedd) Importer(2089858483,0ecaa5967403d082aa24f35e1b516d23)
Start importing Assets/ModernSupermarket/Prefabs/Props/Products/ToyCar_t5i4lw.prefab using Guid(81fb66d5a565dc34c8f2933bcf64aedd) Importer(2089858483,0ecaa5967403d082aa24f35e1b516d23) [PhysX] Initialized MultithreadedTaskDispatcher with 10 workers.
 -> (artifact id: 'b65a191409361454f1e7ed6562f557fb') in 0.004466 seconds
Number of updated asset objects reloaded before import = 0
Number of asset objects unloaded after import = 8
========================================================================
Received Import Request.
  Time since last request: 0.000041 seconds.
  path: Assets/ModernSupermarket/Scenes/Scene_Prefabs/Scene_Prefabs/ReflectionProbe-0.exr
  artifactKey: Guid(7b38257e43b78c24c880d5f446253316) Importer(2089858483,0ecaa5967403d082aa24f35e1b516d23)
Start importing Assets/ModernSupermarket/Scenes/Scene_Prefabs/Scene_Prefabs/ReflectionProbe-0.exr using Guid(7b38257e43b78c24c880d5f446253316) Importer(2089858483,0ecaa5967403d082aa24f35e1b516d23) [PhysX] Initialized MultithreadedTaskDispatcher with 10 workers.
 -> (artifact id: 'f1b80abd969ee03f13ec43a6a979f21c') in 0.004373 seconds
Number of updated asset objects reloaded before import = 0
Number of asset objects unloaded after import = 1
========================================================================
Received Import Request.
  Time since last request: 0.000050 seconds.
  path: Assets/ModernSupermarket/Prefabs/Props/Products/Pasta_g87jtq_Pack02.prefab
  artifactKey: Guid(8020eeb5a5af97d489ad10a32c4bef91) Importer(2089858483,0ecaa5967403d082aa24f35e1b516d23)
Start importing Assets/ModernSupermarket/Prefabs/Props/Products/Pasta_g87jtq_Pack02.prefab using Guid(8020eeb5a5af97d489ad10a32c4bef91) Importer(2089858483,0ecaa5967403d082aa24f35e1b516d23) [PhysX] Initialized MultithreadedTaskDispatcher with 10 workers.
 -> (artifact id: '4a4021a3969c37afcc0ba800d9032a8e') in 0.006641 seconds
Number of updated asset objects reloaded before import = 0
Number of asset objects unloaded after import = 8
========================================================================
Received Import Request.
  Time since last request: 0.000080 seconds.
  path: Assets/ModernSupermarket/Prefabs/Props/Utility/WetFloor_fxi59q.prefab
  artifactKey: Guid(38f66f4ee22bedd4a856a09b6292b9ba) Importer(2089858483,0ecaa5967403d082aa24f35e1b516d23)
Start importing Assets/ModernSupermarket/Prefabs/Props/Utility/WetFloor_fxi59q.prefab using Guid(38f66f4ee22bedd4a856a09b6292b9ba) Importer(2089858483,0ecaa5967403d082aa24f35e1b516d23) [PhysX] Initialized MultithreadedTaskDispatcher with 10 workers.
 -> (artifact id: 'c200972a5f21228d0c67735633dd26c2') in 0.004079 seconds
Number of updated asset objects reloaded before import = 0
Number of asset objects unloaded after import = 8
========================================================================
Received Import Request.
  Time since last request: 0.000053 seconds.
  path: Assets/ModernSupermarket/Prefabs/Props/Utility/Crate_omgea6_Var01.prefab
  artifactKey: Guid(77a5242fba8dbd449a6d84b0b2d5d04a) Importer(2089858483,0ecaa5967403d082aa24f35e1b516d23)
Start importing Assets/ModernSupermarket/Prefabs/Props/Utility/Crate_omgea6_Var01.prefab using Guid(77a5242fba8dbd449a6d84b0b2d5d04a) Importer(2089858483,0ecaa5967403d082aa24f35e1b516d23) [PhysX] Initialized MultithreadedTaskDispatcher with 10 workers.
 -> (artifact id: '1ffda7376dd52c5bdb4fd2c0e366e1ed') in 0.003356 seconds
Number of updated asset objects reloaded before import = 0
Number of asset objects unloaded after import = 8
========================================================================
Received Import Request.
  Time since last request: 0.000028 seconds.
  path: Assets/ModernSupermarket/Prefabs/Props/Utility/Crate_omgea6_Var02.prefab
  artifactKey: Guid(3b9a9ff64dbebc9449515f08eb16ed82) Importer(2089858483,0ecaa5967403d082aa24f35e1b516d23)
Start importing Assets/ModernSupermarket/Prefabs/Props/Utility/Crate_omgea6_Var02.prefab using Guid(3b9a9ff64dbebc9449515f08eb16ed82) Importer(2089858483,0ecaa5967403d082aa24f35e1b516d23) [PhysX] Initialized MultithreadedTaskDispatcher with 10 workers.
 -> (artifact id: '33333db0af01e482c47bbe563c57b319') in 0.003477 seconds
Number of updated asset objects reloaded before import = 0
Number of asset objects unloaded after import = 8
========================================================================
Received Import Request.
  Time since last request: 0.000072 seconds.
  path: Assets/ModernSupermarket/Prefabs/Props/Products/Teabox_5oq0ki_Var02.prefab
  artifactKey: Guid(d212f9ac16107a74c813c1f76aa9e30e) Importer(2089858483,0ecaa5967403d082aa24f35e1b516d23)
Start importing Assets/ModernSupermarket/Prefabs/Props/Products/Teabox_5oq0ki_Var02.prefab using Guid(d212f9ac16107a74c813c1f76aa9e30e) Importer(2089858483,0ecaa5967403d082aa24f35e1b516d23) [PhysX] Initialized MultithreadedTaskDispatcher with 10 workers.
 -> (artifact id: 'fbe61b874be4178d744086c3854b016e') in 0.006907 seconds
Number of updated asset objects reloaded before import = 0
Number of asset objects unloaded after import = 16
========================================================================
Received Import Request.
  Time since last request: 0.000042 seconds.
  path: Assets/ModernSupermarket/Prefabs/Props/Utility/Rooflight_9ecem1.prefab
  artifactKey: Guid(f2da9aec35a7c4b439f1dbdbe1dcac4f) Importer(2089858483,0ecaa5967403d082aa24f35e1b516d23)
Start importing Assets/ModernSupermarket/Prefabs/Props/Utility/Rooflight_9ecem1.prefab using Guid(f2da9aec35a7c4b439f1dbdbe1dcac4f) Importer(2089858483,0ecaa5967403d082aa24f35e1b516d23) [PhysX] Initialized MultithreadedTaskDispatcher with 10 workers.
 -> (artifact id: '215c6cf732197c6214a622d4881f63cc') in 0.002140 seconds
Number of updated asset objects reloaded before import = 0
Number of asset objects unloaded after import = 26
========================================================================
Received Import Request.
  Time since last request: 0.000166 seconds.
  path: Assets/ModernSupermarket/Prefabs/Props/Products/Teabox_5oq0ki_Var01.prefab
  artifactKey: Guid(ff36437ab5a3a5d4a93610a7cc79ac52) Importer(2089858483,0ecaa5967403d082aa24f35e1b516d23)
Start importing Assets/ModernSupermarket/Prefabs/Props/Products/Teabox_5oq0ki_Var01.prefab using Guid(ff36437ab5a3a5d4a93610a7cc79ac52) Importer(2089858483,0ecaa5967403d082aa24f35e1b516d23) [PhysX] Initialized MultithreadedTaskDispatcher with 10 workers.
 -> (artifact id: 'cb23ef08a41bc07949cb73346e41f13c') in 0.004306 seconds
Number of updated asset objects reloaded before import = 0
Number of asset objects unloaded after import = 16
========================================================================
Received Import Request.
  Time since last request: 0.000052 seconds.
  path: Assets/ModernSupermarket/Prefabs/Props/Products/Vase_x3wysg_02_Var01.prefab
  artifactKey: Guid(f09d6335562935c43ba704ac8e6b50c3) Importer(2089858483,0ecaa5967403d082aa24f35e1b516d23)
Start importing Assets/ModernSupermarket/Prefabs/Props/Products/Vase_x3wysg_02_Var01.prefab using Guid(f09d6335562935c43ba704ac8e6b50c3) Importer(2089858483,0ecaa5967403d082aa24f35e1b516d23) [PhysX] Initialized MultithreadedTaskDispatcher with 10 workers.
 -> (artifact id: 'fa67e5c6d148cae1dc4dabece15317c2') in 0.004342 seconds
Number of updated asset objects reloaded before import = 0
Number of asset objects unloaded after import = 16
========================================================================
Received Import Request.
  Time since last request: 0.000035 seconds.
  path: Assets/ModernSupermarket/Prefabs/Props/Products/Vase_0p0iky_03_Var01.prefab
  artifactKey: Guid(7f15dc62a43ded047b80fb16ddb500a0) Importer(2089858483,0ecaa5967403d082aa24f35e1b516d23)
Start importing Assets/ModernSupermarket/Prefabs/Props/Products/Vase_0p0iky_03_Var01.prefab using Guid(7f15dc62a43ded047b80fb16ddb500a0) Importer(2089858483,0ecaa5967403d082aa24f35e1b516d23) [PhysX] Initialized MultithreadedTaskDispatcher with 10 workers.
 -> (artifact id: 'cea0da5928cf87dec7122104148a5f49') in 0.007134 seconds
Number of updated asset objects reloaded before import = 0
Number of asset objects unloaded after import = 16
========================================================================
Received Import Request.
  Time since last request: 0.000025 seconds.
  path: Assets/ModernSupermarket/Prefabs/Props/Products/Pasta_g87jtq_Var02.prefab
  artifactKey: Guid(6b0616f44556a8448bc66b583dc3e8d8) Importer(2089858483,0ecaa5967403d082aa24f35e1b516d23)
Start importing Assets/ModernSupermarket/Prefabs/Props/Products/Pasta_g87jtq_Var02.prefab using Guid(6b0616f44556a8448bc66b583dc3e8d8) Importer(2089858483,0ecaa5967403d082aa24f35e1b516d23) [PhysX] Initialized MultithreadedTaskDispatcher with 10 workers.
 -> (artifact id: '2fcf539233a577591ba8fb36e185445a') in 0.004022 seconds
Number of updated asset objects reloaded before import = 0
Number of asset objects unloaded after import = 15
========================================================================
Received Import Request.
  Time since last request: 1.063209 seconds.
  path: Assets/ModernSupermarket/Textures/Surfaces/TileFloor_j8qkl9/TileFloor_j8qkl9_n.png
  artifactKey: Guid(a89273aca61610241982f8bb419974c2) Importer(2089858483,0ecaa5967403d082aa24f35e1b516d23)
Start importing Assets/ModernSupermarket/Textures/Surfaces/TileFloor_j8qkl9/TileFloor_j8qkl9_n.png using Guid(a89273aca61610241982f8bb419974c2) Importer(2089858483,0ecaa5967403d082aa24f35e1b516d23) [PhysX] Initialized MultithreadedTaskDispatcher with 10 workers.
 -> (artifact id: '74b6824e87e2ec1a503ff59ac99f8060') in 0.110243 seconds
Number of updated asset objects reloaded before import = 0
Number of asset objects unloaded after import = 1
========================================================================
Received Import Request.
  Time since last request: 0.000099 seconds.
  path: Assets/ModernSupermarket/Models/Props/Produce/Potato_px2ht4/Potato_px2ht4.fbx
  artifactKey: Guid(ae5d72965c71e59429f91af18fafa3b1) Importer(2089858483,0ecaa5967403d082aa24f35e1b516d23)
Start importing Assets/ModernSupermarket/Models/Props/Produce/Potato_px2ht4/Potato_px2ht4.fbx using Guid(ae5d72965c71e59429f91af18fafa3b1) Importer(2089858483,0ecaa5967403d082aa24f35e1b516d23) [PhysX] Initialized MultithreadedTaskDispatcher with 10 workers.
 -> (artifact id: '9ab6a7f663efaf624c192f33067ac258') in 0.005952 seconds
Number of updated asset objects reloaded before import = 0
Number of asset objects unloaded after import = 7
========================================================================
Received Import Request.
  Time since last request: 0.000051 seconds.
  path: Assets/ModernSupermarket/Models/Furniture/Door_1jcm5g/Textures/Door_1jcm5g_n.png
  artifactKey: Guid(aef4a8b83bc8b2c4ebe3758f9e611918) Importer(2089858483,0ecaa5967403d082aa24f35e1b516d23)
Start importing Assets/ModernSupermarket/Models/Furniture/Door_1jcm5g/Textures/Door_1jcm5g_n.png using Guid(aef4a8b83bc8b2c4ebe3758f9e611918) Importer(2089858483,0ecaa5967403d082aa24f35e1b516d23) [PhysX] Initialized MultithreadedTaskDispatcher with 10 workers.
 -> (artifact id: '50efeb0b0a7eb75d11e4d90e5b2a49b4') in 0.011871 seconds
Number of updated asset objects reloaded before import = 0
Number of asset objects unloaded after import = 1
========================================================================
Received Import Request.
  Time since last request: 0.000055 seconds.
  path: Assets/ModernSupermarket/Models/Furniture/Fridge_f13xen/Textures/Fridge_f13xen_n.png
  artifactKey: Guid(a58058d154397e7489914f09277bdb9d) Importer(2089858483,0ecaa5967403d082aa24f35e1b516d23)
Start importing Assets/ModernSupermarket/Models/Furniture/Fridge_f13xen/Textures/Fridge_f13xen_n.png using Guid(a58058d154397e7489914f09277bdb9d) Importer(2089858483,0ecaa5967403d082aa24f35e1b516d23) [PhysX] Initialized MultithreadedTaskDispatcher with 10 workers.
 -> (artifact id: 'adcdd138bff8fb04e182d6a03d41a36b') in 0.007852 seconds
Number of updated asset objects reloaded before import = 0
Number of asset objects unloaded after import = 1
========================================================================
Received Import Request.
  Time since last request: 0.000112 seconds.
  path: Assets/ModernSupermarket/Models/Props/Produce/Apple_yf18nm/Apple_yf18nm_Pack01.fbx
  artifactKey: Guid(80f41a940855c0a4887e17fe1330cf00) Importer(2089858483,0ecaa5967403d082aa24f35e1b516d23)
Start importing Assets/ModernSupermarket/Models/Props/Produce/Apple_yf18nm/Apple_yf18nm_Pack01.fbx using Guid(80f41a940855c0a4887e17fe1330cf00) Importer(2089858483,0ecaa5967403d082aa24f35e1b516d23) [PhysX] Initialized MultithreadedTaskDispatcher with 10 workers.
 -> (artifact id: '84b8f3d0811c7edc565649a6307632a7') in 0.005684 seconds
Number of updated asset objects reloaded before import = 0
Number of asset objects unloaded after import = 7
========================================================================
Received Import Request.
  Time since last request: 0.000057 seconds.
  path: Assets/ModernSupermarket/Models/Props/Produce/ChilliPepper_w388hm/ChilliPeppers_w388hm_Var01.fbx
  artifactKey: Guid(9b673f152212edb44b5349f2a744c0cf) Importer(2089858483,0ecaa5967403d082aa24f35e1b516d23)
Start importing Assets/ModernSupermarket/Models/Props/Produce/ChilliPepper_w388hm/ChilliPeppers_w388hm_Var01.fbx using Guid(9b673f152212edb44b5349f2a744c0cf) Importer(2089858483,0ecaa5967403d082aa24f35e1b516d23) [PhysX] Initialized MultithreadedTaskDispatcher with 10 workers.
 -> (artifact id: '346d2c767cdbb454f1c765cf63a7f285') in 0.006093 seconds
Number of updated asset objects reloaded before import = 0
Number of asset objects unloaded after import = 7
========================================================================
Received Import Request.
  Time since last request: 0.000145 seconds.
  path: Assets/ModernSupermarket/Models/Furniture/Slate_t3iq3t/Textures/Slate_t3iq3t_o.png
  artifactKey: Guid(c013d60205636b24db55efa2d1c74661) Importer(2089858483,0ecaa5967403d082aa24f35e1b516d23)
Start importing Assets/ModernSupermarket/Models/Furniture/Slate_t3iq3t/Textures/Slate_t3iq3t_o.png using Guid(c013d60205636b24db55efa2d1c74661) Importer(2089858483,0ecaa5967403d082aa24f35e1b516d23) [PhysX] Initialized MultithreadedTaskDispatcher with 10 workers.
 -> (artifact id: 'd44d8a4d7c6079dbf2afe4815ff208ca') in 0.009084 seconds
Number of updated asset objects reloaded before import = 0
Number of asset objects unloaded after import = 1
========================================================================
Received Import Request.
  Time since last request: 0.000090 seconds.
  path: Assets/ModernSupermarket/Models/Furniture/Table_x90owh/Textures/Table_x90owh_m.png
  artifactKey: Guid(bd098784a16ac1344b3442fdfca2c238) Importer(2089858483,0ecaa5967403d082aa24f35e1b516d23)
Start importing Assets/ModernSupermarket/Models/Furniture/Table_x90owh/Textures/Table_x90owh_m.png using Guid(bd098784a16ac1344b3442fdfca2c238) Importer(2089858483,0ecaa5967403d082aa24f35e1b516d23) [PhysX] Initialized MultithreadedTaskDispatcher with 10 workers.
 -> (artifact id: '23434e070374086d45b6900ef27127c3') in 0.008431 seconds
Number of updated asset objects reloaded before import = 0
Number of asset objects unloaded after import = 1
========================================================================
Received Import Request.
  Time since last request: 0.000071 seconds.
  path: Assets/ModernSupermarket/Models/Furniture/Freezer_9olxw5/Textures/Freezer_9olxw5_m.png
  artifactKey: Guid(6ad0df6f3282b61449615564160868ba) Importer(2089858483,0ecaa5967403d082aa24f35e1b516d23)
Start importing Assets/ModernSupermarket/Models/Furniture/Freezer_9olxw5/Textures/Freezer_9olxw5_m.png using Guid(6ad0df6f3282b61449615564160868ba) Importer(2089858483,0ecaa5967403d082aa24f35e1b516d23) [PhysX] Initialized MultithreadedTaskDispatcher with 10 workers.
 -> (artifact id: '7478d4ac1800039871ec12d1b383dc86') in 0.007709 seconds
Number of updated asset objects reloaded before import = 0
Number of asset objects unloaded after import = 1
========================================================================
Received Import Request.
  Time since last request: 0.000212 seconds.
  path: Assets/ModernSupermarket/Models/Furniture/Shelf_6h7vop/Textures/Shelf_6h7vop_m.png
  artifactKey: Guid(98bc05b47249b7840b3923eb67a5de06) Importer(2089858483,0ecaa5967403d082aa24f35e1b516d23)
Start importing Assets/ModernSupermarket/Models/Furniture/Shelf_6h7vop/Textures/Shelf_6h7vop_m.png using Guid(98bc05b47249b7840b3923eb67a5de06) Importer(2089858483,0ecaa5967403d082aa24f35e1b516d23) [PhysX] Initialized MultithreadedTaskDispatcher with 10 workers.
 -> (artifact id: '7157f76c83892c46c41ac7e2e0fb4af5') in 0.008791 seconds
Number of updated asset objects reloaded before import = 0
Number of asset objects unloaded after import = 1
========================================================================
Received Import Request.
  Time since last request: 0.000080 seconds.
  path: Assets/ModernSupermarket/Models/Furniture/Shelf_kicg9f/Textures/Shelf_kicg9f_a.png
  artifactKey: Guid(0e118006cb1046e4f817d6f13d0cd6cd) Importer(2089858483,0ecaa5967403d082aa24f35e1b516d23)
Start importing Assets/ModernSupermarket/Models/Furniture/Shelf_kicg9f/Textures/Shelf_kicg9f_a.png using Guid(0e118006cb1046e4f817d6f13d0cd6cd) Importer(2089858483,0ecaa5967403d082aa24f35e1b516d23) [PhysX] Initialized MultithreadedTaskDispatcher with 10 workers.
 -> (artifact id: 'ba543d7775e9bfaebaf7ecbada4ab7bd') in 0.008787 seconds
Number of updated asset objects reloaded before import = 0
Number of asset objects unloaded after import = 1
========================================================================
Received Import Request.
  Time since last request: 0.000097 seconds.
  path: Assets/ModernSupermarket/Models/Furniture/Neon_dwd6wi/textures/Neon_dwd6wi_m.png
  artifactKey: Guid(3ef03eed79e3c5b469bb7fc12748f306) Importer(2089858483,0ecaa5967403d082aa24f35e1b516d23)
Start importing Assets/ModernSupermarket/Models/Furniture/Neon_dwd6wi/textures/Neon_dwd6wi_m.png using Guid(3ef03eed79e3c5b469bb7fc12748f306) Importer(2089858483,0ecaa5967403d082aa24f35e1b516d23) [PhysX] Initialized MultithreadedTaskDispatcher with 10 workers.
 -> (artifact id: '6f9529b50927703cff0fff2089ed6e58') in 0.005818 seconds
Number of updated asset objects reloaded before import = 0
Number of asset objects unloaded after import = 1
========================================================================
Received Import Request.
  Time since last request: 0.000069 seconds.
  path: Assets/ModernSupermarket/Models/Furniture/Table_x90owh/Textures/Table_x90owh_a.png
  artifactKey: Guid(84d0f30b44d1dc1449158b4d9ab29006) Importer(2089858483,0ecaa5967403d082aa24f35e1b516d23)
Start importing Assets/ModernSupermarket/Models/Furniture/Table_x90owh/Textures/Table_x90owh_a.png using Guid(84d0f30b44d1dc1449158b4d9ab29006) Importer(2089858483,0ecaa5967403d082aa24f35e1b516d23) [PhysX] Initialized MultithreadedTaskDispatcher with 10 workers.
 -> (artifact id: 'ebb09fe55cda30d2a4a3429f029a996c') in 0.006323 seconds
Number of updated asset objects reloaded before import = 0
Number of asset objects unloaded after import = 1
========================================================================
Received Import Request.
  Time since last request: 0.000116 seconds.
  path: Assets/ModernSupermarket/Models/Furniture/HeritageStall_0hvi4w/Textures/HeritageStall_0hvi4w_n.png
  artifactKey: Guid(14f30612ab395ef4d9df0a0015c0bc16) Importer(2089858483,0ecaa5967403d082aa24f35e1b516d23)
Start importing Assets/ModernSupermarket/Models/Furniture/HeritageStall_0hvi4w/Textures/HeritageStall_0hvi4w_n.png using Guid(14f30612ab395ef4d9df0a0015c0bc16) Importer(2089858483,0ecaa5967403d082aa24f35e1b516d23) [PhysX] Initialized MultithreadedTaskDispatcher with 10 workers.
 -> (artifact id: '2ffe5c78274bb346b7f6a42bf73c5e61') in 0.008022 seconds
Number of updated asset objects reloaded before import = 0
Number of asset objects unloaded after import = 1
========================================================================
Received Import Request.
  Time since last request: 0.000169 seconds.
  path: Assets/ModernSupermarket/Models/Furniture/Fridge_4ttiif/Textures/Fridge_4ttiif_h.png
  artifactKey: Guid(7ab0e6e67b793ce47822790d9c217908) Importer(2089858483,0ecaa5967403d082aa24f35e1b516d23)
Start importing Assets/ModernSupermarket/Models/Furniture/Fridge_4ttiif/Textures/Fridge_4ttiif_h.png using Guid(7ab0e6e67b793ce47822790d9c217908) Importer(2089858483,0ecaa5967403d082aa24f35e1b516d23) [PhysX] Initialized MultithreadedTaskDispatcher with 10 workers.
 -> (artifact id: 'aeee01f2ba17697800e4e69b329f3509') in 0.006448 seconds
Number of updated asset objects reloaded before import = 0
Number of asset objects unloaded after import = 1
========================================================================
Received Import Request.
  Time since last request: 0.000050 seconds.
  path: Assets/ModernSupermarket/Models/Furniture/Grid_kdypaf/Textures/Grid_kdypaf_o.png
  artifactKey: Guid(8c3f7cb6002c4714da4abc93f6adef35) Importer(2089858483,0ecaa5967403d082aa24f35e1b516d23)
Start importing Assets/ModernSupermarket/Models/Furniture/Grid_kdypaf/Textures/Grid_kdypaf_o.png using Guid(8c3f7cb6002c4714da4abc93f6adef35) Importer(2089858483,0ecaa5967403d082aa24f35e1b516d23) [PhysX] Initialized MultithreadedTaskDispatcher with 10 workers.
 -> (artifact id: '698dbfb3bc56d01312e9730ac3829d56') in 0.008755 seconds
Number of updated asset objects reloaded before import = 0
Number of asset objects unloaded after import = 1
========================================================================
Received Import Request.
  Time since last request: 0.000075 seconds.
  path: Assets/ModernSupermarket/Models/Furniture/Stall_94wthk/Textures/Stall_94wthk_a.png
  artifactKey: Guid(216f2529a8139384ebe619e1872faa49) Importer(2089858483,0ecaa5967403d082aa24f35e1b516d23)
Start importing Assets/ModernSupermarket/Models/Furniture/Stall_94wthk/Textures/Stall_94wthk_a.png using Guid(216f2529a8139384ebe619e1872faa49) Importer(2089858483,0ecaa5967403d082aa24f35e1b516d23) [PhysX] Initialized MultithreadedTaskDispatcher with 10 workers.
 -> (artifact id: '9e77d1f74aa333c4d7f4346653e57b91') in 0.006415 seconds
Number of updated asset objects reloaded before import = 0
Number of asset objects unloaded after import = 1
========================================================================
Received Import Request.
  Time since last request: 0.000158 seconds.
  path: Assets/ModernSupermarket/Models/Props/Produce/Banana_zjs4oz/Banana_zjs4oz.fbx
  artifactKey: Guid(f966d5372e29f6d4e9bc8efd0e5f2323) Importer(2089858483,0ecaa5967403d082aa24f35e1b516d23)
Start importing Assets/ModernSupermarket/Models/Props/Produce/Banana_zjs4oz/Banana_zjs4oz.fbx using Guid(f966d5372e29f6d4e9bc8efd0e5f2323) Importer(2089858483,0ecaa5967403d082aa24f35e1b516d23) [PhysX] Initialized MultithreadedTaskDispatcher with 10 workers.
 -> (artifact id: '81420c550a2000f408d9d4c93eb716ce') in 0.005149 seconds
Number of updated asset objects reloaded before import = 0
Number of asset objects unloaded after import = 7
========================================================================
Received Import Request.
  Time since last request: 0.000066 seconds.
  path: Assets/ModernSupermarket/Models/Props/Products/Bleach_irrpnt/Bleach_irrpnt_Pack02.fbx
  artifactKey: Guid(2ecb8750f63db7f43b589e436d264dda) Importer(2089858483,0ecaa5967403d082aa24f35e1b516d23)
Start importing Assets/ModernSupermarket/Models/Props/Products/Bleach_irrpnt/Bleach_irrpnt_Pack02.fbx using Guid(2ecb8750f63db7f43b589e436d264dda) Importer(2089858483,0ecaa5967403d082aa24f35e1b516d23) [PhysX] Initialized MultithreadedTaskDispatcher with 10 workers.
 -> (artifact id: '3813109bee84ea2cbe027f130e71f9c0') in 0.005671 seconds
Number of updated asset objects reloaded before import = 0
Number of asset objects unloaded after import = 7
========================================================================
Received Import Request.
  Time since last request: 0.000059 seconds.
  path: Assets/ModernSupermarket/Models/Furniture/Checkout_4295b5/Textures/Checkout_4295b5_m.png
  artifactKey: Guid(d81e3b0326f4a1c4389a3b5225888c8e) Importer(2089858483,0ecaa5967403d082aa24f35e1b516d23)
Start importing Assets/ModernSupermarket/Models/Furniture/Checkout_4295b5/Textures/Checkout_4295b5_m.png using Guid(d81e3b0326f4a1c4389a3b5225888c8e) Importer(2089858483,0ecaa5967403d082aa24f35e1b516d23) [PhysX] Initialized MultithreadedTaskDispatcher with 10 workers.
 -> (artifact id: 'a1f48f8d54601f4ef44cab6e458dce7d') in 0.010233 seconds
Number of updated asset objects reloaded before import = 0
Number of asset objects unloaded after import = 1
========================================================================
Received Import Request.
  Time since last request: 0.000079 seconds.
  path: Assets/ModernSupermarket/Models/Furniture/Checkout_4295b5/Textures/Checkout_4295b5_a.png
  artifactKey: Guid(bdbc0385f33b77a46b030946e84d5d10) Importer(2089858483,0ecaa5967403d082aa24f35e1b516d23)
Start importing Assets/ModernSupermarket/Models/Furniture/Checkout_4295b5/Textures/Checkout_4295b5_a.png using Guid(bdbc0385f33b77a46b030946e84d5d10) Importer(2089858483,0ecaa5967403d082aa24f35e1b516d23) [PhysX] Initialized MultithreadedTaskDispatcher with 10 workers.
 -> (artifact id: '26ce39bfc9f547f9022a6befcbed778f') in 0.006284 seconds
Number of updated asset objects reloaded before import = 0
Number of asset objects unloaded after import = 1
========================================================================
Received Import Request.
  Time since last request: 0.000080 seconds.
  path: Assets/ModernSupermarket/Models/Furniture/Shelf_hler4q/Textures/Shelf_hler4q_n.png
  artifactKey: Guid(ae36f0c65734bb64aac5cb8f28882980) Importer(2089858483,0ecaa5967403d082aa24f35e1b516d23)
Start importing Assets/ModernSupermarket/Models/Furniture/Shelf_hler4q/Textures/Shelf_hler4q_n.png using Guid(ae36f0c65734bb64aac5cb8f28882980) Importer(2089858483,0ecaa5967403d082aa24f35e1b516d23) [PhysX] Initialized MultithreadedTaskDispatcher with 10 workers.
 -> (artifact id: '2612d5e4eff6f04401848ac17fedf118') in 0.007649 seconds
Number of updated asset objects reloaded before import = 0
Number of asset objects unloaded after import = 1
========================================================================
Received Import Request.
  Time since last request: 0.000069 seconds.
  path: Assets/ModernSupermarket/Models/Furniture/Shelf_kicg9f/Textures/Shelf_kicg9_m.png
  artifactKey: Guid(6ed462ff3e2590e418bcc929ddf1da26) Importer(2089858483,0ecaa5967403d082aa24f35e1b516d23)
Start importing Assets/ModernSupermarket/Models/Furniture/Shelf_kicg9f/Textures/Shelf_kicg9_m.png using Guid(6ed462ff3e2590e418bcc929ddf1da26) Importer(2089858483,0ecaa5967403d082aa24f35e1b516d23) [PhysX] Initialized MultithreadedTaskDispatcher with 10 workers.
 -> (artifact id: '1dfe21c380597b704d4c1ecb3a6b407c') in 0.007838 seconds
Number of updated asset objects reloaded before import = 0
Number of asset objects unloaded after import = 1
========================================================================
Received Import Request.
  Time since last request: 0.000102 seconds.
  path: Assets/ModernSupermarket/Models/Furniture/Shelf_6h7vop/Textures/Shelf_6h7vop_a.png
  artifactKey: Guid(c9a76d545001d9445bea5d4300b4823a) Importer(2089858483,0ecaa5967403d082aa24f35e1b516d23)
Start importing Assets/ModernSupermarket/Models/Furniture/Shelf_6h7vop/Textures/Shelf_6h7vop_a.png using Guid(c9a76d545001d9445bea5d4300b4823a) Importer(2089858483,0ecaa5967403d082aa24f35e1b516d23) [PhysX] Initialized MultithreadedTaskDispatcher with 10 workers.
 -> (artifact id: '2288c26ea41f3255b1cc77a22b6d10d4') in 0.009027 seconds
Number of updated asset objects reloaded before import = 0
Number of asset objects unloaded after import = 1
========================================================================
Received Import Request.
  Time since last request: 0.000109 seconds.
  path: Assets/ModernSupermarket/Models/Furniture/Door_o8w2gy/Textures/Door_o8w2gy_n.png
  artifactKey: Guid(bdb8a279ffe61d14ab6373767b7c5ef0) Importer(2089858483,0ecaa5967403d082aa24f35e1b516d23)
Start importing Assets/ModernSupermarket/Models/Furniture/Door_o8w2gy/Textures/Door_o8w2gy_n.png using Guid(bdb8a279ffe61d14ab6373767b7c5ef0) Importer(2089858483,0ecaa5967403d082aa24f35e1b516d23) [PhysX] Initialized MultithreadedTaskDispatcher with 10 workers.
 -> (artifact id: '4c4c9f07cd0a765d7c6f1cc6b597cb9f') in 0.010170 seconds
Number of updated asset objects reloaded before import = 0
Number of asset objects unloaded after import = 1
========================================================================
Received Import Request.
  Time since last request: 0.000110 seconds.
  path: Assets/ModernSupermarket/Models/Props/Products/Beer_lryra7/Beer_lryra7.fbx
  artifactKey: Guid(a4c4de044a3b8be4cbcda3f7df9896ca) Importer(2089858483,0ecaa5967403d082aa24f35e1b516d23)
Start importing Assets/ModernSupermarket/Models/Props/Products/Beer_lryra7/Beer_lryra7.fbx using Guid(a4c4de044a3b8be4cbcda3f7df9896ca) Importer(2089858483,0ecaa5967403d082aa24f35e1b516d23) [PhysX] Initialized MultithreadedTaskDispatcher with 10 workers.
 -> (artifact id: '32afe6c081913f36e0e92596f8c8f474') in 0.005445 seconds
Number of updated asset objects reloaded before import = 0
Number of asset objects unloaded after import = 7
========================================================================
Received Import Request.
  Time since last request: 0.000043 seconds.
  path: Assets/ModernSupermarket/Models/Furniture/Door_c5bu08/Textures/Door_c5bu08_m.png
  artifactKey: Guid(93a41a0accf9247459aac420bcb8b42b) Importer(2089858483,0ecaa5967403d082aa24f35e1b516d23)
Start importing Assets/ModernSupermarket/Models/Furniture/Door_c5bu08/Textures/Door_c5bu08_m.png using Guid(93a41a0accf9247459aac420bcb8b42b) Importer(2089858483,0ecaa5967403d082aa24f35e1b516d23) [PhysX] Initialized MultithreadedTaskDispatcher with 10 workers.
 -> (artifact id: 'dcea278c9c4ec3cca1bd5c97e9e9350f') in 0.008667 seconds
Number of updated asset objects reloaded before import = 0
Number of asset objects unloaded after import = 1
========================================================================
Received Import Request.
  Time since last request: 0.000072 seconds.
  path: Assets/ModernSupermarket/Models/Props/Produce/Pumpkin_hjtgsa/Pumpkin_hjtgsa.fbx
  artifactKey: Guid(0213e2957d3b14b48a0f87929ea5f22b) Importer(2089858483,0ecaa5967403d082aa24f35e1b516d23)
Start importing Assets/ModernSupermarket/Models/Props/Produce/Pumpkin_hjtgsa/Pumpkin_hjtgsa.fbx using Guid(0213e2957d3b14b48a0f87929ea5f22b) Importer(2089858483,0ecaa5967403d082aa24f35e1b516d23) [PhysX] Initialized MultithreadedTaskDispatcher with 10 workers.
 -> (artifact id: '4165de149946e637dd4dd3dd706df218') in 0.007539 seconds
Number of updated asset objects reloaded before import = 0
Number of asset objects unloaded after import = 7
========================================================================
Received Import Request.
  Time since last request: 0.000040 seconds.
  path: Assets/ModernSupermarket/Models/Props/Products/Cake_a3h87k/Cake_a3h87k.fbx
  artifactKey: Guid(ced897fdf00429c42b3697de74a7ce66) Importer(2089858483,0ecaa5967403d082aa24f35e1b516d23)
Start importing Assets/ModernSupermarket/Models/Props/Products/Cake_a3h87k/Cake_a3h87k.fbx using Guid(ced897fdf00429c42b3697de74a7ce66) Importer(2089858483,0ecaa5967403d082aa24f35e1b516d23) [PhysX] Initialized MultithreadedTaskDispatcher with 10 workers.
 -> (artifact id: '36251bd69ba08f12c2ff5f0d112e2499') in 0.005166 seconds
Number of updated asset objects reloaded before import = 0
Number of asset objects unloaded after import = 7
========================================================================
Received Import Request.
  Time since last request: 0.000093 seconds.
  path: Assets/ModernSupermarket/Models/Props/Products/Alcohol_tqkp8c/Alcohol_tqkp8c.fbx
  artifactKey: Guid(c45fe0fa5531e884eaf45640b8740e73) Importer(2089858483,0ecaa5967403d082aa24f35e1b516d23)
Start importing Assets/ModernSupermarket/Models/Props/Products/Alcohol_tqkp8c/Alcohol_tqkp8c.fbx using Guid(c45fe0fa5531e884eaf45640b8740e73) Importer(2089858483,0ecaa5967403d082aa24f35e1b516d23) [PhysX] Initialized MultithreadedTaskDispatcher with 10 workers.
 -> (artifact id: 'd9085907eacfc3c6923da95ff020344b') in 0.005594 seconds
Number of updated asset objects reloaded before import = 0
Number of asset objects unloaded after import = 7
========================================================================
Received Import Request.
  Time since last request: 0.000063 seconds.
  path: Assets/ModernSupermarket/Models/Furniture/Checkout_4295b5/Textures/Checkout_4295b5_n.png
  artifactKey: Guid(d948d433b827c0a41b674edcf9cf43aa) Importer(2089858483,0ecaa5967403d082aa24f35e1b516d23)
Start importing Assets/ModernSupermarket/Models/Furniture/Checkout_4295b5/Textures/Checkout_4295b5_n.png using Guid(d948d433b827c0a41b674edcf9cf43aa) Importer(2089858483,0ecaa5967403d082aa24f35e1b516d23) [PhysX] Initialized MultithreadedTaskDispatcher with 10 workers.
 -> (artifact id: '775ae4529e7026ad15b54fe4aeb2fb0f') in 0.008217 seconds
Number of updated asset objects reloaded before import = 0
Number of asset objects unloaded after import = 1
========================================================================
Received Import Request.
  Time since last request: 0.000078 seconds.
  path: Assets/ModernSupermarket/Models/Props/Products/BeerKeg_byk96e/BeerKeg_byk96e.fbx
  artifactKey: Guid(3f60e8dfe9073b54095a61d1acd35561) Importer(2089858483,0ecaa5967403d082aa24f35e1b516d23)
Start importing Assets/ModernSupermarket/Models/Props/Products/BeerKeg_byk96e/BeerKeg_byk96e.fbx using Guid(3f60e8dfe9073b54095a61d1acd35561) Importer(2089858483,0ecaa5967403d082aa24f35e1b516d23) [PhysX] Initialized MultithreadedTaskDispatcher with 10 workers.
 -> (artifact id: '8267cc96dbe675cb0cbf71c7494e4ac1') in 0.009406 seconds
Number of updated asset objects reloaded before import = 0
Number of asset objects unloaded after import = 9
========================================================================
Received Import Request.
  Time since last request: 0.000030 seconds.
  path: Assets/ModernSupermarket/Models/Furniture/Sign_04h2fw/Textures/Sign_04h2fw_Frozen_a.png
  artifactKey: Guid(0fa0e18674fe21d468aa7f7ddd9c9f36) Importer(2089858483,0ecaa5967403d082aa24f35e1b516d23)
Start importing Assets/ModernSupermarket/Models/Furniture/Sign_04h2fw/Textures/Sign_04h2fw_Frozen_a.png using Guid(0fa0e18674fe21d468aa7f7ddd9c9f36) Importer(2089858483,0ecaa5967403d082aa24f35e1b516d23) [PhysX] Initialized MultithreadedTaskDispatcher with 10 workers.
 -> (artifact id: '799bf33303bc94d683c37e0276994058') in 0.005990 seconds
Number of updated asset objects reloaded before import = 0
Number of asset objects unloaded after import = 1
========================================================================
Received Import Request.
  Time since last request: 0.000098 seconds.
  path: Assets/ModernSupermarket/Textures/Surfaces/TileFloor_n3y6kl/TileFloor_n3y6kl_m.png
  artifactKey: Guid(a62ac9c8189a8e14f9120b2a84087a4b) Importer(2089858483,0ecaa5967403d082aa24f35e1b516d23)
Start importing Assets/ModernSupermarket/Textures/Surfaces/TileFloor_n3y6kl/TileFloor_n3y6kl_m.png using Guid(a62ac9c8189a8e14f9120b2a84087a4b) Importer(2089858483,0ecaa5967403d082aa24f35e1b516d23) [PhysX] Initialized MultithreadedTaskDispatcher with 10 workers.
 -> (artifact id: '945101141b14a52d4553fb335cf23f17') in 0.019967 seconds
Number of updated asset objects reloaded before import = 0
Number of asset objects unloaded after import = 1
========================================================================
Received Import Request.
  Time since last request: 0.000105 seconds.
  path: Assets/ModernSupermarket/Models/Props/Products/Alcohol_ao62w4/Alcohol_ao62w_Pack01.fbx
  artifactKey: Guid(f3b1af0a11135ad469faeb91b1cebcc5) Importer(2089858483,0ecaa5967403d082aa24f35e1b516d23)
Start importing Assets/ModernSupermarket/Models/Props/Products/Alcohol_ao62w4/Alcohol_ao62w_Pack01.fbx using Guid(f3b1af0a11135ad469faeb91b1cebcc5) Importer(2089858483,0ecaa5967403d082aa24f35e1b516d23) [PhysX] Initialized MultithreadedTaskDispatcher with 10 workers.
 -> (artifact id: '79a35b86ce8a922522e2c629b7b6329e') in 0.008404 seconds
Number of updated asset objects reloaded before import = 0
Number of asset objects unloaded after import = 7
========================================================================
Received Import Request.
  Time since last request: 0.000088 seconds.
  path: Assets/ModernSupermarket/Models/Props/Produce/Apple_k7nzrr/Apple_k7nzrr_Pack01.fbx
  artifactKey: Guid(d75e2ae9ddf167c4d97a1fb52a3eab42) Importer(2089858483,0ecaa5967403d082aa24f35e1b516d23)
Start importing Assets/ModernSupermarket/Models/Props/Produce/Apple_k7nzrr/Apple_k7nzrr_Pack01.fbx using Guid(d75e2ae9ddf167c4d97a1fb52a3eab42) Importer(2089858483,0ecaa5967403d082aa24f35e1b516d23) [PhysX] Initialized MultithreadedTaskDispatcher with 10 workers.
 -> (artifact id: 'be8764199d7bd9bd266f80e3c4370fde') in 0.005620 seconds
Number of updated asset objects reloaded before import = 0
Number of asset objects unloaded after import = 7
========================================================================
Received Import Request.
  Time since last request: 0.000100 seconds.
  path: Assets/ModernSupermarket/Models/Props/Produce/Carrot_i2roww/Carrot_i2roww.fbx
  artifactKey: Guid(1fb28049d9e5fc54bb5ec991d4fba621) Importer(2089858483,0ecaa5967403d082aa24f35e1b516d23)
Start importing Assets/ModernSupermarket/Models/Props/Produce/Carrot_i2roww/Carrot_i2roww.fbx using Guid(1fb28049d9e5fc54bb5ec991d4fba621) Importer(2089858483,0ecaa5967403d082aa24f35e1b516d23) [PhysX] Initialized MultithreadedTaskDispatcher with 10 workers.
 -> (artifact id: 'a5a8c760546d20e1440aeab8258b9879') in 0.005545 seconds
Number of updated asset objects reloaded before import = 0
Number of asset objects unloaded after import = 7
========================================================================
Received Import Request.
  Time since last request: 0.000069 seconds.
  path: Assets/ModernSupermarket/Models/Furniture/HeritageStall_0hvi4w/Textures/HeritageStall_0hvi4wVar01_a.png
  artifactKey: Guid(1382772d7b38b6345bc7baf9d5c3e1f5) Importer(2089858483,0ecaa5967403d082aa24f35e1b516d23)
Start importing Assets/ModernSupermarket/Models/Furniture/HeritageStall_0hvi4w/Textures/HeritageStall_0hvi4wVar01_a.png using Guid(1382772d7b38b6345bc7baf9d5c3e1f5) Importer(2089858483,0ecaa5967403d082aa24f35e1b516d23) [PhysX] Initialized MultithreadedTaskDispatcher with 10 workers.
 -> (artifact id: '277f335c7aa61d58a538fa769653fd8a') in 0.006525 seconds
Number of updated asset objects reloaded before import = 0
Number of asset objects unloaded after import = 1
========================================================================
Received Import Request.
  Time since last request: 0.000070 seconds.
  path: Assets/ModernSupermarket/Models/Props/Produce/Carrot_i2roww/Carrot_i2roww_Pack01.fbx
  artifactKey: Guid(9bc490057d46009469fb05c133bf6f9f) Importer(2089858483,0ecaa5967403d082aa24f35e1b516d23)
Start importing Assets/ModernSupermarket/Models/Props/Produce/Carrot_i2roww/Carrot_i2roww_Pack01.fbx using Guid(9bc490057d46009469fb05c133bf6f9f) Importer(2089858483,0ecaa5967403d082aa24f35e1b516d23) [PhysX] Initialized MultithreadedTaskDispatcher with 10 workers.
 -> (artifact id: '078f25af59b998e80c9ad7657b7a0d0e') in 0.008085 seconds
Number of updated asset objects reloaded before import = 0
Number of asset objects unloaded after import = 7
========================================================================
Received Import Request.
  Time since last request: 0.000075 seconds.
  path: Assets/ModernSupermarket/Models/Furniture/Shelf_hler4q/Textures/Shelf_hler4q_m.png
  artifactKey: Guid(fbb2c2a9d9cf03f4cb0b24fc3ef8976d) Importer(2089858483,0ecaa5967403d082aa24f35e1b516d23)
Start importing Assets/ModernSupermarket/Models/Furniture/Shelf_hler4q/Textures/Shelf_hler4q_m.png using Guid(fbb2c2a9d9cf03f4cb0b24fc3ef8976d) Importer(2089858483,0ecaa5967403d082aa24f35e1b516d23) [PhysX] Initialized MultithreadedTaskDispatcher with 10 workers.
 -> (artifact id: '746be2f5c001d8915c42129d1077f57b') in 0.007766 seconds
Number of updated asset objects reloaded before import = 0
Number of asset objects unloaded after import = 1
========================================================================
Received Import Request.
  Time since last request: 0.000097 seconds.
  path: Assets/ModernSupermarket/Models/Furniture/Counter_attlsv/Textures/Counter_attlsv_m.png
  artifactKey: Guid(dc6b175b179b259468f8ec5c1b4c8487) Importer(2089858483,0ecaa5967403d082aa24f35e1b516d23)
Start importing Assets/ModernSupermarket/Models/Furniture/Counter_attlsv/Textures/Counter_attlsv_m.png using Guid(dc6b175b179b259468f8ec5c1b4c8487) Importer(2089858483,0ecaa5967403d082aa24f35e1b516d23) [PhysX] Initialized MultithreadedTaskDispatcher with 10 workers.
 -> (artifact id: 'adfee4613e8242f677dadad9f9cd5505') in 0.008258 seconds
Number of updated asset objects reloaded before import = 0
Number of asset objects unloaded after import = 1
========================================================================
Received Import Request.
  Time since last request: 0.000104 seconds.
  path: Assets/ModernSupermarket/Models/Furniture/Neon_dwd6wi/textures/Neon_dwd6wi_o.png
  artifactKey: Guid(04ea6a579ac34ce45ab36ae66cf8e15a) Importer(2089858483,0ecaa5967403d082aa24f35e1b516d23)
Start importing Assets/ModernSupermarket/Models/Furniture/Neon_dwd6wi/textures/Neon_dwd6wi_o.png using Guid(04ea6a579ac34ce45ab36ae66cf8e15a) Importer(2089858483,0ecaa5967403d082aa24f35e1b516d23) [PhysX] Initialized MultithreadedTaskDispatcher with 10 workers.
 -> (artifact id: '9b03cb1b752f5b3334ecb3c4311f906d') in 0.008333 seconds
Number of updated asset objects reloaded before import = 0
Number of asset objects unloaded after import = 1
========================================================================
Received Import Request.
  Time since last request: 0.000068 seconds.
  path: Assets/ModernSupermarket/Models/Furniture/Stall_94wthk/Textures/Stall_94wthk_n.png
  artifactKey: Guid(b56f627f29eb5d74e9c7790cc1fb8bbd) Importer(2089858483,0ecaa5967403d082aa24f35e1b516d23)
Start importing Assets/ModernSupermarket/Models/Furniture/Stall_94wthk/Textures/Stall_94wthk_n.png using Guid(b56f627f29eb5d74e9c7790cc1fb8bbd) Importer(2089858483,0ecaa5967403d082aa24f35e1b516d23) [PhysX] Initialized MultithreadedTaskDispatcher with 10 workers.
 -> (artifact id: '8fb44ecc3250a86e3f32264bd5d6de01') in 0.010371 seconds
Number of updated asset objects reloaded before import = 0
Number of asset objects unloaded after import = 1
========================================================================
Received Import Request.
  Time since last request: 0.000068 seconds.
  path: Assets/ModernSupermarket/Models/Furniture/HeritageStall_0hvi4w/Textures/HeritageStall_0hvi4wVar01_n.png
  artifactKey: Guid(e30327ce62e244748a08bcd1f449ee33) Importer(2089858483,0ecaa5967403d082aa24f35e1b516d23)
Start importing Assets/ModernSupermarket/Models/Furniture/HeritageStall_0hvi4w/Textures/HeritageStall_0hvi4wVar01_n.png using Guid(e30327ce62e244748a08bcd1f449ee33) Importer(2089858483,0ecaa5967403d082aa24f35e1b516d23) [PhysX] Initialized MultithreadedTaskDispatcher with 10 workers.
 -> (artifact id: '1776e83196cf3ffdc8ba1581b323feb1') in 0.007938 seconds
Number of updated asset objects reloaded before import = 0
Number of asset objects unloaded after import = 1
========================================================================
Received Import Request.
  Time since last request: 0.000061 seconds.
  path: Assets/ModernSupermarket/Models/Furniture/Slate_t3iq3t/Textures/Slate_t3iq3t_a.png
  artifactKey: Guid(29c464044e75eaa449dbbb1fc175b17a) Importer(2089858483,0ecaa5967403d082aa24f35e1b516d23)
Start importing Assets/ModernSupermarket/Models/Furniture/Slate_t3iq3t/Textures/Slate_t3iq3t_a.png using Guid(29c464044e75eaa449dbbb1fc175b17a) Importer(2089858483,0ecaa5967403d082aa24f35e1b516d23) [PhysX] Initialized MultithreadedTaskDispatcher with 10 workers.
 -> (artifact id: 'e9d185b4420c70511c0cd01fdb52ea93') in 0.007445 seconds
Number of updated asset objects reloaded before import = 0
Number of asset objects unloaded after import = 1
========================================================================
Received Import Request.
  Time since last request: 0.000091 seconds.
  path: Assets/ModernSupermarket/Models/Furniture/Counter_wh1nba/Textures/Counter_wh1nba_n.png
  artifactKey: Guid(af58dd53a9eb8684dbd3cbe41a354ccc) Importer(2089858483,0ecaa5967403d082aa24f35e1b516d23)
Start importing Assets/ModernSupermarket/Models/Furniture/Counter_wh1nba/Textures/Counter_wh1nba_n.png using Guid(af58dd53a9eb8684dbd3cbe41a354ccc) Importer(2089858483,0ecaa5967403d082aa24f35e1b516d23) [PhysX] Initialized MultithreadedTaskDispatcher with 10 workers.
 -> (artifact id: '2fd2c0f33d3ee64ec2377307e9eddc6c') in 0.008647 seconds
Number of updated asset objects reloaded before import = 0
Number of asset objects unloaded after import = 1
========================================================================
Received Import Request.
  Time since last request: 0.000082 seconds.
  path: Assets/ModernSupermarket/Models/Props/Produce/ChilliPepper_w388hm/ChilliPeppers_w388hm_Var02.fbx
  artifactKey: Guid(3ae6d1dcb9b6d9f448509c1fb460e0ce) Importer(2089858483,0ecaa5967403d082aa24f35e1b516d23)
Start importing Assets/ModernSupermarket/Models/Props/Produce/ChilliPepper_w388hm/ChilliPeppers_w388hm_Var02.fbx using Guid(3ae6d1dcb9b6d9f448509c1fb460e0ce) Importer(2089858483,0ecaa5967403d082aa24f35e1b516d23) [PhysX] Initialized MultithreadedTaskDispatcher with 10 workers.
 -> (artifact id: 'e80b0bf0260c7e36bfb3b6fa068912a7') in 0.008192 seconds
Number of updated asset objects reloaded before import = 0
Number of asset objects unloaded after import = 7
========================================================================
Received Import Request.
  Time since last request: 0.000049 seconds.
  path: Assets/ModernSupermarket/Models/Furniture/Sign_04h2fw/Textures/Sign_04h2fw_Wine_a.png
  artifactKey: Guid(fa699dce80f93a743b790863d0001506) Importer(2089858483,0ecaa5967403d082aa24f35e1b516d23)
Start importing Assets/ModernSupermarket/Models/Furniture/Sign_04h2fw/Textures/Sign_04h2fw_Wine_a.png using Guid(fa699dce80f93a743b790863d0001506) Importer(2089858483,0ecaa5967403d082aa24f35e1b516d23) [PhysX] Initialized MultithreadedTaskDispatcher with 10 workers.
 -> (artifact id: '69c2ed8d4ae23a214fa331f386113798') in 0.006737 seconds
Number of updated asset objects reloaded before import = 0
Number of asset objects unloaded after import = 1
========================================================================
Received Import Request.
  Time since last request: 0.000086 seconds.
  path: Assets/ModernSupermarket/Models/Furniture/Checkout_gueqmj/Textures/Checkout_gueqmj_o.png
  artifactKey: Guid(e99580dbc173d59479658c5a0afd59b3) Importer(2089858483,0ecaa5967403d082aa24f35e1b516d23)
Start importing Assets/ModernSupermarket/Models/Furniture/Checkout_gueqmj/Textures/Checkout_gueqmj_o.png using Guid(e99580dbc173d59479658c5a0afd59b3) Importer(2089858483,0ecaa5967403d082aa24f35e1b516d23) [PhysX] Initialized MultithreadedTaskDispatcher with 10 workers.
 -> (artifact id: 'f3f2154b85f85e02bad4bdb8865cc00e') in 0.007339 seconds
Number of updated asset objects reloaded before import = 0
Number of asset objects unloaded after import = 1
========================================================================
Received Import Request.
  Time since last request: 0.000084 seconds.
  path: Assets/ModernSupermarket/Models/Furniture/Grid_ff0dgb/Textures/Grid_ff0dgb_o.png
  artifactKey: Guid(6195e66023b62e941b2523b528f59ad1) Importer(2089858483,0ecaa5967403d082aa24f35e1b516d23)
Start importing Assets/ModernSupermarket/Models/Furniture/Grid_ff0dgb/Textures/Grid_ff0dgb_o.png using Guid(6195e66023b62e941b2523b528f59ad1) Importer(2089858483,0ecaa5967403d082aa24f35e1b516d23) [PhysX] Initialized MultithreadedTaskDispatcher with 10 workers.
 -> (artifact id: 'bed671305cf9890a024459c78b30f355') in 0.008513 seconds
Number of updated asset objects reloaded before import = 0
Number of asset objects unloaded after import = 1
========================================================================
Received Import Request.
  Time since last request: 0.000060 seconds.
  path: Assets/ModernSupermarket/Models/Furniture/Shelf_kicg9f/Textures/Shelf_kicg9f_o.png
  artifactKey: Guid(250e1dbf3226d1f44b42812ada2b08c3) Importer(2089858483,0ecaa5967403d082aa24f35e1b516d23)
Start importing Assets/ModernSupermarket/Models/Furniture/Shelf_kicg9f/Textures/Shelf_kicg9f_o.png using Guid(250e1dbf3226d1f44b42812ada2b08c3) Importer(2089858483,0ecaa5967403d082aa24f35e1b516d23) [PhysX] Initialized MultithreadedTaskDispatcher with 10 workers.
 -> (artifact id: '115e20602a7676a1065e935eb9cfecb8') in 0.006441 seconds
Number of updated asset objects reloaded before import = 0
Number of asset objects unloaded after import = 1
========================================================================
Received Import Request.
  Time since last request: 0.000122 seconds.
  path: Assets/ModernSupermarket/Models/Furniture/Vent_9y3yo/Textures/Vent_9y3yod_o.png
  artifactKey: Guid(b0ed977708f25e34fb9dc0eb3b736d69) Importer(2089858483,0ecaa5967403d082aa24f35e1b516d23)
Start importing Assets/ModernSupermarket/Models/Furniture/Vent_9y3yo/Textures/Vent_9y3yod_o.png using Guid(b0ed977708f25e34fb9dc0eb3b736d69) Importer(2089858483,0ecaa5967403d082aa24f35e1b516d23) [PhysX] Initialized MultithreadedTaskDispatcher with 10 workers.
 -> (artifact id: '2f3dc89b144b291306896d41f12ddfc4') in 0.009412 seconds
Number of updated asset objects reloaded before import = 0
Number of asset objects unloaded after import = 1
========================================================================
Received Import Request.
  Time since last request: 0.000063 seconds.
  path: Assets/ModernSupermarket/Models/Furniture/Freezer_9olxw5/Textures/Freezer_9olxw5_o.png
  artifactKey: Guid(0c72968742a1b5c439e24f6419b2efab) Importer(2089858483,0ecaa5967403d082aa24f35e1b516d23)
Start importing Assets/ModernSupermarket/Models/Furniture/Freezer_9olxw5/Textures/Freezer_9olxw5_o.png using Guid(0c72968742a1b5c439e24f6419b2efab) Importer(2089858483,0ecaa5967403d082aa24f35e1b516d23) [PhysX] Initialized MultithreadedTaskDispatcher with 10 workers.
 -> (artifact id: '83b63cbef224613db37dcccb0b95834b') in 0.006300 seconds
Number of updated asset objects reloaded before import = 0
Number of asset objects unloaded after import = 1
========================================================================
Received Import Request.
  Time since last request: 0.000127 seconds.
  path: Assets/ModernSupermarket/Models/Furniture/Freezer_9olxw5/Textures/Freezer_9olxw5_a.png
  artifactKey: Guid(3b0351c75a59a704cb7d2b9ae743a2d4) Importer(2089858483,0ecaa5967403d082aa24f35e1b516d23)
Start importing Assets/ModernSupermarket/Models/Furniture/Freezer_9olxw5/Textures/Freezer_9olxw5_a.png using Guid(3b0351c75a59a704cb7d2b9ae743a2d4) Importer(2089858483,0ecaa5967403d082aa24f35e1b516d23) [PhysX] Initialized MultithreadedTaskDispatcher with 10 workers.
 -> (artifact id: '4e3fab021ff848e79c6d90c668690965') in 0.007425 seconds
Number of updated asset objects reloaded before import = 0
Number of asset objects unloaded after import = 1
========================================================================
Received Import Request.
  Time since last request: 0.000105 seconds.
  path: Assets/ModernSupermarket/Models/Furniture/Table_5ma72f/Textures/Table_5ma72f_m.png
  artifactKey: Guid(d92760e12ba78d34883e6bc26e38769e) Importer(2089858483,0ecaa5967403d082aa24f35e1b516d23)
Start importing Assets/ModernSupermarket/Models/Furniture/Table_5ma72f/Textures/Table_5ma72f_m.png using Guid(d92760e12ba78d34883e6bc26e38769e) Importer(2089858483,0ecaa5967403d082aa24f35e1b516d23) [PhysX] Initialized MultithreadedTaskDispatcher with 10 workers.
 -> (artifact id: 'cfdd8e93244c289fa520c0fe92e2b3c0') in 0.007412 seconds
Number of updated asset objects reloaded before import = 0
Number of asset objects unloaded after import = 1
========================================================================
Received Import Request.
  Time since last request: 0.000118 seconds.
  path: Assets/ModernSupermarket/Models/Furniture/Shelf_6h7vop/Textures/Shelf_6h7vop_o.png
  artifactKey: Guid(7a64e77614563c54182a08fe0db3fe98) Importer(2089858483,0ecaa5967403d082aa24f35e1b516d23)
Start importing Assets/ModernSupermarket/Models/Furniture/Shelf_6h7vop/Textures/Shelf_6h7vop_o.png using Guid(7a64e77614563c54182a08fe0db3fe98) Importer(2089858483,0ecaa5967403d082aa24f35e1b516d23) [PhysX] Initialized MultithreadedTaskDispatcher with 10 workers.
 -> (artifact id: '7da94521bf387237a0c62c833d5483cc') in 0.009317 seconds
Number of updated asset objects reloaded before import = 0
Number of asset objects unloaded after import = 1
========================================================================
Received Import Request.
  Time since last request: 0.000069 seconds.
  path: Assets/ModernSupermarket/Models/Props/Products/Cake_p6lebj/Cake_p6lebj.fbx
  artifactKey: Guid(81b069d96149aba418d5e3ebefed251f) Importer(2089858483,0ecaa5967403d082aa24f35e1b516d23)
Start importing Assets/ModernSupermarket/Models/Props/Products/Cake_p6lebj/Cake_p6lebj.fbx using Guid(81b069d96149aba418d5e3ebefed251f) Importer(2089858483,0ecaa5967403d082aa24f35e1b516d23) [PhysX] Initialized MultithreadedTaskDispatcher with 10 workers.
 -> (artifact id: 'f1b0cf64217ee8cc510c79a9d5d060eb') in 0.005487 seconds
Number of updated asset objects reloaded before import = 0
Number of asset objects unloaded after import = 7
========================================================================
Received Import Request.
  Time since last request: 0.000048 seconds.
  path: Assets/ModernSupermarket/Models/Props/Produce/Perry_fhz4xg/Perry_fhz4xg_Pack01.fbx
  artifactKey: Guid(9f1813cf7c0e0ed4f846ae46f903f22e) Importer(2089858483,0ecaa5967403d082aa24f35e1b516d23)
Start importing Assets/ModernSupermarket/Models/Props/Produce/Perry_fhz4xg/Perry_fhz4xg_Pack01.fbx using Guid(9f1813cf7c0e0ed4f846ae46f903f22e) Importer(2089858483,0ecaa5967403d082aa24f35e1b516d23) [PhysX] Initialized MultithreadedTaskDispatcher with 10 workers.
 -> (artifact id: 'c0b4d66e608fbd807fc85d5a03d25d18') in 0.005258 seconds
Number of updated asset objects reloaded before import = 0
Number of asset objects unloaded after import = 7
========================================================================
Received Import Request.
  Time since last request: 0.000098 seconds.
  path: Assets/ModernSupermarket/Models/Furniture/Table_5ma72f/Textures/Table_5ma72f_n.png
  artifactKey: Guid(a9e15160c93284e4e87eeea2167bdddd) Importer(2089858483,0ecaa5967403d082aa24f35e1b516d23)
Start importing Assets/ModernSupermarket/Models/Furniture/Table_5ma72f/Textures/Table_5ma72f_n.png using Guid(a9e15160c93284e4e87eeea2167bdddd) Importer(2089858483,0ecaa5967403d082aa24f35e1b516d23) [PhysX] Initialized MultithreadedTaskDispatcher with 10 workers.
 -> (artifact id: '7f6840445f05eba1936c2883c2798057') in 0.008003 seconds
Number of updated asset objects reloaded before import = 0
Number of asset objects unloaded after import = 1
========================================================================
Received Import Request.
  Time since last request: 0.000098 seconds.
  path: Assets/ModernSupermarket/Models/Furniture/HeritageStall_0hvi4w/Textures/HeritageStall_0hvi4wVar01_m.png
  artifactKey: Guid(079d6bd668097894db159346b353d229) Importer(2089858483,0ecaa5967403d082aa24f35e1b516d23)
Start importing Assets/ModernSupermarket/Models/Furniture/HeritageStall_0hvi4w/Textures/HeritageStall_0hvi4wVar01_m.png using Guid(079d6bd668097894db159346b353d229) Importer(2089858483,0ecaa5967403d082aa24f35e1b516d23) [PhysX] Initialized MultithreadedTaskDispatcher with 10 workers.
 -> (artifact id: 'f1f02ae78f801a52b73f36a517643662') in 0.010587 seconds
Number of updated asset objects reloaded before import = 0
Number of asset objects unloaded after import = 1
========================================================================
Received Import Request.
  Time since last request: 0.000132 seconds.
  path: Assets/ModernSupermarket/Models/Furniture/Shelf_6h7vop/Textures/Shelf_6h7vop_n.png
  artifactKey: Guid(c962c4695edeafc4c943df70ed590c88) Importer(2089858483,0ecaa5967403d082aa24f35e1b516d23)
Start importing Assets/ModernSupermarket/Models/Furniture/Shelf_6h7vop/Textures/Shelf_6h7vop_n.png using Guid(c962c4695edeafc4c943df70ed590c88) Importer(2089858483,0ecaa5967403d082aa24f35e1b516d23) [PhysX] Initialized MultithreadedTaskDispatcher with 10 workers.
 -> (artifact id: '70763590194cd433c31d26a25a3d3b2c') in 0.007971 seconds
Number of updated asset objects reloaded before import = 0
Number of asset objects unloaded after import = 1
========================================================================
Received Import Request.
  Time since last request: 0.000057 seconds.
  path: Assets/ModernSupermarket/Models/Furniture/Sign_04h2fw/Textures/Sign_04h2fw_Book_a.png
  artifactKey: Guid(acec0e93c25731e4991f244534323788) Importer(2089858483,0ecaa5967403d082aa24f35e1b516d23)
Start importing Assets/ModernSupermarket/Models/Furniture/Sign_04h2fw/Textures/Sign_04h2fw_Book_a.png using Guid(acec0e93c25731e4991f244534323788) Importer(2089858483,0ecaa5967403d082aa24f35e1b516d23) [PhysX] Initialized MultithreadedTaskDispatcher with 10 workers.
 -> (artifact id: 'd1f831f06928aa6f9ac8b1e3b519219a') in 0.005553 seconds
Number of updated asset objects reloaded before import = 0
Number of asset objects unloaded after import = 1
========================================================================
Received Import Request.
  Time since last request: 0.000061 seconds.
  path: Assets/ModernSupermarket/Models/Props/Produce/Garlic_tkqeno/Garlic_tkqeno_Pack01.fbx
  artifactKey: Guid(6b41d6835f5849e4aa3b98e6575e9584) Importer(2089858483,0ecaa5967403d082aa24f35e1b516d23)
Start importing Assets/ModernSupermarket/Models/Props/Produce/Garlic_tkqeno/Garlic_tkqeno_Pack01.fbx using Guid(6b41d6835f5849e4aa3b98e6575e9584) Importer(2089858483,0ecaa5967403d082aa24f35e1b516d23) [PhysX] Initialized MultithreadedTaskDispatcher with 10 workers.
 -> (artifact id: 'd51bb1a173cb6d5af127401b82b81e95') in 0.008250 seconds
Number of updated asset objects reloaded before import = 0
Number of asset objects unloaded after import = 7
========================================================================
Received Import Request.
  Time since last request: 0.000051 seconds.
  path: Assets/ModernSupermarket/Models/Props/Produce/Lemon_ahopes/Lemon_ahopes.fbx
  artifactKey: Guid(6085729e0c7f5634eb97140a59e58393) Importer(2089858483,0ecaa5967403d082aa24f35e1b516d23)
Start importing Assets/ModernSupermarket/Models/Props/Produce/Lemon_ahopes/Lemon_ahopes.fbx using Guid(6085729e0c7f5634eb97140a59e58393) Importer(2089858483,0ecaa5967403d082aa24f35e1b516d23) [PhysX] Initialized MultithreadedTaskDispatcher with 10 workers.
 -> (artifact id: 'd3930f123fc93200e042d36ae18a8383') in 0.005514 seconds
Number of updated asset objects reloaded before import = 0
Number of asset objects unloaded after import = 7
========================================================================
Received Import Request.
  Time since last request: 0.000071 seconds.
  path: Assets/ModernSupermarket/Models/Furniture/Checkout_gueqmj/Textures/Checkout_gueqmj_a.png
  artifactKey: Guid(1a0577e2e1485e741896b450a62d4103) Importer(2089858483,0ecaa5967403d082aa24f35e1b516d23)
Start importing Assets/ModernSupermarket/Models/Furniture/Checkout_gueqmj/Textures/Checkout_gueqmj_a.png using Guid(1a0577e2e1485e741896b450a62d4103) Importer(2089858483,0ecaa5967403d082aa24f35e1b516d23) [PhysX] Initialized MultithreadedTaskDispatcher with 10 workers.
 -> (artifact id: 'f024a9db996661e2c41db410ef12a1a5') in 0.006726 seconds
Number of updated asset objects reloaded before import = 0
Number of asset objects unloaded after import = 1
========================================================================
Received Import Request.
  Time since last request: 0.000108 seconds.
  path: Assets/ModernSupermarket/Models/Props/Produce/Mushroom_43xvit/Mushroom_43xvit_Pack01.fbx
  artifactKey: Guid(ffcae042fbea6b8439bd9d7a26ab7a86) Importer(2089858483,0ecaa5967403d082aa24f35e1b516d23)
Start importing Assets/ModernSupermarket/Models/Props/Produce/Mushroom_43xvit/Mushroom_43xvit_Pack01.fbx using Guid(ffcae042fbea6b8439bd9d7a26ab7a86) Importer(2089858483,0ecaa5967403d082aa24f35e1b516d23) [PhysX] Initialized MultithreadedTaskDispatcher with 10 workers.
 -> (artifact id: '8885e6a206f616b3b0d2475157526007') in 0.005292 seconds
Number of updated asset objects reloaded before import = 0
Number of asset objects unloaded after import = 7
========================================================================
Received Import Request.
  Time since last request: 0.000048 seconds.
  path: Assets/ModernSupermarket/Models/Props/Products/Alcohol_qi7uqvr/Alcohol_qi7uqv_Pack01.fbx
  artifactKey: Guid(6d30ae52d5866a8459f40f4b5b623d1a) Importer(2089858483,0ecaa5967403d082aa24f35e1b516d23)
Start importing Assets/ModernSupermarket/Models/Props/Products/Alcohol_qi7uqvr/Alcohol_qi7uqv_Pack01.fbx using Guid(6d30ae52d5866a8459f40f4b5b623d1a) Importer(2089858483,0ecaa5967403d082aa24f35e1b516d23) [PhysX] Initialized MultithreadedTaskDispatcher with 10 workers.
 -> (artifact id: '2c0fd290c69fd0eec486ec304be745ab') in 0.009453 seconds
Number of updated asset objects reloaded before import = 0
Number of asset objects unloaded after import = 7
========================================================================
Received Import Request.
  Time since last request: 0.000066 seconds.
  path: Assets/ModernSupermarket/Models/Props/Produce/Avocado_pd302k/Avocado_pd302k.fbx
  artifactKey: Guid(2413cef3e37978e4cba58a781ae702e6) Importer(2089858483,0ecaa5967403d082aa24f35e1b516d23)
Start importing Assets/ModernSupermarket/Models/Props/Produce/Avocado_pd302k/Avocado_pd302k.fbx using Guid(2413cef3e37978e4cba58a781ae702e6) Importer(2089858483,0ecaa5967403d082aa24f35e1b516d23) [PhysX] Initialized MultithreadedTaskDispatcher with 10 workers.
 -> (artifact id: '2b2bb66cd54d8707fc5791e9cfb8089f') in 0.005570 seconds
Number of updated asset objects reloaded before import = 0
Number of asset objects unloaded after import = 7
========================================================================
Received Import Request.
  Time since last request: 0.000052 seconds.
  path: Assets/ModernSupermarket/Models/Props/Produce/Clementine_7okhg9/Clementine_7okhg9.fbx
  artifactKey: Guid(fef32c5a71b08ed42b5402ba7299df10) Importer(2089858483,0ecaa5967403d082aa24f35e1b516d23)
Start importing Assets/ModernSupermarket/Models/Props/Produce/Clementine_7okhg9/Clementine_7okhg9.fbx using Guid(fef32c5a71b08ed42b5402ba7299df10) Importer(2089858483,0ecaa5967403d082aa24f35e1b516d23) [PhysX] Initialized MultithreadedTaskDispatcher with 10 workers.
 -> (artifact id: '5558e15df768b1f569ed8e5737ff6b50') in 0.005900 seconds
Number of updated asset objects reloaded before import = 0
Number of asset objects unloaded after import = 7
========================================================================
Received Import Request.
  Time since last request: 0.000054 seconds.
  path: Assets/ModernSupermarket/Models/Furniture/Slate_t3iq3t/Textures/Slate_t3iq3t_m.png
  artifactKey: Guid(e620361f31aa816489cffb97321f9301) Importer(2089858483,0ecaa5967403d082aa24f35e1b516d23)
Start importing Assets/ModernSupermarket/Models/Furniture/Slate_t3iq3t/Textures/Slate_t3iq3t_m.png using Guid(e620361f31aa816489cffb97321f9301) Importer(2089858483,0ecaa5967403d082aa24f35e1b516d23) [PhysX] Initialized MultithreadedTaskDispatcher with 10 workers.
 -> (artifact id: 'd9479614283fb9b8dc064c6d086aac13') in 0.008562 seconds
Number of updated asset objects reloaded before import = 0
Number of asset objects unloaded after import = 1
========================================================================
Received Import Request.
  Time since last request: 0.000048 seconds.
  path: Assets/ModernSupermarket/Models/Furniture/Table_x90owh/Textures/Table_x90owh_n.png
  artifactKey: Guid(a4cac99899bb9b8479ff279c25b9b040) Importer(2089858483,0ecaa5967403d082aa24f35e1b516d23)
Start importing Assets/ModernSupermarket/Models/Furniture/Table_x90owh/Textures/Table_x90owh_n.png using Guid(a4cac99899bb9b8479ff279c25b9b040) Importer(2089858483,0ecaa5967403d082aa24f35e1b516d23) [PhysX] Initialized MultithreadedTaskDispatcher with 10 workers.
 -> (artifact id: 'e1d04c709880a98829c5967d05ca2348') in 0.011193 seconds
Number of updated asset objects reloaded before import = 0
Number of asset objects unloaded after import = 1
========================================================================
Received Import Request.
  Time since last request: 0.000064 seconds.
  path: Assets/ModernSupermarket/Models/Props/Produce/Mushroom_43xvit/Mushroom_43xvit.fbx
  artifactKey: Guid(6abeea0ef5b03f6469d635b47ccf3b50) Importer(2089858483,0ecaa5967403d082aa24f35e1b516d23)
Start importing Assets/ModernSupermarket/Models/Props/Produce/Mushroom_43xvit/Mushroom_43xvit.fbx using Guid(6abeea0ef5b03f6469d635b47ccf3b50) Importer(2089858483,0ecaa5967403d082aa24f35e1b516d23) [PhysX] Initialized MultithreadedTaskDispatcher with 10 workers.
 -> (artifact id: 'dbefb04020f7cbadead624445cb16faf') in 0.006821 seconds
Number of updated asset objects reloaded before import = 0
Number of asset objects unloaded after import = 7
========================================================================
Received Import Request.
  Time since last request: 0.000065 seconds.
  path: Assets/ModernSupermarket/Models/Props/Produce/Artichoke_fdde0u/Artichoke_fdde0u_Pack01.fbx
  artifactKey: Guid(17885e206510d0b49993af90c16b0093) Importer(2089858483,0ecaa5967403d082aa24f35e1b516d23)
Start importing Assets/ModernSupermarket/Models/Props/Produce/Artichoke_fdde0u/Artichoke_fdde0u_Pack01.fbx using Guid(17885e206510d0b49993af90c16b0093) Importer(2089858483,0ecaa5967403d082aa24f35e1b516d23) [PhysX] Initialized MultithreadedTaskDispatcher with 10 workers.
 -> (artifact id: '8c9703d85c22f3b4ddcd056329728543') in 0.005823 seconds
Number of updated asset objects reloaded before import = 0
Number of asset objects unloaded after import = 7
========================================================================
Received Import Request.
  Time since last request: 0.000054 seconds.
  path: Assets/ModernSupermarket/Models/Props/Produce/Grapefruit_mrfrpw/Grapefruit_mrfrpw_Pack01.fbx
  artifactKey: Guid(c9426d9979d601d4b8eadc6213337ef6) Importer(2089858483,0ecaa5967403d082aa24f35e1b516d23)
Start importing Assets/ModernSupermarket/Models/Props/Produce/Grapefruit_mrfrpw/Grapefruit_mrfrpw_Pack01.fbx using Guid(c9426d9979d601d4b8eadc6213337ef6) Importer(2089858483,0ecaa5967403d082aa24f35e1b516d23) [PhysX] Initialized MultithreadedTaskDispatcher with 10 workers.
 -> (artifact id: '7ee43ea068d421b6d5a4a228ae4fbed4') in 0.005342 seconds
Number of updated asset objects reloaded before import = 0
Number of asset objects unloaded after import = 7
========================================================================
Received Import Request.
  Time since last request: 0.000096 seconds.
  path: Assets/ModernSupermarket/Models/Furniture/Fridge_4ttiif/Textures/Fridge_4ttiif_sss.png
  artifactKey: Guid(931ec8d04407349428061edcbddb0522) Importer(2089858483,0ecaa5967403d082aa24f35e1b516d23)
Start importing Assets/ModernSupermarket/Models/Furniture/Fridge_4ttiif/Textures/Fridge_4ttiif_sss.png using Guid(931ec8d04407349428061edcbddb0522) Importer(2089858483,0ecaa5967403d082aa24f35e1b516d23) [PhysX] Initialized MultithreadedTaskDispatcher with 10 workers.
 -> (artifact id: 'eb15d8dd745e09f37fd463e4b922174e') in 0.009408 seconds
Number of updated asset objects reloaded before import = 0
Number of asset objects unloaded after import = 1
========================================================================
Received Import Request.
  Time since last request: 0.000180 seconds.
  path: Assets/ModernSupermarket/Models/Props/Products/Alcohol_qi7uqvr/Alcohol_qi7uqv.fbx
  artifactKey: Guid(45c83c041380baf44b6fa68b44d6ba10) Importer(2089858483,0ecaa5967403d082aa24f35e1b516d23)
Start importing Assets/ModernSupermarket/Models/Props/Products/Alcohol_qi7uqvr/Alcohol_qi7uqv.fbx using Guid(45c83c041380baf44b6fa68b44d6ba10) Importer(2089858483,0ecaa5967403d082aa24f35e1b516d23) [PhysX] Initialized MultithreadedTaskDispatcher with 10 workers.
 -> (artifact id: 'f4764ed6fdc469b2032b129985fd3e3d') in 0.005691 seconds
Number of updated asset objects reloaded before import = 0
Number of asset objects unloaded after import = 7
========================================================================
Received Import Request.
  Time since last request: 0.000042 seconds.
  path: Assets/ModernSupermarket/Models/Props/Produce/Clementine_7okhg9/Clementine_7okhg9_Pack01.fbx
  artifactKey: Guid(7376456b376d730408ad0120fd4087cc) Importer(2089858483,0ecaa5967403d082aa24f35e1b516d23)
Start importing Assets/ModernSupermarket/Models/Props/Produce/Clementine_7okhg9/Clementine_7okhg9_Pack01.fbx using Guid(7376456b376d730408ad0120fd4087cc) Importer(2089858483,0ecaa5967403d082aa24f35e1b516d23) [PhysX] Initialized MultithreadedTaskDispatcher with 10 workers.
 -> (artifact id: '36d38fbbd65bb108fb26a62a7bda1ad6') in 0.005627 seconds
Number of updated asset objects reloaded before import = 0
Number of asset objects unloaded after import = 7
========================================================================
Received Import Request.
  Time since last request: 0.000077 seconds.
  path: Assets/ModernSupermarket/Models/Architecture/Textures/Materials/Pillar.mat
  artifactKey: Guid(4b7fbe55b22d19249904a33714116a6e) Importer(2089858483,0ecaa5967403d082aa24f35e1b516d23)
Start importing Assets/ModernSupermarket/Models/Architecture/Textures/Materials/Pillar.mat using Guid(4b7fbe55b22d19249904a33714116a6e) Importer(2089858483,0ecaa5967403d082aa24f35e1b516d23) [PhysX] Initialized MultithreadedTaskDispatcher with 10 workers.
 -> (artifact id: '5e571df1e7a6b3ba96e43178d8840449') in 0.014108 seconds
Number of updated asset objects reloaded before import = 0
Number of asset objects unloaded after import = 5
========================================================================
Received Import Request.
  Time since last request: 0.000042 seconds.
  path: Assets/ModernSupermarket/Models/Props/Products/Alcohol_eoojba/Alcohol_eoojba.fbx
  artifactKey: Guid(6104b6c3709f5534cabee688c0f1db37) Importer(2089858483,0ecaa5967403d082aa24f35e1b516d23)
Start importing Assets/ModernSupermarket/Models/Props/Products/Alcohol_eoojba/Alcohol_eoojba.fbx using Guid(6104b6c3709f5534cabee688c0f1db37) Importer(2089858483,0ecaa5967403d082aa24f35e1b516d23) [PhysX] Initialized MultithreadedTaskDispatcher with 10 workers.
 -> (artifact id: '53471d5fa4edcd4a4e84a5520a165236') in 0.009040 seconds
Number of updated asset objects reloaded before import = 0
Number of asset objects unloaded after import = 7
========================================================================
Received Import Request.
  Time since last request: 0.000035 seconds.
  path: Assets/ModernSupermarket/Models/Furniture/Counter_attlsv/Textures/Counter_attlsv_sss.png
  artifactKey: Guid(e6642efcd78105c49a4ddd3aab0b795a) Importer(2089858483,0ecaa5967403d082aa24f35e1b516d23)
Start importing Assets/ModernSupermarket/Models/Furniture/Counter_attlsv/Textures/Counter_attlsv_sss.png using Guid(e6642efcd78105c49a4ddd3aab0b795a) Importer(2089858483,0ecaa5967403d082aa24f35e1b516d23) [PhysX] Initialized MultithreadedTaskDispatcher with 10 workers.
 -> (artifact id: 'bcba9f45fb08faf2b93c11064f9f4059') in 0.006448 seconds
Number of updated asset objects reloaded before import = 0
Number of asset objects unloaded after import = 1
========================================================================
Received Import Request.
  Time since last request: 0.000065 seconds.
  path: Assets/ModernSupermarket/Models/Furniture/Counter_wh1nba/Textures/Counter_wh1nba_o.png
  artifactKey: Guid(5a1b6a9397ad144469594ad87d196faf) Importer(2089858483,0ecaa5967403d082aa24f35e1b516d23)
Start importing Assets/ModernSupermarket/Models/Furniture/Counter_wh1nba/Textures/Counter_wh1nba_o.png using Guid(5a1b6a9397ad144469594ad87d196faf) Importer(2089858483,0ecaa5967403d082aa24f35e1b516d23) [PhysX] Initialized MultithreadedTaskDispatcher with 10 workers.
 -> (artifact id: 'a0599d20e34018946dd5d76f4a210252') in 0.006002 seconds
Number of updated asset objects reloaded before import = 0
Number of asset objects unloaded after import = 1
========================================================================
Received Import Request.
  Time since last request: 0.000109 seconds.
  path: Assets/ModernSupermarket/Models/Props/Produce/Onion_mut7xz/Onion_mut7xz.fbx
  artifactKey: Guid(5bc4e3133877e1a4b940688072420287) Importer(2089858483,0ecaa5967403d082aa24f35e1b516d23)
Start importing Assets/ModernSupermarket/Models/Props/Produce/Onion_mut7xz/Onion_mut7xz.fbx using Guid(5bc4e3133877e1a4b940688072420287) Importer(2089858483,0ecaa5967403d082aa24f35e1b516d23) [PhysX] Initialized MultithreadedTaskDispatcher with 10 workers.
 -> (artifact id: '6a9f9eb0728bbb291707cd94a08a1cae') in 0.005312 seconds
Number of updated asset objects reloaded before import = 0
Number of asset objects unloaded after import = 7
========================================================================
Received Import Request.
  Time since last request: 0.000078 seconds.
  path: Assets/ModernSupermarket/Models/Props/Produce/Onion_mut7xz/Onion_mut7xz_Pack01.fbx
  artifactKey: Guid(fecf5ad7bae441a4090f47d332afacd6) Importer(2089858483,0ecaa5967403d082aa24f35e1b516d23)
Start importing Assets/ModernSupermarket/Models/Props/Produce/Onion_mut7xz/Onion_mut7xz_Pack01.fbx using Guid(fecf5ad7bae441a4090f47d332afacd6) Importer(2089858483,0ecaa5967403d082aa24f35e1b516d23) [PhysX] Initialized MultithreadedTaskDispatcher with 10 workers.
 -> (artifact id: '7d3a304ab093390e8dba73f8229a06ba') in 0.007764 seconds
Number of updated asset objects reloaded before import = 0
Number of asset objects unloaded after import = 7
========================================================================
Received Import Request.
  Time since last request: 0.000073 seconds.
  path: Assets/ModernSupermarket/Models/Furniture/Shelf_hler4q/Textures/Shelf_hler4q_o.png
  artifactKey: Guid(573a5e9eb6ab1ea48bfffcf6aff324eb) Importer(2089858483,0ecaa5967403d082aa24f35e1b516d23)
Start importing Assets/ModernSupermarket/Models/Furniture/Shelf_hler4q/Textures/Shelf_hler4q_o.png using Guid(573a5e9eb6ab1ea48bfffcf6aff324eb) Importer(2089858483,0ecaa5967403d082aa24f35e1b516d23) [PhysX] Initialized MultithreadedTaskDispatcher with 10 workers.
 -> (artifact id: '2f68e10deb85cef4150cb9b492bc0502') in 0.006749 seconds
Number of updated asset objects reloaded before import = 0
Number of asset objects unloaded after import = 1
========================================================================
Received Import Request.
  Time since last request: 0.000092 seconds.
  path: Assets/ModernSupermarket/Models/Furniture/Neon_dwd6wi/textures/Neon_dwd6wi_n.png
  artifactKey: Guid(c6c462780225e8b4d8fb11b33942dc53) Importer(2089858483,0ecaa5967403d082aa24f35e1b516d23)
Start importing Assets/ModernSupermarket/Models/Furniture/Neon_dwd6wi/textures/Neon_dwd6wi_n.png using Guid(c6c462780225e8b4d8fb11b33942dc53) Importer(2089858483,0ecaa5967403d082aa24f35e1b516d23) [PhysX] Initialized MultithreadedTaskDispatcher with 10 workers.
 -> (artifact id: '96298ce3fe5b1b4fb5f60bc66090b941') in 0.005940 seconds
Number of updated asset objects reloaded before import = 0
Number of asset objects unloaded after import = 1
========================================================================
Received Import Request.
  Time since last request: 0.000058 seconds.
  path: Assets/ModernSupermarket/Models/Props/Products/Books_bpxngl/Books_bpxngl.fbx
  artifactKey: Guid(7b42ba0e6e0cd734f89521146da796e1) Importer(2089858483,0ecaa5967403d082aa24f35e1b516d23)
Start importing Assets/ModernSupermarket/Models/Props/Products/Books_bpxngl/Books_bpxngl.fbx using Guid(7b42ba0e6e0cd734f89521146da796e1) Importer(2089858483,0ecaa5967403d082aa24f35e1b516d23) [PhysX] Initialized MultithreadedTaskDispatcher with 10 workers.
 -> (artifact id: 'bed8b514e54b6e91b2d408b4953350b2') in 0.016921 seconds
Number of updated asset objects reloaded before import = 0
Number of asset objects unloaded after import = 64
========================================================================
Received Import Request.
  Time since last request: 0.000033 seconds.
  path: Assets/ModernSupermarket/Models/Props/Products/Alcohol_tqkp8c/Alcohol_tqkp8c_Pack01.fbx
  artifactKey: Guid(dc61b3341e6b7a54cba431c3ae3da928) Importer(2089858483,0ecaa5967403d082aa24f35e1b516d23)
Start importing Assets/ModernSupermarket/Models/Props/Products/Alcohol_tqkp8c/Alcohol_tqkp8c_Pack01.fbx using Guid(dc61b3341e6b7a54cba431c3ae3da928) Importer(2089858483,0ecaa5967403d082aa24f35e1b516d23) [PhysX] Initialized MultithreadedTaskDispatcher with 10 workers.
 -> (artifact id: '18f804615ae44638fd4bb68a9e25d6b7') in 0.005989 seconds
Number of updated asset objects reloaded before import = 0
Number of asset objects unloaded after import = 7
========================================================================
Received Import Request.
  Time since last request: 0.000076 seconds.
  path: Assets/ModernSupermarket/Models/Props/Produce/Lemon_ahopes/Lemon_ahopes_Pack01.fbx
  artifactKey: Guid(dae042f8a55f72141b62f541c873b237) Importer(2089858483,0ecaa5967403d082aa24f35e1b516d23)
Start importing Assets/ModernSupermarket/Models/Props/Produce/Lemon_ahopes/Lemon_ahopes_Pack01.fbx using Guid(dae042f8a55f72141b62f541c873b237) Importer(2089858483,0ecaa5967403d082aa24f35e1b516d23) [PhysX] Initialized MultithreadedTaskDispatcher with 10 workers.
 -> (artifact id: 'a8abd797f02fbc986e9fddd42e107c23') in 0.008100 seconds
Number of updated asset objects reloaded before import = 0
Number of asset objects unloaded after import = 7
========================================================================
Received Import Request.
  Time since last request: 0.000076 seconds.
  path: Assets/ModernSupermarket/Models/Props/Produce/Papaya_xt7unv/Papaya_xt7unv_Pack01.fbx
  artifactKey: Guid(67030b27794299749b47ad760f5b8f30) Importer(2089858483,0ecaa5967403d082aa24f35e1b516d23)
Start importing Assets/ModernSupermarket/Models/Props/Produce/Papaya_xt7unv/Papaya_xt7unv_Pack01.fbx using Guid(67030b27794299749b47ad760f5b8f30) Importer(2089858483,0ecaa5967403d082aa24f35e1b516d23) [PhysX] Initialized MultithreadedTaskDispatcher with 10 workers.
 -> (artifact id: 'f7278f5294ab11029fc2b2f69362cc87') in 0.006038 seconds
Number of updated asset objects reloaded before import = 0
Number of asset objects unloaded after import = 7
========================================================================
Received Import Request.
  Time since last request: 0.000073 seconds.
  path: Assets/ModernSupermarket/Models/Furniture/Sign_04h2fw/Textures/Sign_04h2fw_o.png
  artifactKey: Guid(7703812fe1bd39b4b9c78643e8cd5a80) Importer(2089858483,0ecaa5967403d082aa24f35e1b516d23)
Start importing Assets/ModernSupermarket/Models/Furniture/Sign_04h2fw/Textures/Sign_04h2fw_o.png using Guid(7703812fe1bd39b4b9c78643e8cd5a80) Importer(2089858483,0ecaa5967403d082aa24f35e1b516d23) [PhysX] Initialized MultithreadedTaskDispatcher with 10 workers.
 -> (artifact id: '55682d11674d381245b6769e9dec237e') in 0.005679 seconds
Number of updated asset objects reloaded before import = 0
Number of asset objects unloaded after import = 1
========================================================================
Received Import Request.
  Time since last request: 0.000090 seconds.
  path: Assets/ModernSupermarket/Models/Furniture/Door_o8w2gy/Textures/Door_o8w2gy_a.png
  artifactKey: Guid(666dfeed95cfad8429c2463de87d864b) Importer(2089858483,0ecaa5967403d082aa24f35e1b516d23)
Start importing Assets/ModernSupermarket/Models/Furniture/Door_o8w2gy/Textures/Door_o8w2gy_a.png using Guid(666dfeed95cfad8429c2463de87d864b) Importer(2089858483,0ecaa5967403d082aa24f35e1b516d23) [PhysX] Initialized MultithreadedTaskDispatcher with 10 workers.
 -> (artifact id: '5bcd76437de484583463ddd0e8f0a9b4') in 0.006519 seconds
Number of updated asset objects reloaded before import = 0
Number of asset objects unloaded after import = 1
========================================================================
Received Import Request.
  Time since last request: 0.000128 seconds.
  path: Assets/ModernSupermarket/Models/Furniture/Shelf_kicg9f/Textures/Shelf_kicg9f_n.png
  artifactKey: Guid(1e531def5ebf05b44920ad150b38e8cc) Importer(2089858483,0ecaa5967403d082aa24f35e1b516d23)
Start importing Assets/ModernSupermarket/Models/Furniture/Shelf_kicg9f/Textures/Shelf_kicg9f_n.png using Guid(1e531def5ebf05b44920ad150b38e8cc) Importer(2089858483,0ecaa5967403d082aa24f35e1b516d23) [PhysX] Initialized MultithreadedTaskDispatcher with 10 workers.
 -> (artifact id: '912803dd4035bca65e7bc603e12c7bdb') in 0.008447 seconds
Number of updated asset objects reloaded before import = 0
Number of asset objects unloaded after import = 1
========================================================================
Received Import Request.
  Time since last request: 0.000089 seconds.
  path: Assets/ModernSupermarket/Models/Furniture/Counter_attlsv/Textures/Counter_attlsvVar01_a.png
  artifactKey: Guid(5885c341b3a8c90478cb349659caa890) Importer(2089858483,0ecaa5967403d082aa24f35e1b516d23)
Start importing Assets/ModernSupermarket/Models/Furniture/Counter_attlsv/Textures/Counter_attlsvVar01_a.png using Guid(5885c341b3a8c90478cb349659caa890) Importer(2089858483,0ecaa5967403d082aa24f35e1b516d23) [PhysX] Initialized MultithreadedTaskDispatcher with 10 workers.
 -> (artifact id: '8c28b94529092202c389cafd38607dd8') in 0.008963 seconds
Number of updated asset objects reloaded before import = 0
Number of asset objects unloaded after import = 1
========================================================================
Received Import Request.
  Time since last request: 0.000078 seconds.
  path: Assets/ModernSupermarket/Models/Furniture/Stall_6f5bo1/Textures/Stall_6f5bo1_n.png
  artifactKey: Guid(0f69eef5c90e64c4194536285e93db8c) Importer(2089858483,0ecaa5967403d082aa24f35e1b516d23)
Start importing Assets/ModernSupermarket/Models/Furniture/Stall_6f5bo1/Textures/Stall_6f5bo1_n.png using Guid(0f69eef5c90e64c4194536285e93db8c) Importer(2089858483,0ecaa5967403d082aa24f35e1b516d23) [PhysX] Initialized MultithreadedTaskDispatcher with 10 workers.
 -> (artifact id: '48f3b9578068b2434721ee1938f0897f') in 0.007904 seconds
Number of updated asset objects reloaded before import = 0
Number of asset objects unloaded after import = 1
========================================================================
Received Import Request.
  Time since last request: 0.000067 seconds.
  path: Assets/ModernSupermarket/Models/Props/Products/Bag_s45li3/Bag_s45li3.fbx
  artifactKey: Guid(4b9839e483b431a4ea39304e2840307b) Importer(2089858483,0ecaa5967403d082aa24f35e1b516d23)
Start importing Assets/ModernSupermarket/Models/Props/Products/Bag_s45li3/Bag_s45li3.fbx using Guid(4b9839e483b431a4ea39304e2840307b) Importer(2089858483,0ecaa5967403d082aa24f35e1b516d23) [PhysX] Initialized MultithreadedTaskDispatcher with 10 workers.
 -> (artifact id: '981ec4f44f7067f07aecad8e51ce4b81') in 0.005141 seconds
Number of updated asset objects reloaded before import = 0
Number of asset objects unloaded after import = 7
========================================================================
Received Import Request.
  Time since last request: 0.000047 seconds.
  path: Assets/ModernSupermarket/Models/Props/Produce/Papaya_xt7unv/Papaya_xt7unv.fbx
  artifactKey: Guid(5063c67dd1f5b3b4cb6656603b6662cc) Importer(2089858483,0ecaa5967403d082aa24f35e1b516d23)
Start importing Assets/ModernSupermarket/Models/Props/Produce/Papaya_xt7unv/Papaya_xt7unv.fbx using Guid(5063c67dd1f5b3b4cb6656603b6662cc) Importer(2089858483,0ecaa5967403d082aa24f35e1b516d23) [PhysX] Initialized MultithreadedTaskDispatcher with 10 workers.
 -> (artifact id: 'bd6f71e2280509d7221c9ea9d08ec856') in 0.005183 seconds
Number of updated asset objects reloaded before import = 0
Number of asset objects unloaded after import = 7
========================================================================
Received Import Request.
  Time since last request: 0.000053 seconds.
  path: Assets/ModernSupermarket/Models/Furniture/HeritageBuffet_wkjvvg/Textures/HeritageBuffet_wkjvvgVar01_m.png
  artifactKey: Guid(fe2ff1e838021cd45b561cb219c3e307) Importer(2089858483,0ecaa5967403d082aa24f35e1b516d23)
Start importing Assets/ModernSupermarket/Models/Furniture/HeritageBuffet_wkjvvg/Textures/HeritageBuffet_wkjvvgVar01_m.png using Guid(fe2ff1e838021cd45b561cb219c3e307) Importer(2089858483,0ecaa5967403d082aa24f35e1b516d23) [PhysX] Initialized MultithreadedTaskDispatcher with 10 workers.
 -> (artifact id: '3210d63854b5f0223356ea95c7258084') in 0.010378 seconds
Number of updated asset objects reloaded before import = 0
Number of asset objects unloaded after import = 1
========================================================================
Received Import Request.
  Time since last request: 0.000063 seconds.
  path: Assets/ModernSupermarket/Models/Furniture/HeritageBuffet_wkjvvg/Textures/HeritageBuffet_wkjvvgVar01_a.png
  artifactKey: Guid(286322f11ba09214c879f951433ae3c7) Importer(2089858483,0ecaa5967403d082aa24f35e1b516d23)
Start importing Assets/ModernSupermarket/Models/Furniture/HeritageBuffet_wkjvvg/Textures/HeritageBuffet_wkjvvgVar01_a.png using Guid(286322f11ba09214c879f951433ae3c7) Importer(2089858483,0ecaa5967403d082aa24f35e1b516d23) [PhysX] Initialized MultithreadedTaskDispatcher with 10 workers.
 -> (artifact id: '7c5841639d8ca26ee85fcd7a8bada534') in 0.006543 seconds
Number of updated asset objects reloaded before import = 0
Number of asset objects unloaded after import = 1
========================================================================
Received Import Request.
  Time since last request: 0.000117 seconds.
  path: Assets/ModernSupermarket/Models/Furniture/Sign_04h2fw/Textures/Sign_04h2fw_n.png
  artifactKey: Guid(32247fbba169f6344a9dd56d37e796ae) Importer(2089858483,0ecaa5967403d082aa24f35e1b516d23)
Start importing Assets/ModernSupermarket/Models/Furniture/Sign_04h2fw/Textures/Sign_04h2fw_n.png using Guid(32247fbba169f6344a9dd56d37e796ae) Importer(2089858483,0ecaa5967403d082aa24f35e1b516d23) [PhysX] Initialized MultithreadedTaskDispatcher with 10 workers.
 -> (artifact id: 'd3ea7e2421e62b74449b6f97ebfaa988') in 0.005853 seconds
Number of updated asset objects reloaded before import = 0
Number of asset objects unloaded after import = 1
========================================================================
Received Import Request.
  Time since last request: 0.000083 seconds.
  path: Assets/ModernSupermarket/Models/Props/Products/Beer_lryra7/Beer_lryra7_Pack01.fbx
  artifactKey: Guid(26fc2782891671140a3dc1427ad4685f) Importer(2089858483,0ecaa5967403d082aa24f35e1b516d23)
Start importing Assets/ModernSupermarket/Models/Props/Products/Beer_lryra7/Beer_lryra7_Pack01.fbx using Guid(26fc2782891671140a3dc1427ad4685f) Importer(2089858483,0ecaa5967403d082aa24f35e1b516d23) [PhysX] Initialized MultithreadedTaskDispatcher with 10 workers.
 -> (artifact id: '462e6cce901e53b75d8dee133d79b8b6') in 0.005492 seconds
Number of updated asset objects reloaded before import = 0
Number of asset objects unloaded after import = 7
========================================================================
Received Import Request.
  Time since last request: 0.000063 seconds.
  path: Assets/ModernSupermarket/Models/Props/Produce/Zucchini_z21819/Zucchini_z21819_Pack01.fbx
  artifactKey: Guid(dd727fe1cfa7bf146b9c65758521ed72) Importer(2089858483,0ecaa5967403d082aa24f35e1b516d23)
Start importing Assets/ModernSupermarket/Models/Props/Produce/Zucchini_z21819/Zucchini_z21819_Pack01.fbx using Guid(dd727fe1cfa7bf146b9c65758521ed72) Importer(2089858483,0ecaa5967403d082aa24f35e1b516d23) [PhysX] Initialized MultithreadedTaskDispatcher with 10 workers.
 -> (artifact id: 'f16235133467c2dda81da500d3f971b4') in 0.008117 seconds
Number of updated asset objects reloaded before import = 0
Number of asset objects unloaded after import = 7
========================================================================
Received Import Request.
  Time since last request: 0.000122 seconds.
  path: Assets/ModernSupermarket/Models/Furniture/Slate_t3iq3t/Textures/Slate_t3iq3t_n.png
  artifactKey: Guid(dfbbb77b2619b82489c8c1fff1872dc9) Importer(2089858483,0ecaa5967403d082aa24f35e1b516d23)
Start importing Assets/ModernSupermarket/Models/Furniture/Slate_t3iq3t/Textures/Slate_t3iq3t_n.png using Guid(dfbbb77b2619b82489c8c1fff1872dc9) Importer(2089858483,0ecaa5967403d082aa24f35e1b516d23) [PhysX] Initialized MultithreadedTaskDispatcher with 10 workers.
 -> (artifact id: 'b74f6151feaa350b51f206f9745f412d') in 0.007776 seconds
Number of updated asset objects reloaded before import = 0
Number of asset objects unloaded after import = 1
========================================================================
Received Import Request.
  Time since last request: 0.000083 seconds.
  path: Assets/ModernSupermarket/Models/Furniture/Sign_04h2fw/Textures/Sign_04h2fw_Toilet_a.png
  artifactKey: Guid(ad4f2672e2797d84eac1fae99b553376) Importer(2089858483,0ecaa5967403d082aa24f35e1b516d23)
Start importing Assets/ModernSupermarket/Models/Furniture/Sign_04h2fw/Textures/Sign_04h2fw_Toilet_a.png using Guid(ad4f2672e2797d84eac1fae99b553376) Importer(2089858483,0ecaa5967403d082aa24f35e1b516d23) [PhysX] Initialized MultithreadedTaskDispatcher with 10 workers.
 -> (artifact id: 'f93616a5e92f7dd1bddff8a907a421d7') in 0.005554 seconds
Number of updated asset objects reloaded before import = 0
Number of asset objects unloaded after import = 1
========================================================================
Received Import Request.
  Time since last request: 0.000149 seconds.
  path: Assets/ModernSupermarket/Models/Props/Products/Alcohol_eoojba/Alcohol_eoojba_Pack01.fbx
  artifactKey: Guid(638e7179bd00e6b45b037ef982a775ef) Importer(2089858483,0ecaa5967403d082aa24f35e1b516d23)
Start importing Assets/ModernSupermarket/Models/Props/Products/Alcohol_eoojba/Alcohol_eoojba_Pack01.fbx using Guid(638e7179bd00e6b45b037ef982a775ef) Importer(2089858483,0ecaa5967403d082aa24f35e1b516d23) [PhysX] Initialized MultithreadedTaskDispatcher with 10 workers.
 -> (artifact id: '2f29e87ec3f40b02631852e0f075d3da') in 0.005835 seconds
Number of updated asset objects reloaded before import = 0
Number of asset objects unloaded after import = 7
========================================================================
Received Import Request.
  Time since last request: 0.000056 seconds.
  path: Assets/ModernSupermarket/Models/Props/Products/Cake_a3h87k/Cake_a3h87k_Pack01.fbx
  artifactKey: Guid(b3b0bebef72a86b4f9c94b98559b81dc) Importer(2089858483,0ecaa5967403d082aa24f35e1b516d23)
Start importing Assets/ModernSupermarket/Models/Props/Products/Cake_a3h87k/Cake_a3h87k_Pack01.fbx using Guid(b3b0bebef72a86b4f9c94b98559b81dc) Importer(2089858483,0ecaa5967403d082aa24f35e1b516d23) [PhysX] Initialized MultithreadedTaskDispatcher with 10 workers.
 -> (artifact id: '9f91ab8119ea6161799e920f7b166c20') in 0.008296 seconds
Number of updated asset objects reloaded before import = 0
Number of asset objects unloaded after import = 7
========================================================================
Received Import Request.
  Time since last request: 0.000037 seconds.
  path: Assets/ModernSupermarket/Models/Props/Produce/Tomato_u9ceyc/Tomato_u9ceyc_Pack01.fbx
  artifactKey: Guid(d366ab942fb5dc341a7bbf04f8ac6e0d) Importer(2089858483,0ecaa5967403d082aa24f35e1b516d23)
Start importing Assets/ModernSupermarket/Models/Props/Produce/Tomato_u9ceyc/Tomato_u9ceyc_Pack01.fbx using Guid(d366ab942fb5dc341a7bbf04f8ac6e0d) Importer(2089858483,0ecaa5967403d082aa24f35e1b516d23) [PhysX] Initialized MultithreadedTaskDispatcher with 10 workers.
 -> (artifact id: '204ed761277382186ed57904a26c4e61') in 0.005290 seconds
Number of updated asset objects reloaded before import = 0
Number of asset objects unloaded after import = 7
========================================================================
Received Import Request.
  Time since last request: 0.000061 seconds.
  path: Assets/ModernSupermarket/Models/Furniture/Fridge_f13xen/Textures/Fridge_f13xen_a.png
  artifactKey: Guid(7b22d286b785f15499c4ebccace38c33) Importer(2089858483,0ecaa5967403d082aa24f35e1b516d23)
Start importing Assets/ModernSupermarket/Models/Furniture/Fridge_f13xen/Textures/Fridge_f13xen_a.png using Guid(7b22d286b785f15499c4ebccace38c33) Importer(2089858483,0ecaa5967403d082aa24f35e1b516d23) [PhysX] Initialized MultithreadedTaskDispatcher with 10 workers.
 -> (artifact id: '7d30bfce7e84c9ae435e7283fdb15f63') in 0.006748 seconds
Number of updated asset objects reloaded before import = 0
Number of asset objects unloaded after import = 1
========================================================================
Received Import Request.
  Time since last request: 0.000067 seconds.
  path: Assets/ModernSupermarket/Models/Props/Produce/Perry_fhz4xg/Perry_fhz4xg.fbx
  artifactKey: Guid(e41ea80ea24387349b29ba6791e9e12e) Importer(2089858483,0ecaa5967403d082aa24f35e1b516d23)
Start importing Assets/ModernSupermarket/Models/Props/Produce/Perry_fhz4xg/Perry_fhz4xg.fbx using Guid(e41ea80ea24387349b29ba6791e9e12e) Importer(2089858483,0ecaa5967403d082aa24f35e1b516d23) [PhysX] Initialized MultithreadedTaskDispatcher with 10 workers.
 -> (artifact id: '4d0135fa5e4f0eb8fb98fdef868c28a0') in 0.005334 seconds
Number of updated asset objects reloaded before import = 0
Number of asset objects unloaded after import = 7
========================================================================
Received Import Request.
  Time since last request: 0.621499 seconds.
  path: Assets/ModernSupermarket/Models/Props/Products/CandyPack_qkmq5d/CandyPack_qkmq5d.fbx
  artifactKey: Guid(2ea77d5e273d58b48b2a82c6d7879a39) Importer(2089858483,0ecaa5967403d082aa24f35e1b516d23)
Start importing Assets/ModernSupermarket/Models/Props/Products/CandyPack_qkmq5d/CandyPack_qkmq5d.fbx using Guid(2ea77d5e273d58b48b2a82c6d7879a39) Importer(2089858483,0ecaa5967403d082aa24f35e1b516d23) [PhysX] Initialized MultithreadedTaskDispatcher with 10 workers.
 -> (artifact id: '83791e5c39c2f30a1ced8b17c73933cb') in 0.017729 seconds
Number of updated asset objects reloaded before import = 0
Number of asset objects unloaded after import = 7
========================================================================
Received Import Request.
  Time since last request: 0.000120 seconds.
  path: Assets/ModernSupermarket/Models/Props/Products/EggBox4x_nbzek2/EggBox4x_nbzek2_Pack01.fbx
  artifactKey: Guid(be77b3cb0ffdd5f43acacafacdf95203) Importer(2089858483,0ecaa5967403d082aa24f35e1b516d23)
Start importing Assets/ModernSupermarket/Models/Props/Products/EggBox4x_nbzek2/EggBox4x_nbzek2_Pack01.fbx using Guid(be77b3cb0ffdd5f43acacafacdf95203) Importer(2089858483,0ecaa5967403d082aa24f35e1b516d23) [PhysX] Initialized MultithreadedTaskDispatcher with 10 workers.
 -> (artifact id: 'cbee66d2edff305c2c2f866b8fc70132') in 0.008287 seconds
Number of updated asset objects reloaded before import = 0
Number of asset objects unloaded after import = 7
========================================================================
Received Import Request.
  Time since last request: 0.000090 seconds.
  path: Assets/ModernSupermarket/Models/Furniture/Door_c5bu08/Textures/Materials/Door_c5bu08.mat
  artifactKey: Guid(317bc8ccadc079545877cb3ddaa1f337) Importer(2089858483,0ecaa5967403d082aa24f35e1b516d23)
Start importing Assets/ModernSupermarket/Models/Furniture/Door_c5bu08/Textures/Materials/Door_c5bu08.mat using Guid(317bc8ccadc079545877cb3ddaa1f337) Importer(2089858483,0ecaa5967403d082aa24f35e1b516d23) [PhysX] Initialized MultithreadedTaskDispatcher with 10 workers.
 -> (artifact id: '0927b5fec25aee833e7bfd5684570bfb') in 0.010420 seconds
Number of updated asset objects reloaded before import = 0
Number of asset objects unloaded after import = 4
========================================================================
Received Import Request.
  Time since last request: 0.000034 seconds.
  path: Assets/ModernSupermarket/Models/Props/Produce/Garlic_tkqeno/Textures/Garlic_tkqeno_a.png
  artifactKey: Guid(c9ac7659be40d5f44931dad911254ae8) Importer(2089858483,0ecaa5967403d082aa24f35e1b516d23)
Start importing Assets/ModernSupermarket/Models/Props/Produce/Garlic_tkqeno/Textures/Garlic_tkqeno_a.png using Guid(c9ac7659be40d5f44931dad911254ae8) Importer(2089858483,0ecaa5967403d082aa24f35e1b516d23) [PhysX] Initialized MultithreadedTaskDispatcher with 10 workers.
 -> (artifact id: '94b2241ed6822030cb9deac66bc2d56f') in 0.007108 seconds
Number of updated asset objects reloaded before import = 0
Number of asset objects unloaded after import = 1
========================================================================
Received Import Request.
  Time since last request: 0.000087 seconds.
  path: Assets/ModernSupermarket/Models/Props/Produce/Apple_k7nzrr/Textures/Apple_k7nzrr_m.png
  artifactKey: Guid(b681c8eb9f6e2574ca76c6b3ad04e527) Importer(2089858483,0ecaa5967403d082aa24f35e1b516d23)
Start importing Assets/ModernSupermarket/Models/Props/Produce/Apple_k7nzrr/Textures/Apple_k7nzrr_m.png using Guid(b681c8eb9f6e2574ca76c6b3ad04e527) Importer(2089858483,0ecaa5967403d082aa24f35e1b516d23) [PhysX] Initialized MultithreadedTaskDispatcher with 10 workers.
 -> (artifact id: 'a240531cfd867cf8b6728c3da8c2257e') in 0.006120 seconds
Number of updated asset objects reloaded before import = 0
Number of asset objects unloaded after import = 1
========================================================================
Received Import Request.
  Time since last request: 0.000080 seconds.
  path: Assets/ModernSupermarket/Models/Props/Utility/Anti-thefhtDoor_9qs8y9/Anti-theftDoor_9qs8y9.fbx
  artifactKey: Guid(56e2ddc56124e5546a0bb9b23c222ebd) Importer(2089858483,0ecaa5967403d082aa24f35e1b516d23)
Start importing Assets/ModernSupermarket/Models/Props/Utility/Anti-thefhtDoor_9qs8y9/Anti-theftDoor_9qs8y9.fbx using Guid(56e2ddc56124e5546a0bb9b23c222ebd) Importer(2089858483,0ecaa5967403d082aa24f35e1b516d23) [PhysX] Initialized MultithreadedTaskDispatcher with 10 workers.
 -> (artifact id: 'a3db105c6be522e9302ae631f0e8855a') in 0.009671 seconds
Number of updated asset objects reloaded before import = 0
Number of asset objects unloaded after import = 14
========================================================================
Received Import Request.
  Time since last request: 0.000273 seconds.
  path: Assets/ModernSupermarket/Models/Furniture/Sign_04h2fw/Textures/Materials/Sign_04h2fw_Frozen.mat
  artifactKey: Guid(26ce3efba0bd46849bd8113a567fdb0d) Importer(2089858483,0ecaa5967403d082aa24f35e1b516d23)
Start importing Assets/ModernSupermarket/Models/Furniture/Sign_04h2fw/Textures/Materials/Sign_04h2fw_Frozen.mat using Guid(26ce3efba0bd46849bd8113a567fdb0d) Importer(2089858483,0ecaa5967403d082aa24f35e1b516d23) [PhysX] Initialized MultithreadedTaskDispatcher with 10 workers.
 -> (artifact id: 'b2a90c03027ee54a534286ccbefe650d') in 0.005745 seconds
Number of updated asset objects reloaded before import = 0
Number of asset objects unloaded after import = 5
========================================================================
Received Import Request.
  Time since last request: 0.000034 seconds.
  path: Assets/ModernSupermarket/Models/Props/Produce/Garlic_tkqeno/Textures/Garlic_tkqeno_m.png
  artifactKey: Guid(3793db2b07b5c4848887317fc5574f41) Importer(2089858483,0ecaa5967403d082aa24f35e1b516d23)
Start importing Assets/ModernSupermarket/Models/Props/Produce/Garlic_tkqeno/Textures/Garlic_tkqeno_m.png using Guid(3793db2b07b5c4848887317fc5574f41) Importer(2089858483,0ecaa5967403d082aa24f35e1b516d23) [PhysX] Initialized MultithreadedTaskDispatcher with 10 workers.
 -> (artifact id: 'd092034e2d11601354753a42bf6a78b5') in 0.005986 seconds
Number of updated asset objects reloaded before import = 0
Number of asset objects unloaded after import = 1
========================================================================
Received Import Request.
  Time since last request: 0.000089 seconds.
  path: Assets/ModernSupermarket/Models/Props/Utility/Crate_3m39yz/Crate_3m39yz.fbx
  artifactKey: Guid(c4bc5c7bc79b1c941b98be50d504bf35) Importer(2089858483,0ecaa5967403d082aa24f35e1b516d23)
Start importing Assets/ModernSupermarket/Models/Props/Utility/Crate_3m39yz/Crate_3m39yz.fbx using Guid(c4bc5c7bc79b1c941b98be50d504bf35) Importer(2089858483,0ecaa5967403d082aa24f35e1b516d23) [PhysX] Initialized MultithreadedTaskDispatcher with 10 workers.
 -> (artifact id: '969cf8082f4e7556396c2e561d50ff00') in 0.005339 seconds
Number of updated asset objects reloaded before import = 0
Number of asset objects unloaded after import = 7
========================================================================
Received Import Request.
  Time since last request: 0.000021 seconds.
  path: Assets/ModernSupermarket/Models/Props/Produce/ChilliPepper_w388hm/Textures/ChilliPeppers_w388hm_Var01_n.png
  artifactKey: Guid(a2ad05a023448884ebdf538c55541d8b) Importer(2089858483,0ecaa5967403d082aa24f35e1b516d23)
Start importing Assets/ModernSupermarket/Models/Props/Produce/ChilliPepper_w388hm/Textures/ChilliPeppers_w388hm_Var01_n.png using Guid(a2ad05a023448884ebdf538c55541d8b) Importer(2089858483,0ecaa5967403d082aa24f35e1b516d23) [PhysX] Initialized MultithreadedTaskDispatcher with 10 workers.
 -> (artifact id: '7c01249391a0bb4c3fab994b44965ed8') in 0.008075 seconds
Number of updated asset objects reloaded before import = 0
Number of asset objects unloaded after import = 1
========================================================================
Received Import Request.
  Time since last request: 0.000115 seconds.
  path: Assets/ModernSupermarket/Models/Props/Produce/Carrot_i2roww/Textures/Carrot_i2roww_n.png
  artifactKey: Guid(4ad2c5a99bdde8047b09537cccd4197a) Importer(2089858483,0ecaa5967403d082aa24f35e1b516d23)
Start importing Assets/ModernSupermarket/Models/Props/Produce/Carrot_i2roww/Textures/Carrot_i2roww_n.png using Guid(4ad2c5a99bdde8047b09537cccd4197a) Importer(2089858483,0ecaa5967403d082aa24f35e1b516d23) [PhysX] Initialized MultithreadedTaskDispatcher with 10 workers.
 -> (artifact id: '5b1ddb4f298337fef0f92eff0d87081f') in 0.005952 seconds
Number of updated asset objects reloaded before import = 0
Number of asset objects unloaded after import = 1
========================================================================
Received Import Request.
  Time since last request: 0.000106 seconds.
  path: Assets/ModernSupermarket/Models/Props/Products/Pasta_g87jtq/Pasta_g87jtq_Pack02.fbx
  artifactKey: Guid(4e078030660288c44805593df18fd3c4) Importer(2089858483,0ecaa5967403d082aa24f35e1b516d23)
Start importing Assets/ModernSupermarket/Models/Props/Products/Pasta_g87jtq/Pasta_g87jtq_Pack02.fbx using Guid(4e078030660288c44805593df18fd3c4) Importer(2089858483,0ecaa5967403d082aa24f35e1b516d23) [PhysX] Initialized MultithreadedTaskDispatcher with 10 workers.
 -> (artifact id: '359dfc388c9539f3ff0094efba23aed2') in 0.005310 seconds
Number of updated asset objects reloaded before import = 0
Number of asset objects unloaded after import = 7
========================================================================
Received Import Request.
  Time since last request: 0.000047 seconds.
  path: Assets/ModernSupermarket/Models/Props/Products/Soda_7gwg2t/Soda_7gwg2t_Pack01.fbx
  artifactKey: Guid(547ce14db7a892241b5a67c6251f0f21) Importer(2089858483,0ecaa5967403d082aa24f35e1b516d23)
Start importing Assets/ModernSupermarket/Models/Props/Products/Soda_7gwg2t/Soda_7gwg2t_Pack01.fbx using Guid(547ce14db7a892241b5a67c6251f0f21) Importer(2089858483,0ecaa5967403d082aa24f35e1b516d23) [PhysX] Initialized MultithreadedTaskDispatcher with 10 workers.
 -> (artifact id: '48d22cd425da0acca3214d04c1f29872') in 0.005523 seconds
Number of updated asset objects reloaded before import = 0
Number of asset objects unloaded after import = 7
========================================================================
Received Import Request.
  Time since last request: 0.000043 seconds.
  path: Assets/ModernSupermarket/Models/Furniture/Fridge_f13xen/Textures/Materials/Fridge_f13xen.mat
  artifactKey: Guid(d8b0a8ced23c292479107644e28a85ca) Importer(2089858483,0ecaa5967403d082aa24f35e1b516d23)
Start importing Assets/ModernSupermarket/Models/Furniture/Fridge_f13xen/Textures/Materials/Fridge_f13xen.mat using Guid(d8b0a8ced23c292479107644e28a85ca) Importer(2089858483,0ecaa5967403d082aa24f35e1b516d23) [PhysX] Initialized MultithreadedTaskDispatcher with 10 workers.
 -> (artifact id: '709bb8e2958770a578f20c59378d6c48') in 0.011948 seconds
Number of updated asset objects reloaded before import = 0
Number of asset objects unloaded after import = 6
========================================================================
Received Import Request.
  Time since last request: 0.000126 seconds.
  path: Assets/ModernSupermarket/Models/Props/Products/EggBox12x_7zw3j2/EggBox12x_7zw3j2.fbx
  artifactKey: Guid(25123d2aa3d943f4aba992e44a744e32) Importer(2089858483,0ecaa5967403d082aa24f35e1b516d23)
Start importing Assets/ModernSupermarket/Models/Props/Products/EggBox12x_7zw3j2/EggBox12x_7zw3j2.fbx using Guid(25123d2aa3d943f4aba992e44a744e32) Importer(2089858483,0ecaa5967403d082aa24f35e1b516d23) [PhysX] Initialized MultithreadedTaskDispatcher with 10 workers.
 -> (artifact id: '9b5d36b606e23190b14a80f89dbfcb52') in 0.005989 seconds
Number of updated asset objects reloaded before import = 0
Number of asset objects unloaded after import = 7
========================================================================
Received Import Request.
  Time since last request: 0.000086 seconds.
  path: Assets/ModernSupermarket/Models/Props/Produce/Apple_yf18nm/Textures/Apple_yf18nm_o.png
  artifactKey: Guid(788bd05b87e89f247b313cced9e6a993) Importer(2089858483,0ecaa5967403d082aa24f35e1b516d23)
Start importing Assets/ModernSupermarket/Models/Props/Produce/Apple_yf18nm/Textures/Apple_yf18nm_o.png using Guid(788bd05b87e89f247b313cced9e6a993) Importer(2089858483,0ecaa5967403d082aa24f35e1b516d23) [PhysX] Initialized MultithreadedTaskDispatcher with 10 workers.
 -> (artifact id: '66304fa4865dc64e8ca34a09c03f44d8') in 0.005209 seconds
Number of updated asset objects reloaded before import = 0
Number of asset objects unloaded after import = 1
========================================================================
Received Import Request.
  Time since last request: 0.000079 seconds.
  path: Assets/ModernSupermarket/Models/Furniture/Counter_wh1nba/Textures/Materials/Counter_wh1nba.mat
  artifactKey: Guid(aca4922accd921d4fb53e356954da1fa) Importer(2089858483,0ecaa5967403d082aa24f35e1b516d23)
Start importing Assets/ModernSupermarket/Models/Furniture/Counter_wh1nba/Textures/Materials/Counter_wh1nba.mat using Guid(aca4922accd921d4fb53e356954da1fa) Importer(2089858483,0ecaa5967403d082aa24f35e1b516d23) [PhysX] Initialized MultithreadedTaskDispatcher with 10 workers.
 -> (artifact id: '7f1922d815d06127b9a23f621a138082') in 0.008741 seconds
Number of updated asset objects reloaded before import = 0
Number of asset objects unloaded after import = 5
========================================================================
Received Import Request.
  Time since last request: 0.000054 seconds.
  path: Assets/ModernSupermarket/Models/Props/Products/Vase_x3wysg/Vase_x3wysg.fbx
  artifactKey: Guid(b60b3a1a28a813244b0e74fde8ba9157) Importer(2089858483,0ecaa5967403d082aa24f35e1b516d23)
Start importing Assets/ModernSupermarket/Models/Props/Products/Vase_x3wysg/Vase_x3wysg.fbx using Guid(b60b3a1a28a813244b0e74fde8ba9157) Importer(2089858483,0ecaa5967403d082aa24f35e1b516d23) [PhysX] Initialized MultithreadedTaskDispatcher with 10 workers.
 -> (artifact id: '695b60262f43d5f047dad94770dffc84') in 0.008845 seconds
Number of updated asset objects reloaded before import = 0
Number of asset objects unloaded after import = 19
========================================================================
Received Import Request.
  Time since last request: 0.000109 seconds.
  path: Assets/ModernSupermarket/Models/Props/Products/Oil_ nutmjk/Oil_ nutmjk.fbx
  artifactKey: Guid(6ecd5dcba59d4554b8e45bb286db6808) Importer(2089858483,0ecaa5967403d082aa24f35e1b516d23)
Start importing Assets/ModernSupermarket/Models/Props/Products/Oil_ nutmjk/Oil_ nutmjk.fbx using Guid(6ecd5dcba59d4554b8e45bb286db6808) Importer(2089858483,0ecaa5967403d082aa24f35e1b516d23) [PhysX] Initialized MultithreadedTaskDispatcher with 10 workers.
 -> (artifact id: 'd86862c07b23c9059393ccd483f0327b') in 0.005265 seconds
Number of updated asset objects reloaded before import = 0
Number of asset objects unloaded after import = 7
========================================================================
Received Import Request.
  Time since last request: 0.000041 seconds.
  path: Assets/ModernSupermarket/Models/Furniture/Door_1jcm5g/Textures/Materials/Door_1jcm5g_a.mat
  artifactKey: Guid(a8be50d49f7bfe843a08a92604c190f8) Importer(2089858483,0ecaa5967403d082aa24f35e1b516d23)
Start importing Assets/ModernSupermarket/Models/Furniture/Door_1jcm5g/Textures/Materials/Door_1jcm5g_a.mat using Guid(a8be50d49f7bfe843a08a92604c190f8) Importer(2089858483,0ecaa5967403d082aa24f35e1b516d23) [PhysX] Initialized MultithreadedTaskDispatcher with 10 workers.
 -> (artifact id: '4959e3e5fa5faedb4807d04050704d61') in 0.008574 seconds
Number of updated asset objects reloaded before import = 0
Number of asset objects unloaded after import = 5
========================================================================
Received Import Request.
  Time since last request: 0.000141 seconds.
  path: Assets/ModernSupermarket/Models/Props/Products/YoghurtPack_kjd150/YoghurtPack_rk7lsf_Pack01.fbx
  artifactKey: Guid(aa8c2d6a1b7eb1b40b1bb96d4889f0a6) Importer(2089858483,0ecaa5967403d082aa24f35e1b516d23)
Start importing Assets/ModernSupermarket/Models/Props/Products/YoghurtPack_kjd150/YoghurtPack_rk7lsf_Pack01.fbx using Guid(aa8c2d6a1b7eb1b40b1bb96d4889f0a6) Importer(2089858483,0ecaa5967403d082aa24f35e1b516d23) [PhysX] Initialized MultithreadedTaskDispatcher with 10 workers.
 -> (artifact id: 'ddfc40e17dbabb8692e45cb5257d40c6') in 0.006525 seconds
Number of updated asset objects reloaded before import = 0
Number of asset objects unloaded after import = 7
========================================================================
Received Import Request.
  Time since last request: 0.000065 seconds.
  path: Assets/ModernSupermarket/Models/Props/Products/Sugar_o0f6pn/Sugar_o0f6pn_Pack01.fbx
  artifactKey: Guid(078493651e9c9f94c898b216252c6a5a) Importer(2089858483,0ecaa5967403d082aa24f35e1b516d23)
Start importing Assets/ModernSupermarket/Models/Props/Products/Sugar_o0f6pn/Sugar_o0f6pn_Pack01.fbx using Guid(078493651e9c9f94c898b216252c6a5a) Importer(2089858483,0ecaa5967403d082aa24f35e1b516d23) [PhysX] Initialized MultithreadedTaskDispatcher with 10 workers.
 -> (artifact id: '1021ff1973a435697f46e900d2637fc7') in 0.005784 seconds
Number of updated asset objects reloaded before import = 0
Number of asset objects unloaded after import = 7
========================================================================
Received Import Request.
  Time since last request: 0.000056 seconds.
  path: Assets/ModernSupermarket/Models/Props/Products/WhippedCream_wm5t5v/WhippedCream_wm5t5v_Pack01.fbx
  artifactKey: Guid(2a5fe9b9a2a7d89409e3c4311650c90a) Importer(2089858483,0ecaa5967403d082aa24f35e1b516d23)
Start importing Assets/ModernSupermarket/Models/Props/Products/WhippedCream_wm5t5v/WhippedCream_wm5t5v_Pack01.fbx using Guid(2a5fe9b9a2a7d89409e3c4311650c90a) Importer(2089858483,0ecaa5967403d082aa24f35e1b516d23) [PhysX] Initialized MultithreadedTaskDispatcher with 10 workers.
 -> (artifact id: '541c7cbc29c213d55a01769ce5fa2ab5') in 0.008628 seconds
Number of updated asset objects reloaded before import = 0
Number of asset objects unloaded after import = 7
========================================================================
Received Import Request.
  Time since last request: 0.000065 seconds.
  path: Assets/ModernSupermarket/Models/Props/Products/Flour_ckgfmu/Flour_ckgfmu.fbx
  artifactKey: Guid(b175a2ed1190dbd41a90baba65fbb10e) Importer(2089858483,0ecaa5967403d082aa24f35e1b516d23)
Start importing Assets/ModernSupermarket/Models/Props/Products/Flour_ckgfmu/Flour_ckgfmu.fbx using Guid(b175a2ed1190dbd41a90baba65fbb10e) Importer(2089858483,0ecaa5967403d082aa24f35e1b516d23) [PhysX] Initialized MultithreadedTaskDispatcher with 10 workers.
 -> (artifact id: 'ce20b23b94edf746e57d67c7be390f32') in 0.005287 seconds
Number of updated asset objects reloaded before import = 0
Number of asset objects unloaded after import = 7
========================================================================
Received Import Request.
  Time since last request: 0.000063 seconds.
  path: Assets/ModernSupermarket/Models/Props/Products/Cream_jatl5h/Cream_jatl5h.fbx
  artifactKey: Guid(ff253a01cbb77704899cf014c7619e55) Importer(2089858483,0ecaa5967403d082aa24f35e1b516d23)
Start importing Assets/ModernSupermarket/Models/Props/Products/Cream_jatl5h/Cream_jatl5h.fbx using Guid(ff253a01cbb77704899cf014c7619e55) Importer(2089858483,0ecaa5967403d082aa24f35e1b516d23) [PhysX] Initialized MultithreadedTaskDispatcher with 10 workers.
 -> (artifact id: 'e6a660637fdd8931327d12d6a0aec979') in 0.005443 seconds
Number of updated asset objects reloaded before import = 0
Number of asset objects unloaded after import = 7
========================================================================
Received Import Request.
  Time since last request: 0.000065 seconds.
  path: Assets/ModernSupermarket/Models/Props/Products/JuiceBrick_6ljfy3/JuiceBrick_6ljfy3.fbx
  artifactKey: Guid(6fb648af9b2299b4eb39c85d83d2a5a2) Importer(2089858483,0ecaa5967403d082aa24f35e1b516d23)
Start importing Assets/ModernSupermarket/Models/Props/Products/JuiceBrick_6ljfy3/JuiceBrick_6ljfy3.fbx using Guid(6fb648af9b2299b4eb39c85d83d2a5a2) Importer(2089858483,0ecaa5967403d082aa24f35e1b516d23) [PhysX] Initialized MultithreadedTaskDispatcher with 10 workers.
 -> (artifact id: '8fc12997843aa81937368302ce69aa51') in 0.007797 seconds
Number of updated asset objects reloaded before import = 0
Number of asset objects unloaded after import = 7
========================================================================
Received Import Request.
  Time since last request: 0.000063 seconds.
  path: Assets/ModernSupermarket/Models/Props/Products/EggBox8x_2zgq4h/Eggbox8x_2zgq4h_Pack01.fbx
  artifactKey: Guid(a08f024826aa4114f9dedf63b3d5a2e8) Importer(2089858483,0ecaa5967403d082aa24f35e1b516d23)
Start importing Assets/ModernSupermarket/Models/Props/Products/EggBox8x_2zgq4h/Eggbox8x_2zgq4h_Pack01.fbx using Guid(a08f024826aa4114f9dedf63b3d5a2e8) Importer(2089858483,0ecaa5967403d082aa24f35e1b516d23) [PhysX] Initialized MultithreadedTaskDispatcher with 10 workers.
 -> (artifact id: 'dfb34536f3db089cae9c091dec5d8380') in 0.005742 seconds
Number of updated asset objects reloaded before import = 0
Number of asset objects unloaded after import = 7
========================================================================
Received Import Request.
  Time since last request: 0.000103 seconds.
  path: Assets/ModernSupermarket/Models/Furniture/Stall_94wthk/Textures/Materials/Stall_94wthk.mat
  artifactKey: Guid(d2e6cc254c06dee459f30364b5b2c17e) Importer(2089858483,0ecaa5967403d082aa24f35e1b516d23)
Start importing Assets/ModernSupermarket/Models/Furniture/Stall_94wthk/Textures/Materials/Stall_94wthk.mat using Guid(d2e6cc254c06dee459f30364b5b2c17e) Importer(2089858483,0ecaa5967403d082aa24f35e1b516d23) [PhysX] Initialized MultithreadedTaskDispatcher with 10 workers.
 -> (artifact id: '642b1ce826df65c169b1880baed1459b') in 0.008127 seconds
Number of updated asset objects reloaded before import = 0
Number of asset objects unloaded after import = 5
========================================================================
Received Import Request.
  Time since last request: 0.000322 seconds.
  path: Assets/ModernSupermarket/Models/Props/Produce/Lemon_ahopes/Textures/Lemon_ahopes_o.png
  artifactKey: Guid(2b2d836b7e9563044a1791bc676c9a41) Importer(2089858483,0ecaa5967403d082aa24f35e1b516d23)
Start importing Assets/ModernSupermarket/Models/Props/Produce/Lemon_ahopes/Textures/Lemon_ahopes_o.png using Guid(2b2d836b7e9563044a1791bc676c9a41) Importer(2089858483,0ecaa5967403d082aa24f35e1b516d23) [PhysX] Initialized MultithreadedTaskDispatcher with 10 workers.
 -> (artifact id: 'b2d56165754d55b981fbc8c4ac7d1f6d') in 0.005795 seconds
Number of updated asset objects reloaded before import = 0
Number of asset objects unloaded after import = 1
========================================================================
Received Import Request.
  Time since last request: 0.000051 seconds.
  path: Assets/ModernSupermarket/Models/Furniture/HeritageStall_0hvi4w/Textures/Materials/HeritageStall_0hvi4wVar01.mat
  artifactKey: Guid(cc30d85647f0b8146a8442cde56a5ea8) Importer(2089858483,0ecaa5967403d082aa24f35e1b516d23)
Start importing Assets/ModernSupermarket/Models/Furniture/HeritageStall_0hvi4w/Textures/Materials/HeritageStall_0hvi4wVar01.mat using Guid(cc30d85647f0b8146a8442cde56a5ea8) Importer(2089858483,0ecaa5967403d082aa24f35e1b516d23) [PhysX] Initialized MultithreadedTaskDispatcher with 10 workers.
 -> (artifact id: '99e290e3bec018017505afe1e034f5ab') in 0.010155 seconds
Number of updated asset objects reloaded before import = 0
Number of asset objects unloaded after import = 6
========================================================================
Received Import Request.
  Time since last request: 0.000038 seconds.
  path: Assets/ModernSupermarket/Models/Props/Products/Capsule_xrahaz/Capsule_xrahaz.fbx
  artifactKey: Guid(91f81608476479d42ae6cc9d6d982e5b) Importer(2089858483,0ecaa5967403d082aa24f35e1b516d23)
Start importing Assets/ModernSupermarket/Models/Props/Products/Capsule_xrahaz/Capsule_xrahaz.fbx using Guid(91f81608476479d42ae6cc9d6d982e5b) Importer(2089858483,0ecaa5967403d082aa24f35e1b516d23) [PhysX] Initialized MultithreadedTaskDispatcher with 10 workers.
 -> (artifact id: '84825340a02b38a37252c2fd01d85fd6') in 0.008720 seconds
Number of updated asset objects reloaded before import = 0
Number of asset objects unloaded after import = 7
========================================================================
Received Import Request.
  Time since last request: 0.000130 seconds.
  path: Assets/ModernSupermarket/Models/Props/Utility/WetFloor_fxi59q/WetFloor_fxi59q.fbx
  artifactKey: Guid(cafc63df12400a2499c87b51afe94133) Importer(2089858483,0ecaa5967403d082aa24f35e1b516d23)
Start importing Assets/ModernSupermarket/Models/Props/Utility/WetFloor_fxi59q/WetFloor_fxi59q.fbx using Guid(cafc63df12400a2499c87b51afe94133) Importer(2089858483,0ecaa5967403d082aa24f35e1b516d23) [PhysX] Initialized MultithreadedTaskDispatcher with 10 workers.
 -> (artifact id: '657528b724ff1654b7ee91b01e4448e9') in 0.005453 seconds
Number of updated asset objects reloaded before import = 0
Number of asset objects unloaded after import = 7
========================================================================
Received Import Request.
  Time since last request: 0.000086 seconds.
  path: Assets/ModernSupermarket/Models/Props/Produce/ChilliPepper_w388hm/Textures/ChilliPeppers_w388hm_mask.png
  artifactKey: Guid(f04fb68e44e2b2e49b2de51ebf717af9) Importer(2089858483,0ecaa5967403d082aa24f35e1b516d23)
Start importing Assets/ModernSupermarket/Models/Props/Produce/ChilliPepper_w388hm/Textures/ChilliPeppers_w388hm_mask.png using Guid(f04fb68e44e2b2e49b2de51ebf717af9) Importer(2089858483,0ecaa5967403d082aa24f35e1b516d23) [PhysX] Initialized MultithreadedTaskDispatcher with 10 workers.
 -> (artifact id: '7637e20493bfa4a09cf1aa8fe4e2db6e') in 0.005768 seconds
Number of updated asset objects reloaded before import = 0
Number of asset objects unloaded after import = 1
========================================================================
Received Import Request.
  Time since last request: 0.000106 seconds.
  path: Assets/ModernSupermarket/Models/Furniture/Sign_9jlt52/Textures/Materials/Sign_9jlt52.mat
  artifactKey: Guid(57effe2a58a81ee4d80f28881f2a8dad) Importer(2089858483,0ecaa5967403d082aa24f35e1b516d23)
Start importing Assets/ModernSupermarket/Models/Furniture/Sign_9jlt52/Textures/Materials/Sign_9jlt52.mat using Guid(57effe2a58a81ee4d80f28881f2a8dad) Importer(2089858483,0ecaa5967403d082aa24f35e1b516d23) [PhysX] Initialized MultithreadedTaskDispatcher with 10 workers.
 -> (artifact id: 'ddd5e19fd0595b5c9f80aa914312320d') in 0.002764 seconds
Number of updated asset objects reloaded before import = 0
Number of asset objects unloaded after import = 2
========================================================================
Received Import Request.
  Time since last request: 0.000044 seconds.
  path: Assets/ModernSupermarket/Models/Props/Produce/ChilliPepper_w388hm/Textures/ChilliPeppers_w388hm_Var01_o.png
  artifactKey: Guid(8f1ca8189eb594b458ca5d266e821d5d) Importer(2089858483,0ecaa5967403d082aa24f35e1b516d23)
Start importing Assets/ModernSupermarket/Models/Props/Produce/ChilliPepper_w388hm/Textures/ChilliPeppers_w388hm_Var01_o.png using Guid(8f1ca8189eb594b458ca5d266e821d5d) Importer(2089858483,0ecaa5967403d082aa24f35e1b516d23) [PhysX] Initialized MultithreadedTaskDispatcher with 10 workers.
 -> (artifact id: '8441e7004b55526b9c3c4a23e2c6e4c4') in 0.008308 seconds
Number of updated asset objects reloaded before import = 0
Number of asset objects unloaded after import = 1
========================================================================
Received Import Request.
  Time since last request: 0.000098 seconds.
  path: Assets/ModernSupermarket/Models/Props/Products/WhippedCream_wm5t5v/WhippedCream_wm5t5v.fbx
  artifactKey: Guid(d6d2f815dd9329a4cb0bf7790cb3186e) Importer(2089858483,0ecaa5967403d082aa24f35e1b516d23)
Start importing Assets/ModernSupermarket/Models/Props/Products/WhippedCream_wm5t5v/WhippedCream_wm5t5v.fbx using Guid(d6d2f815dd9329a4cb0bf7790cb3186e) Importer(2089858483,0ecaa5967403d082aa24f35e1b516d23) [PhysX] Initialized MultithreadedTaskDispatcher with 10 workers.
 -> (artifact id: '2a749be1308b92d0d945fe06d6ba79ad') in 0.006778 seconds
Number of updated asset objects reloaded before import = 0
Number of asset objects unloaded after import = 8
========================================================================
Received Import Request.
  Time since last request: 0.000071 seconds.
  path: Assets/ModernSupermarket/Models/Props/Produce/ChilliPepper_w388hm/Textures/ChilliPeppers_w388hm_Var02_o.png
  artifactKey: Guid(c9202a84c417e754d906ac7f5c22e3f2) Importer(2089858483,0ecaa5967403d082aa24f35e1b516d23)
Start importing Assets/ModernSupermarket/Models/Props/Produce/ChilliPepper_w388hm/Textures/ChilliPeppers_w388hm_Var02_o.png using Guid(c9202a84c417e754d906ac7f5c22e3f2) Importer(2089858483,0ecaa5967403d082aa24f35e1b516d23) [PhysX] Initialized MultithreadedTaskDispatcher with 10 workers.
 -> (artifact id: 'ff8430105e29d6f6e6e3f8360d32a674') in 0.005806 seconds
Number of updated asset objects reloaded before import = 0
Number of asset objects unloaded after import = 1
========================================================================
Received Import Request.
  Time since last request: 0.000084 seconds.
  path: Assets/ModernSupermarket/Models/Props/Products/Teabox_fhe54d/Teabox_fhe54d.fbx
  artifactKey: Guid(0150ef2823a50954b9ab8601bb2869d7) Importer(2089858483,0ecaa5967403d082aa24f35e1b516d23)
Start importing Assets/ModernSupermarket/Models/Props/Products/Teabox_fhe54d/Teabox_fhe54d.fbx using Guid(0150ef2823a50954b9ab8601bb2869d7) Importer(2089858483,0ecaa5967403d082aa24f35e1b516d23) [PhysX] Initialized MultithreadedTaskDispatcher with 10 workers.
 -> (artifact id: '665db1d722350063832705892a340c88') in 0.005553 seconds
Number of updated asset objects reloaded before import = 0
Number of asset objects unloaded after import = 7
========================================================================
Received Import Request.
  Time since last request: 0.000053 seconds.
  path: Assets/ModernSupermarket/Models/Props/Products/Rice_rewt3q/Rice_rewt3q_Pack02.fbx
  artifactKey: Guid(28a414bb28d196945955c88ef72d83fe) Importer(2089858483,0ecaa5967403d082aa24f35e1b516d23)
Start importing Assets/ModernSupermarket/Models/Props/Products/Rice_rewt3q/Rice_rewt3q_Pack02.fbx using Guid(28a414bb28d196945955c88ef72d83fe) Importer(2089858483,0ecaa5967403d082aa24f35e1b516d23) [PhysX] Initialized MultithreadedTaskDispatcher with 10 workers.
 -> (artifact id: '3c36e331237a66a788ea8b4eb7208ab6') in 0.007646 seconds
Number of updated asset objects reloaded before import = 0
Number of asset objects unloaded after import = 7
========================================================================
Received Import Request.
  Time since last request: 0.000043 seconds.
  path: Assets/ModernSupermarket/Models/Props/Produce/Artichoke_fdde0u/Textures/Artichoke_fdde0u_a.png
  artifactKey: Guid(592f0355769f1e342a4012e68ec3443b) Importer(2089858483,0ecaa5967403d082aa24f35e1b516d23)
Start importing Assets/ModernSupermarket/Models/Props/Produce/Artichoke_fdde0u/Textures/Artichoke_fdde0u_a.png using Guid(592f0355769f1e342a4012e68ec3443b) Importer(2089858483,0ecaa5967403d082aa24f35e1b516d23) [PhysX] Initialized MultithreadedTaskDispatcher with 10 workers.
 -> (artifact id: '7267f4e9008a157d2b2e4344335c4ac9') in 0.004938 seconds
Number of updated asset objects reloaded before import = 0
Number of asset objects unloaded after import = 1
========================================================================
Received Import Request.
  Time since last request: 0.000086 seconds.
  path: Assets/ModernSupermarket/Models/Props/Products/EggBox8x_2zgq4h/EggBox8x_2zgq4h.fbx
  artifactKey: Guid(b108f1db29153a549b899324c3374fae) Importer(2089858483,0ecaa5967403d082aa24f35e1b516d23)
Start importing Assets/ModernSupermarket/Models/Props/Products/EggBox8x_2zgq4h/EggBox8x_2zgq4h.fbx using Guid(b108f1db29153a549b899324c3374fae) Importer(2089858483,0ecaa5967403d082aa24f35e1b516d23) [PhysX] Initialized MultithreadedTaskDispatcher with 10 workers.
 -> (artifact id: '71351df7f1fd6a78763ad80318787e47') in 0.005259 seconds
Number of updated asset objects reloaded before import = 0
Number of asset objects unloaded after import = 7
========================================================================
Received Import Request.
  Time since last request: 0.000119 seconds.
  path: Assets/ModernSupermarket/Models/Props/Produce/Mango_1xw10k/Textures/Mango_1xw10k_m.png
  artifactKey: Guid(45031e9ca605d8a49b40d72247a2fccd) Importer(2089858483,0ecaa5967403d082aa24f35e1b516d23)
Start importing Assets/ModernSupermarket/Models/Props/Produce/Mango_1xw10k/Textures/Mango_1xw10k_m.png using Guid(45031e9ca605d8a49b40d72247a2fccd) Importer(2089858483,0ecaa5967403d082aa24f35e1b516d23) [PhysX] Initialized MultithreadedTaskDispatcher with 10 workers.
 -> (artifact id: '8c42cdbd48edb5e3390e39d072335426') in 0.005284 seconds
Number of updated asset objects reloaded before import = 0
Number of asset objects unloaded after import = 1
========================================================================
Received Import Request.
  Time since last request: 0.000178 seconds.
  path: Assets/ModernSupermarket/Models/Props/Produce/Clementine_7okhg9/Textures/Clementine_7okhg9_o.png
  artifactKey: Guid(1b261712cddf8284d8f66b9238c96aab) Importer(2089858483,0ecaa5967403d082aa24f35e1b516d23)
Start importing Assets/ModernSupermarket/Models/Props/Produce/Clementine_7okhg9/Textures/Clementine_7okhg9_o.png using Guid(1b261712cddf8284d8f66b9238c96aab) Importer(2089858483,0ecaa5967403d082aa24f35e1b516d23) [PhysX] Initialized MultithreadedTaskDispatcher with 10 workers.
 -> (artifact id: '46f2c46c9aa46500ca6ff8872bbf0460') in 0.007791 seconds
Number of updated asset objects reloaded before import = 0
Number of asset objects unloaded after import = 1
========================================================================
Received Import Request.
  Time since last request: 0.000058 seconds.
  path: Assets/ModernSupermarket/Models/Furniture/Checkout_4295b5/Textures/Material/Checkout_4295b5.mat
  artifactKey: Guid(9de62bae526f6c04d9bfa391dd24b3ef) Importer(2089858483,0ecaa5967403d082aa24f35e1b516d23)
Start importing Assets/ModernSupermarket/Models/Furniture/Checkout_4295b5/Textures/Material/Checkout_4295b5.mat using Guid(9de62bae526f6c04d9bfa391dd24b3ef) Importer(2089858483,0ecaa5967403d082aa24f35e1b516d23) [PhysX] Initialized MultithreadedTaskDispatcher with 10 workers.
 -> (artifact id: '5d8d03542ebda238206c231ac4c181e5') in 0.009783 seconds
Number of updated asset objects reloaded before import = 0
Number of asset objects unloaded after import = 6
========================================================================
Received Import Request.
  Time since last request: 0.000037 seconds.
  path: Assets/ModernSupermarket/Models/Props/Produce/Mango_1xw10k/Textures/Mango_1xw10k_n.png
  artifactKey: Guid(cfde9b108fc3373429b15ea19837ee68) Importer(2089858483,0ecaa5967403d082aa24f35e1b516d23)
Start importing Assets/ModernSupermarket/Models/Props/Produce/Mango_1xw10k/Textures/Mango_1xw10k_n.png using Guid(cfde9b108fc3373429b15ea19837ee68) Importer(2089858483,0ecaa5967403d082aa24f35e1b516d23) [PhysX] Initialized MultithreadedTaskDispatcher with 10 workers.
 -> (artifact id: 'cff439832e0416029e3640fe9038da8e') in 0.005760 seconds
Number of updated asset objects reloaded before import = 0
Number of asset objects unloaded after import = 1
========================================================================
Received Import Request.
  Time since last request: 0.000085 seconds.
  path: Assets/ModernSupermarket/Models/Props/Produce/Artichoke_fdde0u/Textures/Artichoke_fdde0u_m.png
  artifactKey: Guid(6d2e3a97fabafaa4ea8cdf23a63a3976) Importer(2089858483,0ecaa5967403d082aa24f35e1b516d23)
Start importing Assets/ModernSupermarket/Models/Props/Produce/Artichoke_fdde0u/Textures/Artichoke_fdde0u_m.png using Guid(6d2e3a97fabafaa4ea8cdf23a63a3976) Importer(2089858483,0ecaa5967403d082aa24f35e1b516d23) [PhysX] Initialized MultithreadedTaskDispatcher with 10 workers.
 -> (artifact id: '01e12614579d0f9f16b1e0453b029d2f') in 0.005174 seconds
Number of updated asset objects reloaded before import = 0
Number of asset objects unloaded after import = 1
========================================================================
Received Import Request.
  Time since last request: 0.000057 seconds.
  path: Assets/ModernSupermarket/Models/Props/Products/TinCan_60afsy/TinCan_60afsy.fbx
  artifactKey: Guid(bee6ee17e7555c043873aa762f86feef) Importer(2089858483,0ecaa5967403d082aa24f35e1b516d23)
Start importing Assets/ModernSupermarket/Models/Props/Products/TinCan_60afsy/TinCan_60afsy.fbx using Guid(bee6ee17e7555c043873aa762f86feef) Importer(2089858483,0ecaa5967403d082aa24f35e1b516d23) [PhysX] Initialized MultithreadedTaskDispatcher with 10 workers.
 -> (artifact id: 'd965057e03a7d686b7778bc601ec9ff7') in 0.009289 seconds
Number of updated asset objects reloaded before import = 0
Number of asset objects unloaded after import = 19
========================================================================
Received Import Request.
  Time since last request: 0.000032 seconds.
  path: Assets/ModernSupermarket/Models/Props/Products/MeatTray_bbcwdq/MeatTray_bbcwdq_Pack01.fbx
  artifactKey: Guid(d26132af339ef764f88e21e60ae444db) Importer(2089858483,0ecaa5967403d082aa24f35e1b516d23)
Start importing Assets/ModernSupermarket/Models/Props/Products/MeatTray_bbcwdq/MeatTray_bbcwdq_Pack01.fbx using Guid(d26132af339ef764f88e21e60ae444db) Importer(2089858483,0ecaa5967403d082aa24f35e1b516d23) [PhysX] Initialized MultithreadedTaskDispatcher with 10 workers.
 -> (artifact id: 'f59c4558228fe0d1b006c8ea117c1d23') in 0.005811 seconds
Number of updated asset objects reloaded before import = 0
Number of asset objects unloaded after import = 7
========================================================================
Received Import Request.
  Time since last request: 0.000078 seconds.
  path: Assets/ModernSupermarket/Models/Furniture/Sign_9jlt52/Textures/Materials/Sign_9jlt52_Var01.mat
  artifactKey: Guid(3fd2a41b7b1a5ba4c858eadb256f4220) Importer(2089858483,0ecaa5967403d082aa24f35e1b516d23)
Start importing Assets/ModernSupermarket/Models/Furniture/Sign_9jlt52/Textures/Materials/Sign_9jlt52_Var01.mat using Guid(3fd2a41b7b1a5ba4c858eadb256f4220) Importer(2089858483,0ecaa5967403d082aa24f35e1b516d23) [PhysX] Initialized MultithreadedTaskDispatcher with 10 workers.
 -> (artifact id: '753ef684b21e331b3e23bf0e75986d38') in 0.002869 seconds
Number of updated asset objects reloaded before import = 0
Number of asset objects unloaded after import = 2
========================================================================
Received Import Request.
  Time since last request: 0.000094 seconds.
  path: Assets/ModernSupermarket/Models/Props/Products/MeatTray_dbf1nh/MeatTray_dbf1nh_Pack01.fbx
  artifactKey: Guid(da81cff28c4de5e4abd272a82fa64111) Importer(2089858483,0ecaa5967403d082aa24f35e1b516d23)
Start importing Assets/ModernSupermarket/Models/Props/Products/MeatTray_dbf1nh/MeatTray_dbf1nh_Pack01.fbx using Guid(da81cff28c4de5e4abd272a82fa64111) Importer(2089858483,0ecaa5967403d082aa24f35e1b516d23) [PhysX] Initialized MultithreadedTaskDispatcher with 10 workers.
 -> (artifact id: '202c1ad9906636b68a809eebee78e8be') in 0.005472 seconds
Number of updated asset objects reloaded before import = 0
Number of asset objects unloaded after import = 7
========================================================================
Received Import Request.
  Time since last request: 0.000056 seconds.
  path: Assets/ModernSupermarket/Models/Props/Products/Capsule_xrahaz/Capsule_xrahaz_Pack01.fbx
  artifactKey: Guid(d40caff825eb421499a9d1cc9ea28d3a) Importer(2089858483,0ecaa5967403d082aa24f35e1b516d23)
Start importing Assets/ModernSupermarket/Models/Props/Products/Capsule_xrahaz/Capsule_xrahaz_Pack01.fbx using Guid(d40caff825eb421499a9d1cc9ea28d3a) Importer(2089858483,0ecaa5967403d082aa24f35e1b516d23) [PhysX] Initialized MultithreadedTaskDispatcher with 10 workers.
 -> (artifact id: '5759404ba9f2d181a486bd4092136c4f') in 0.008228 seconds
Number of updated asset objects reloaded before import = 0
Number of asset objects unloaded after import = 7
========================================================================
Received Import Request.
  Time since last request: 0.000079 seconds.
  path: Assets/ModernSupermarket/Models/Props/Produce/Mushroom_43xvit/Textures/Mushroom_43xvit_n.png
  artifactKey: Guid(95cf2cdcbccd1cd4e9c399c48ad9a9d5) Importer(2089858483,0ecaa5967403d082aa24f35e1b516d23)
Start importing Assets/ModernSupermarket/Models/Props/Produce/Mushroom_43xvit/Textures/Mushroom_43xvit_n.png using Guid(95cf2cdcbccd1cd4e9c399c48ad9a9d5) Importer(2089858483,0ecaa5967403d082aa24f35e1b516d23) [PhysX] Initialized MultithreadedTaskDispatcher with 10 workers.
 -> (artifact id: 'd303f67e5af43c055cea0d71f89b0f2f') in 0.005216 seconds
Number of updated asset objects reloaded before import = 0
Number of asset objects unloaded after import = 1
========================================================================
Received Import Request.
  Time since last request: 0.000100 seconds.
  path: Assets/ModernSupermarket/Models/Props/Products/Teabox_l5w9ll/Teabox_l5w9ll.fbx
  artifactKey: Guid(3b2acf3aca448da44a149a0398129213) Importer(2089858483,0ecaa5967403d082aa24f35e1b516d23)
Start importing Assets/ModernSupermarket/Models/Props/Products/Teabox_l5w9ll/Teabox_l5w9ll.fbx using Guid(3b2acf3aca448da44a149a0398129213) Importer(2089858483,0ecaa5967403d082aa24f35e1b516d23) [PhysX] Initialized MultithreadedTaskDispatcher with 10 workers.
 -> (artifact id: '5aa6ab8f69169cffe040109918459868') in 0.005246 seconds
Number of updated asset objects reloaded before import = 0
Number of asset objects unloaded after import = 7
========================================================================
Received Import Request.
  Time since last request: 0.000115 seconds.
  path: Assets/ModernSupermarket/Models/Props/Produce/Banana_zjs4oz/Textures/Banana_zjs4oz_a.png
  artifactKey: Guid(8d4665e07e756e649a5709f5758a8d9f) Importer(2089858483,0ecaa5967403d082aa24f35e1b516d23)
Start importing Assets/ModernSupermarket/Models/Props/Produce/Banana_zjs4oz/Textures/Banana_zjs4oz_a.png using Guid(8d4665e07e756e649a5709f5758a8d9f) Importer(2089858483,0ecaa5967403d082aa24f35e1b516d23) [PhysX] Initialized MultithreadedTaskDispatcher with 10 workers.
 -> (artifact id: '73cf79f4e27110c798808e6e31b8ec6d') in 0.004897 seconds
Number of updated asset objects reloaded before import = 0
Number of asset objects unloaded after import = 1
========================================================================
Received Import Request.
  Time since last request: 0.000086 seconds.
  path: Assets/ModernSupermarket/Models/Props/Products/Pasta_g87jtq/Pasta_g87jtq_Pack01.fbx
  artifactKey: Guid(19595c2b79a77224aba3f79f817b6529) Importer(2089858483,0ecaa5967403d082aa24f35e1b516d23)
Start importing Assets/ModernSupermarket/Models/Props/Products/Pasta_g87jtq/Pasta_g87jtq_Pack01.fbx using Guid(19595c2b79a77224aba3f79f817b6529) Importer(2089858483,0ecaa5967403d082aa24f35e1b516d23) [PhysX] Initialized MultithreadedTaskDispatcher with 10 workers.
 -> (artifact id: '5bd5d4169f89141ad91876853ddf2286') in 0.007594 seconds
Number of updated asset objects reloaded before import = 0
Number of asset objects unloaded after import = 7
========================================================================
Received Import Request.
  Time since last request: 0.000045 seconds.
  path: Assets/ModernSupermarket/Models/Furniture/Sign_04h2fw/Textures/Materials/Sign_04h2fw_Water.mat
  artifactKey: Guid(7693d87b0654f6445aa6cc702d1eea9e) Importer(2089858483,0ecaa5967403d082aa24f35e1b516d23)
Start importing Assets/ModernSupermarket/Models/Furniture/Sign_04h2fw/Textures/Materials/Sign_04h2fw_Water.mat using Guid(7693d87b0654f6445aa6cc702d1eea9e) Importer(2089858483,0ecaa5967403d082aa24f35e1b516d23) [PhysX] Initialized MultithreadedTaskDispatcher with 10 workers.
 -> (artifact id: '2e6d9e132e1c197f9d9d4a4995cac6f6') in 0.004816 seconds
Number of updated asset objects reloaded before import = 0
Number of asset objects unloaded after import = 5
========================================================================
Received Import Request.
  Time since last request: 0.000037 seconds.
  path: Assets/ModernSupermarket/Models/Props/Produce/Kiwi_leh3t9/Textures/Kiwi_leh3t9_m.png
  artifactKey: Guid(9f84248254a40ba4eb9b2356296a5e91) Importer(2089858483,0ecaa5967403d082aa24f35e1b516d23)
Start importing Assets/ModernSupermarket/Models/Props/Produce/Kiwi_leh3t9/Textures/Kiwi_leh3t9_m.png using Guid(9f84248254a40ba4eb9b2356296a5e91) Importer(2089858483,0ecaa5967403d082aa24f35e1b516d23) [PhysX] Initialized MultithreadedTaskDispatcher with 10 workers.
 -> (artifact id: '49e318fccbfa613cf83fa4af7644027d') in 0.005707 seconds
Number of updated asset objects reloaded before import = 0
Number of asset objects unloaded after import = 1
========================================================================
Received Import Request.
  Time since last request: 0.000046 seconds.
  path: Assets/ModernSupermarket/Models/Props/Products/Soda_7gwg2t/Soda_7gwg2t.fbx
  artifactKey: Guid(734759b8b51280244918629f0da576ee) Importer(2089858483,0ecaa5967403d082aa24f35e1b516d23)
Start importing Assets/ModernSupermarket/Models/Props/Products/Soda_7gwg2t/Soda_7gwg2t.fbx using Guid(734759b8b51280244918629f0da576ee) Importer(2089858483,0ecaa5967403d082aa24f35e1b516d23) [PhysX] Initialized MultithreadedTaskDispatcher with 10 workers.
 -> (artifact id: '3ddc10f6efb2fdc5a5f08a7a2cd7372f') in 0.014912 seconds
Number of updated asset objects reloaded before import = 0
Number of asset objects unloaded after import = 8
========================================================================
Received Import Request.
  Time since last request: 0.000042 seconds.
  path: Assets/ModernSupermarket/Models/Props/Products/Sushis_r6r1w6/Sushis_r6r1w6_Pack01.fbx
  artifactKey: Guid(a1353b82246fb254e8f94848141c6fa7) Importer(2089858483,0ecaa5967403d082aa24f35e1b516d23)
Start importing Assets/ModernSupermarket/Models/Props/Products/Sushis_r6r1w6/Sushis_r6r1w6_Pack01.fbx using Guid(a1353b82246fb254e8f94848141c6fa7) Importer(2089858483,0ecaa5967403d082aa24f35e1b516d23) [PhysX] Initialized MultithreadedTaskDispatcher with 10 workers.
 -> (artifact id: '4375900ac77c2a6066c27ce66634e57e') in 0.008264 seconds
Number of updated asset objects reloaded before import = 0
Number of asset objects unloaded after import = 7
========================================================================
Received Import Request.
  Time since last request: 0.000045 seconds.
  path: Assets/ModernSupermarket/Models/Props/Produce/Papaya_xt7unv/Textures/Papaya_xt7unv_a.png
  artifactKey: Guid(332c67a7d8649b54988af7f2a5f52c61) Importer(2089858483,0ecaa5967403d082aa24f35e1b516d23)
Start importing Assets/ModernSupermarket/Models/Props/Produce/Papaya_xt7unv/Textures/Papaya_xt7unv_a.png using Guid(332c67a7d8649b54988af7f2a5f52c61) Importer(2089858483,0ecaa5967403d082aa24f35e1b516d23) [PhysX] Initialized MultithreadedTaskDispatcher with 10 workers.
 -> (artifact id: 'f468cf687121c60f6b3581d8cb3dc6f7') in 0.007611 seconds
Number of updated asset objects reloaded before import = 0
Number of asset objects unloaded after import = 1
========================================================================
Received Import Request.
  Time since last request: 0.000063 seconds.
  path: Assets/ModernSupermarket/Models/Furniture/Stall_6f5bo1/Textures/Materials/Stall_6f5bo1.mat
  artifactKey: Guid(4086003219c9ed348914f11c907659b2) Importer(2089858483,0ecaa5967403d082aa24f35e1b516d23)
Start importing Assets/ModernSupermarket/Models/Furniture/Stall_6f5bo1/Textures/Materials/Stall_6f5bo1.mat using Guid(4086003219c9ed348914f11c907659b2) Importer(2089858483,0ecaa5967403d082aa24f35e1b516d23) [PhysX] Initialized MultithreadedTaskDispatcher with 10 workers.
 -> (artifact id: 'd2eb244e1b5e8b668841140235042c9e') in 0.008199 seconds
Number of updated asset objects reloaded before import = 0
Number of asset objects unloaded after import = 5
========================================================================
Received Import Request.
  Time since last request: 0.000036 seconds.
  path: Assets/ModernSupermarket/Models/Props/Utility/CashMachine_lazhgf/CashMachine_lazhgf.fbx
  artifactKey: Guid(8152faa5318be7b4ba386c08c82e0ba4) Importer(2089858483,0ecaa5967403d082aa24f35e1b516d23)
Start importing Assets/ModernSupermarket/Models/Props/Utility/CashMachine_lazhgf/CashMachine_lazhgf.fbx using Guid(8152faa5318be7b4ba386c08c82e0ba4) Importer(2089858483,0ecaa5967403d082aa24f35e1b516d23) [PhysX] Initialized MultithreadedTaskDispatcher with 10 workers.
 -> (artifact id: 'fbb29dcec56760c74c6376013deca0c2') in 0.006130 seconds
Number of updated asset objects reloaded before import = 0
Number of asset objects unloaded after import = 14
========================================================================
Received Import Request.
  Time since last request: 0.000041 seconds.
  path: Assets/ModernSupermarket/Models/Furniture/Door_c5bu08/Textures/Materials/Door_c5bu08_Glass.mat
  artifactKey: Guid(17da1f718eecbc747ae6f43d2cdfee3e) Importer(2089858483,0ecaa5967403d082aa24f35e1b516d23)
Start importing Assets/ModernSupermarket/Models/Furniture/Door_c5bu08/Textures/Materials/Door_c5bu08_Glass.mat using Guid(17da1f718eecbc747ae6f43d2cdfee3e) Importer(2089858483,0ecaa5967403d082aa24f35e1b516d23) [PhysX] Initialized MultithreadedTaskDispatcher with 10 workers.
 -> (artifact id: '3fcc9c8c475b457af4885815ece851af') in 0.007118 seconds
Number of updated asset objects reloaded before import = 0
Number of asset objects unloaded after import = 4
========================================================================
Received Import Request.
  Time since last request: 0.000048 seconds.
  path: Assets/ModernSupermarket/Models/Props/Products/ChocolateBox_b94wj0/ChocolateBox_b94wj0_Pack01.fbx
  artifactKey: Guid(525f411b77d310c49b226004eddb0dbe) Importer(2089858483,0ecaa5967403d082aa24f35e1b516d23)
Start importing Assets/ModernSupermarket/Models/Props/Products/ChocolateBox_b94wj0/ChocolateBox_b94wj0_Pack01.fbx using Guid(525f411b77d310c49b226004eddb0dbe) Importer(2089858483,0ecaa5967403d082aa24f35e1b516d23) [PhysX] Initialized MultithreadedTaskDispatcher with 10 workers.
 -> (artifact id: '45a399524af06508ef8166235bf06161') in 0.008852 seconds
Number of updated asset objects reloaded before import = 0
Number of asset objects unloaded after import = 7
========================================================================
Received Import Request.
  Time since last request: 0.000037 seconds.
  path: Assets/ModernSupermarket/Models/Props/Products/CrabSticks_mu7h0i/CrabSticks_mu7h0i_Pack01.fbx
  artifactKey: Guid(ab394fc782f794c45bdd812bd4b19ee6) Importer(2089858483,0ecaa5967403d082aa24f35e1b516d23)
Start importing Assets/ModernSupermarket/Models/Props/Products/CrabSticks_mu7h0i/CrabSticks_mu7h0i_Pack01.fbx using Guid(ab394fc782f794c45bdd812bd4b19ee6) Importer(2089858483,0ecaa5967403d082aa24f35e1b516d23) [PhysX] Initialized MultithreadedTaskDispatcher with 10 workers.
 -> (artifact id: '202e1ea01e445f2345e4a3c92d6385ed') in 0.005741 seconds
Number of updated asset objects reloaded before import = 0
Number of asset objects unloaded after import = 7
========================================================================
Received Import Request.
  Time since last request: 0.000039 seconds.
  path: Assets/ModernSupermarket/Models/Props/Produce/Kiwi_leh3t9/Textures/Kiwi_leh3t9_a.png
  artifactKey: Guid(fc705eff3dcc31a41b983514af3a81b2) Importer(2089858483,0ecaa5967403d082aa24f35e1b516d23)
Start importing Assets/ModernSupermarket/Models/Props/Produce/Kiwi_leh3t9/Textures/Kiwi_leh3t9_a.png using Guid(fc705eff3dcc31a41b983514af3a81b2) Importer(2089858483,0ecaa5967403d082aa24f35e1b516d23) [PhysX] Initialized MultithreadedTaskDispatcher with 10 workers.
 -> (artifact id: '10077b54dc3acf20e16abdccb6f35d06') in 0.004938 seconds
Number of updated asset objects reloaded before import = 0
Number of asset objects unloaded after import = 1
========================================================================
Received Import Request.
  Time since last request: 0.000066 seconds.
  path: Assets/ModernSupermarket/Models/Props/Products/Laundry_mm7gx5/Laundry_mm7gx5_Pack01.fbx
  artifactKey: Guid(20672a844ca50f842a7c70dbfabbd756) Importer(2089858483,0ecaa5967403d082aa24f35e1b516d23)
Start importing Assets/ModernSupermarket/Models/Props/Products/Laundry_mm7gx5/Laundry_mm7gx5_Pack01.fbx using Guid(20672a844ca50f842a7c70dbfabbd756) Importer(2089858483,0ecaa5967403d082aa24f35e1b516d23) [PhysX] Initialized MultithreadedTaskDispatcher with 10 workers.
 -> (artifact id: '864304fb25713e26cffaf0c3f5ed129a') in 0.007783 seconds
Number of updated asset objects reloaded before import = 0
Number of asset objects unloaded after import = 7
========================================================================
Received Import Request.
  Time since last request: 0.000403 seconds.
  path: Assets/ModernSupermarket/Models/Props/Products/Soda_f6b9gw/Soda_f6b9gw.fbx
  artifactKey: Guid(4400e0f674857354cbb0deda2f68c9b1) Importer(2089858483,0ecaa5967403d082aa24f35e1b516d23)
Start importing Assets/ModernSupermarket/Models/Props/Products/Soda_f6b9gw/Soda_f6b9gw.fbx using Guid(4400e0f674857354cbb0deda2f68c9b1) Importer(2089858483,0ecaa5967403d082aa24f35e1b516d23) [PhysX] Initialized MultithreadedTaskDispatcher with 10 workers.
 -> (artifact id: '6495ab09593ea486cfe7507d4eefcfd3') in 0.005283 seconds
Number of updated asset objects reloaded before import = 0
Number of asset objects unloaded after import = 7
========================================================================
Received Import Request.
  Time since last request: 0.000085 seconds.
  path: Assets/ModernSupermarket/Models/Props/Utility/Computer_dfc1a9/Computer_dfc1a9.fbx
  artifactKey: Guid(819bf2780f0fb4448b3a332ecad32225) Importer(2089858483,0ecaa5967403d082aa24f35e1b516d23)
Start importing Assets/ModernSupermarket/Models/Props/Utility/Computer_dfc1a9/Computer_dfc1a9.fbx using Guid(819bf2780f0fb4448b3a332ecad32225) Importer(2089858483,0ecaa5967403d082aa24f35e1b516d23) [PhysX] Initialized MultithreadedTaskDispatcher with 10 workers.
 -> (artifact id: 'ae1fc069f536bd0f0a482accced550d0') in 0.006701 seconds
Number of updated asset objects reloaded before import = 0
Number of asset objects unloaded after import = 24
========================================================================
Received Import Request.
  Time since last request: 0.000029 seconds.
  path: Assets/ModernSupermarket/Models/Props/Produce/Apple_k7nzrr/Textures/Apple_k7nzrr_a.png
  artifactKey: Guid(eadde1c0659f0304b96f115718aab63e) Importer(2089858483,0ecaa5967403d082aa24f35e1b516d23)
Start importing Assets/ModernSupermarket/Models/Props/Produce/Apple_k7nzrr/Textures/Apple_k7nzrr_a.png using Guid(eadde1c0659f0304b96f115718aab63e) Importer(2089858483,0ecaa5967403d082aa24f35e1b516d23) [PhysX] Initialized MultithreadedTaskDispatcher with 10 workers.
 -> (artifact id: 'c394ab187a40f139baaaebb53e6808a7') in 0.005058 seconds
Number of updated asset objects reloaded before import = 0
Number of asset objects unloaded after import = 1
========================================================================
Received Import Request.
  Time since last request: 0.000081 seconds.
  path: Assets/ModernSupermarket/Models/Props/Products/Sugar_ffc568/Sugar_ffc568.fbx
  artifactKey: Guid(90a0c846d5fbadc4e821466a25b64340) Importer(2089858483,0ecaa5967403d082aa24f35e1b516d23)
Start importing Assets/ModernSupermarket/Models/Props/Products/Sugar_ffc568/Sugar_ffc568.fbx using Guid(90a0c846d5fbadc4e821466a25b64340) Importer(2089858483,0ecaa5967403d082aa24f35e1b516d23) [PhysX] Initialized MultithreadedTaskDispatcher with 10 workers.
 -> (artifact id: '5bd02e516d8b76ed1bc3ae588a3c3ea3') in 0.007527 seconds
Number of updated asset objects reloaded before import = 0
Number of asset objects unloaded after import = 7
========================================================================
Received Import Request.
  Time since last request: 0.000061 seconds.
  path: Assets/ModernSupermarket/Models/Props/Products/CansPack_f98qxo/CansPack_f98qxo.fbx
  artifactKey: Guid(8d000d7fefba26145a2c325756a62bd8) Importer(2089858483,0ecaa5967403d082aa24f35e1b516d23)
Start importing Assets/ModernSupermarket/Models/Props/Products/CansPack_f98qxo/CansPack_f98qxo.fbx using Guid(8d000d7fefba26145a2c325756a62bd8) Importer(2089858483,0ecaa5967403d082aa24f35e1b516d23) [PhysX] Initialized MultithreadedTaskDispatcher with 10 workers.
 -> (artifact id: '4d0841de5ad9372d7e3fe3e26d4f041b') in 0.005252 seconds
Number of updated asset objects reloaded before import = 0
Number of asset objects unloaded after import = 7
========================================================================
Received Import Request.
  Time since last request: 0.000050 seconds.
  path: Assets/ModernSupermarket/Models/Props/Produce/Avocado_pd302k/Textures/Avocado_pd302k_a.png
  artifactKey: Guid(7d2b90a0580d4b74d85f655afbcbdbdb) Importer(2089858483,0ecaa5967403d082aa24f35e1b516d23)
Start importing Assets/ModernSupermarket/Models/Props/Produce/Avocado_pd302k/Textures/Avocado_pd302k_a.png using Guid(7d2b90a0580d4b74d85f655afbcbdbdb) Importer(2089858483,0ecaa5967403d082aa24f35e1b516d23) [PhysX] Initialized MultithreadedTaskDispatcher with 10 workers.
 -> (artifact id: '9f41b4459c686e0267e8d7cedf849355') in 0.005070 seconds
Number of updated asset objects reloaded before import = 0
Number of asset objects unloaded after import = 1
========================================================================
Received Import Request.
  Time since last request: 0.000107 seconds.
  path: Assets/ModernSupermarket/Models/Props/Products/Ham_wplnxm/Ham_wplnxm_Pack02.fbx
  artifactKey: Guid(8d250a526bb97474eab30812743d2aa4) Importer(2089858483,0ecaa5967403d082aa24f35e1b516d23)
Start importing Assets/ModernSupermarket/Models/Props/Products/Ham_wplnxm/Ham_wplnxm_Pack02.fbx using Guid(8d250a526bb97474eab30812743d2aa4) Importer(2089858483,0ecaa5967403d082aa24f35e1b516d23) [PhysX] Initialized MultithreadedTaskDispatcher with 10 workers.
 -> (artifact id: 'e602018acdee351956fb76bbcd25987e') in 0.008282 seconds
Number of updated asset objects reloaded before import = 0
Number of asset objects unloaded after import = 7
========================================================================
Received Import Request.
  Time since last request: 0.000059 seconds.
  path: Assets/ModernSupermarket/Models/Props/Produce/ChilliPepper_w388hm/Textures/ChilliPeppers_w388hm_m.png
  artifactKey: Guid(67ffe77a1e501a6419cefad45d6a25d6) Importer(2089858483,0ecaa5967403d082aa24f35e1b516d23)
Start importing Assets/ModernSupermarket/Models/Props/Produce/ChilliPepper_w388hm/Textures/ChilliPeppers_w388hm_m.png using Guid(67ffe77a1e501a6419cefad45d6a25d6) Importer(2089858483,0ecaa5967403d082aa24f35e1b516d23) [PhysX] Initialized MultithreadedTaskDispatcher with 10 workers.
 -> (artifact id: '6e7f73a8bd7804c902d662a14d59b200') in 0.005567 seconds
Number of updated asset objects reloaded before import = 0
Number of asset objects unloaded after import = 1
========================================================================
Received Import Request.
  Time since last request: 0.000054 seconds.
  path: Assets/ModernSupermarket/Models/Props/Products/Chips_w4tja8/Chips_w4tja8_Pack01.fbx
  artifactKey: Guid(16343180384f3cc4cb1922b49d52f6dc) Importer(2089858483,0ecaa5967403d082aa24f35e1b516d23)
Start importing Assets/ModernSupermarket/Models/Props/Products/Chips_w4tja8/Chips_w4tja8_Pack01.fbx using Guid(16343180384f3cc4cb1922b49d52f6dc) Importer(2089858483,0ecaa5967403d082aa24f35e1b516d23) [PhysX] Initialized MultithreadedTaskDispatcher with 10 workers.
 -> (artifact id: 'e8937d6c9bb637f6bd7e9e50d72ada7b') in 0.005561 seconds
Number of updated asset objects reloaded before import = 0
Number of asset objects unloaded after import = 7
========================================================================
Received Import Request.
  Time since last request: 0.000058 seconds.
  path: Assets/ModernSupermarket/Models/Props/Products/Rice_rewt3q/Rice_rewt3q.fbx
  artifactKey: Guid(8f37053c6aaec804b92be20689a8403f) Importer(2089858483,0ecaa5967403d082aa24f35e1b516d23)
Start importing Assets/ModernSupermarket/Models/Props/Products/Rice_rewt3q/Rice_rewt3q.fbx using Guid(8f37053c6aaec804b92be20689a8403f) Importer(2089858483,0ecaa5967403d082aa24f35e1b516d23) [PhysX] Initialized MultithreadedTaskDispatcher with 10 workers.
 -> (artifact id: '8709bcd3f70b47c779a4a90a82aec7cd') in 0.004982 seconds
Number of updated asset objects reloaded before import = 0
Number of asset objects unloaded after import = 7
========================================================================
Received Import Request.
  Time since last request: 0.000039 seconds.
  path: Assets/ModernSupermarket/Models/Props/Products/Shampoo_vimakk/Shampoo_vimakk.fbx
  artifactKey: Guid(039d95400f43e8a42b0cbe8c61644353) Importer(2089858483,0ecaa5967403d082aa24f35e1b516d23)
Start importing Assets/ModernSupermarket/Models/Props/Products/Shampoo_vimakk/Shampoo_vimakk.fbx using Guid(039d95400f43e8a42b0cbe8c61644353) Importer(2089858483,0ecaa5967403d082aa24f35e1b516d23) [PhysX] Initialized MultithreadedTaskDispatcher with 10 workers.
 -> (artifact id: 'af58f896e5d8cbd7863e2ac133986a35') in 0.007672 seconds
Number of updated asset objects reloaded before import = 0
Number of asset objects unloaded after import = 7
========================================================================
Received Import Request.
  Time since last request: 0.000094 seconds.
  path: Assets/ModernSupermarket/Models/Props/Produce/Melon_h6xrq4/Textures/Melon_h6xrq4_n.png
  artifactKey: Guid(2b4ffb854298aa2499ffba452f01ed8d) Importer(2089858483,0ecaa5967403d082aa24f35e1b516d23)
Start importing Assets/ModernSupermarket/Models/Props/Produce/Melon_h6xrq4/Textures/Melon_h6xrq4_n.png using Guid(2b4ffb854298aa2499ffba452f01ed8d) Importer(2089858483,0ecaa5967403d082aa24f35e1b516d23) [PhysX] Initialized MultithreadedTaskDispatcher with 10 workers.
 -> (artifact id: '6749a5f2c13e8edea539c06c87cbd443') in 0.006275 seconds
Number of updated asset objects reloaded before import = 0
Number of asset objects unloaded after import = 1
========================================================================
Received Import Request.
  Time since last request: 0.000132 seconds.
  path: Assets/ModernSupermarket/Models/Props/Products/WineBottle_2b6kjh/WineBottle_2b6kjh.fbx
  artifactKey: Guid(9aa3ddff11120c6448f6439569348410) Importer(2089858483,0ecaa5967403d082aa24f35e1b516d23)
Start importing Assets/ModernSupermarket/Models/Props/Products/WineBottle_2b6kjh/WineBottle_2b6kjh.fbx using Guid(9aa3ddff11120c6448f6439569348410) Importer(2089858483,0ecaa5967403d082aa24f35e1b516d23) [PhysX] Initialized MultithreadedTaskDispatcher with 10 workers.
 -> (artifact id: '375e986fdf6f70357676ec651960ff71') in 0.005436 seconds
Number of updated asset objects reloaded before import = 0
Number of asset objects unloaded after import = 7
========================================================================
Received Import Request.
  Time since last request: 0.000084 seconds.
  path: Assets/ModernSupermarket/Models/Props/Products/WaterPack_mqmuh7/WaterBottle_cbaimv.fbx
  artifactKey: Guid(e2edde20d76eb914497bd8f16e516117) Importer(2089858483,0ecaa5967403d082aa24f35e1b516d23)
Start importing Assets/ModernSupermarket/Models/Props/Products/WaterPack_mqmuh7/WaterBottle_cbaimv.fbx using Guid(e2edde20d76eb914497bd8f16e516117) Importer(2089858483,0ecaa5967403d082aa24f35e1b516d23) [PhysX] Initialized MultithreadedTaskDispatcher with 10 workers.
 -> (artifact id: '6be3a2c4e9496c24ed7208fc10970bb8') in 0.005694 seconds
Number of updated asset objects reloaded before import = 0
Number of asset objects unloaded after import = 7
========================================================================
Received Import Request.
  Time since last request: 0.000124 seconds.
  path: Assets/ModernSupermarket/Models/Props/Produce/Apple_k7nzrr/Textures/Apple_k7nzrr_n.png
  artifactKey: Guid(8ecda06f8f3e5b143b7045ca2408765c) Importer(2089858483,0ecaa5967403d082aa24f35e1b516d23)
Start importing Assets/ModernSupermarket/Models/Props/Produce/Apple_k7nzrr/Textures/Apple_k7nzrr_n.png using Guid(8ecda06f8f3e5b143b7045ca2408765c) Importer(2089858483,0ecaa5967403d082aa24f35e1b516d23) [PhysX] Initialized MultithreadedTaskDispatcher with 10 workers.
 -> (artifact id: '6ef5dd662a845cfc9171a876c4044254') in 0.008159 seconds
Number of updated asset objects reloaded before import = 0
Number of asset objects unloaded after import = 1
========================================================================
Received Import Request.
  Time since last request: 0.000079 seconds.
  path: Assets/ModernSupermarket/Models/Props/Produce/Mushroom_43xvit/Textures/Mushroom_43xvit_m.png
  artifactKey: Guid(8019dac44b70d0e4faa36abca32bdc39) Importer(2089858483,0ecaa5967403d082aa24f35e1b516d23)
Start importing Assets/ModernSupermarket/Models/Props/Produce/Mushroom_43xvit/Textures/Mushroom_43xvit_m.png using Guid(8019dac44b70d0e4faa36abca32bdc39) Importer(2089858483,0ecaa5967403d082aa24f35e1b516d23) [PhysX] Initialized MultithreadedTaskDispatcher with 10 workers.
 -> (artifact id: '340fdd2851aeb958cc1c485fda484985') in 0.004940 seconds
Number of updated asset objects reloaded before import = 0
Number of asset objects unloaded after import = 1
========================================================================
Received Import Request.
  Time since last request: 0.000059 seconds.
  path: Assets/ModernSupermarket/Models/Props/Produce/Onion_mut7xz/Textures/Onion_mut7xz_n.png
  artifactKey: Guid(d8d655968d8967c42ade70c61e15dd0f) Importer(2089858483,0ecaa5967403d082aa24f35e1b516d23)
Start importing Assets/ModernSupermarket/Models/Props/Produce/Onion_mut7xz/Textures/Onion_mut7xz_n.png using Guid(d8d655968d8967c42ade70c61e15dd0f) Importer(2089858483,0ecaa5967403d082aa24f35e1b516d23) [PhysX] Initialized MultithreadedTaskDispatcher with 10 workers.
 -> (artifact id: '08e8f4bc422bf3acab9f93a754b8e7d0') in 0.004689 seconds
Number of updated asset objects reloaded before import = 0
Number of asset objects unloaded after import = 1
========================================================================
Received Import Request.
  Time since last request: 0.000121 seconds.
  path: Assets/ModernSupermarket/Models/Props/Products/SweetJar_alnwix/SweetJar_alnwix_Pack01.fbx
  artifactKey: Guid(ed42c501051731a4e84a34666a3e6827) Importer(2089858483,0ecaa5967403d082aa24f35e1b516d23)
Start importing Assets/ModernSupermarket/Models/Props/Products/SweetJar_alnwix/SweetJar_alnwix_Pack01.fbx using Guid(ed42c501051731a4e84a34666a3e6827) Importer(2089858483,0ecaa5967403d082aa24f35e1b516d23) [PhysX] Initialized MultithreadedTaskDispatcher with 10 workers.
 -> (artifact id: '6ae5bf94e655dd7b0cc51faf08775002') in 0.005092 seconds
Number of updated asset objects reloaded before import = 0
Number of asset objects unloaded after import = 7
========================================================================
Received Import Request.
  Time since last request: 0.000040 seconds.
  path: Assets/ModernSupermarket/Models/Props/Products/Shampoo_u15m67/Shampoo_u15m67_Pack01.fbx
  artifactKey: Guid(69fe6f636583e564d934d9c9ec954415) Importer(2089858483,0ecaa5967403d082aa24f35e1b516d23)
Start importing Assets/ModernSupermarket/Models/Props/Products/Shampoo_u15m67/Shampoo_u15m67_Pack01.fbx using Guid(69fe6f636583e564d934d9c9ec954415) Importer(2089858483,0ecaa5967403d082aa24f35e1b516d23) [PhysX] Initialized MultithreadedTaskDispatcher with 10 workers.
 -> (artifact id: 'a170272d7a5b585b888cb1f845ac981b') in 0.008023 seconds
Number of updated asset objects reloaded before import = 0
Number of asset objects unloaded after import = 7
========================================================================
Received Import Request.
  Time since last request: 0.000045 seconds.
  path: Assets/ModernSupermarket/Models/Furniture/Grid_kdypaf/Textures/Materials/Grid_kdypaf.mat
  artifactKey: Guid(5cede6b27d167fe4784c64596ba028fb) Importer(2089858483,0ecaa5967403d082aa24f35e1b516d23)
Start importing Assets/ModernSupermarket/Models/Furniture/Grid_kdypaf/Textures/Materials/Grid_kdypaf.mat using Guid(5cede6b27d167fe4784c64596ba028fb) Importer(2089858483,0ecaa5967403d082aa24f35e1b516d23) [PhysX] Initialized MultithreadedTaskDispatcher with 10 workers.
 -> (artifact id: '2260350ee2fac343cf37d2ce8676db1b') in 0.003376 seconds
Number of updated asset objects reloaded before import = 0
Number of asset objects unloaded after import = 2
========================================================================
Received Import Request.
  Time since last request: 0.000046 seconds.
  path: Assets/ModernSupermarket/Models/Props/Products/FrozenPack_xp713y/FrozenPack_xp713y_Pack01.fbx
  artifactKey: Guid(43956249ab9ad1843bca3556990a0d18) Importer(2089858483,0ecaa5967403d082aa24f35e1b516d23)
Start importing Assets/ModernSupermarket/Models/Props/Products/FrozenPack_xp713y/FrozenPack_xp713y_Pack01.fbx using Guid(43956249ab9ad1843bca3556990a0d18) Importer(2089858483,0ecaa5967403d082aa24f35e1b516d23) [PhysX] Initialized MultithreadedTaskDispatcher with 10 workers.
 -> (artifact id: '5c958863c65584c3e4f4afe755decd75') in 0.005612 seconds
Number of updated asset objects reloaded before import = 0
Number of asset objects unloaded after import = 7
========================================================================
Received Import Request.
  Time since last request: 0.000039 seconds.
  path: Assets/ModernSupermarket/Models/Props/Produce/Banana_zjs4oz/Textures/Banana_zjs4oz_m.png
  artifactKey: Guid(ecb97b9428a38a348aef472ef10549a4) Importer(2089858483,0ecaa5967403d082aa24f35e1b516d23)
Start importing Assets/ModernSupermarket/Models/Props/Produce/Banana_zjs4oz/Textures/Banana_zjs4oz_m.png using Guid(ecb97b9428a38a348aef472ef10549a4) Importer(2089858483,0ecaa5967403d082aa24f35e1b516d23) [PhysX] Initialized MultithreadedTaskDispatcher with 10 workers.
 -> (artifact id: 'bac121b979a24c577f9f7a2144ca1122') in 0.005098 seconds
Number of updated asset objects reloaded before import = 0
Number of asset objects unloaded after import = 1
========================================================================
Received Import Request.
  Time since last request: 0.000060 seconds.
  path: Assets/ModernSupermarket/Models/Props/Products/FrozenPack_xp713y/FrozenPack_xp713y.fbx
  artifactKey: Guid(113585fc11e20cb408a4837d2457ef86) Importer(2089858483,0ecaa5967403d082aa24f35e1b516d23)
Start importing Assets/ModernSupermarket/Models/Props/Products/FrozenPack_xp713y/FrozenPack_xp713y.fbx using Guid(113585fc11e20cb408a4837d2457ef86) Importer(2089858483,0ecaa5967403d082aa24f35e1b516d23) [PhysX] Initialized MultithreadedTaskDispatcher with 10 workers.
 -> (artifact id: '42cb72eedb50c5473ce63446463b23ff') in 0.005295 seconds
Number of updated asset objects reloaded before import = 0
Number of asset objects unloaded after import = 7
========================================================================
Received Import Request.
  Time since last request: 0.000056 seconds.
  path: Assets/ModernSupermarket/Models/Props/Produce/Apple_k7nzrr/Textures/Apple_k7nzrr_o.png
  artifactKey: Guid(1cedaaef8ca03f74c83a8f956aa964db) Importer(2089858483,0ecaa5967403d082aa24f35e1b516d23)
Start importing Assets/ModernSupermarket/Models/Props/Produce/Apple_k7nzrr/Textures/Apple_k7nzrr_o.png using Guid(1cedaaef8ca03f74c83a8f956aa964db) Importer(2089858483,0ecaa5967403d082aa24f35e1b516d23) [PhysX] Initialized MultithreadedTaskDispatcher with 10 workers.
 -> (artifact id: 'd1eedf8926a5d2683abb3dea203302fb') in 0.007711 seconds
Number of updated asset objects reloaded before import = 0
Number of asset objects unloaded after import = 1
========================================================================
Received Import Request.
  Time since last request: 0.000122 seconds.
  path: Assets/ModernSupermarket/Models/Props/Products/CrabSticks_mu7h0i/CrabSticks_mu7h0i.fbx
  artifactKey: Guid(6764a7f4f703f1548b89d010934951f8) Importer(2089858483,0ecaa5967403d082aa24f35e1b516d23)
Start importing Assets/ModernSupermarket/Models/Props/Products/CrabSticks_mu7h0i/CrabSticks_mu7h0i.fbx using Guid(6764a7f4f703f1548b89d010934951f8) Importer(2089858483,0ecaa5967403d082aa24f35e1b516d23) [PhysX] Initialized MultithreadedTaskDispatcher with 10 workers.
 -> (artifact id: '0399093bce5f86f77eadf4a420e8c689') in 0.005564 seconds
Number of updated asset objects reloaded before import = 0
Number of asset objects unloaded after import = 7
========================================================================
Received Import Request.
  Time since last request: 0.000069 seconds.
  path: Assets/ModernSupermarket/Models/Props/Products/Cleanser_o964qg/Cleanser_o964qg.fbx
  artifactKey: Guid(739ece6cb3c03714da2c4a1faa816a15) Importer(2089858483,0ecaa5967403d082aa24f35e1b516d23)
Start importing Assets/ModernSupermarket/Models/Props/Products/Cleanser_o964qg/Cleanser_o964qg.fbx using Guid(739ece6cb3c03714da2c4a1faa816a15) Importer(2089858483,0ecaa5967403d082aa24f35e1b516d23) [PhysX] Initialized MultithreadedTaskDispatcher with 10 workers.
 -> (artifact id: '05be5e0905ed0e2d1f2f3d4bea2541a1') in 0.005100 seconds
Number of updated asset objects reloaded before import = 0
Number of asset objects unloaded after import = 7
========================================================================
Received Import Request.
  Time since last request: 0.000203 seconds.
  path: Assets/ModernSupermarket/Models/Props/Products/Soda_d7rdw9/Soda_d7rdw9_Pack01.fbx
  artifactKey: Guid(36a91f6cea9d11a4d9daa10809c210ae) Importer(2089858483,0ecaa5967403d082aa24f35e1b516d23)
Start importing Assets/ModernSupermarket/Models/Props/Products/Soda_d7rdw9/Soda_d7rdw9_Pack01.fbx using Guid(36a91f6cea9d11a4d9daa10809c210ae) Importer(2089858483,0ecaa5967403d082aa24f35e1b516d23) [PhysX] Initialized MultithreadedTaskDispatcher with 10 workers.
 -> (artifact id: 'ab9d3cd4a7c39e17c7cb08043d03b9a8') in 0.008043 seconds
Number of updated asset objects reloaded before import = 0
Number of asset objects unloaded after import = 7
========================================================================
Received Import Request.
  Time since last request: 0.000051 seconds.
  path: Assets/ModernSupermarket/Models/Props/Produce/ChilliPepper_w388hm/Textures/ChilliPeppers_w388hm_Var01_m.png
  artifactKey: Guid(d165bba9eaf434e4ab808ea3bab8d95f) Importer(2089858483,0ecaa5967403d082aa24f35e1b516d23)
Start importing Assets/ModernSupermarket/Models/Props/Produce/ChilliPepper_w388hm/Textures/ChilliPeppers_w388hm_Var01_m.png using Guid(d165bba9eaf434e4ab808ea3bab8d95f) Importer(2089858483,0ecaa5967403d082aa24f35e1b516d23) [PhysX] Initialized MultithreadedTaskDispatcher with 10 workers.
 -> (artifact id: '06172db3710cd0b71e0eefa66d13a566') in 0.006138 seconds
Number of updated asset objects reloaded before import = 0
Number of asset objects unloaded after import = 1
========================================================================
Received Import Request.
  Time since last request: 0.000060 seconds.
  path: Assets/ModernSupermarket/Models/Props/Produce/Avocado_pd302k/Textures/Avocado_pd302k_o.png
  artifactKey: Guid(5c84659db48c4c548af7051e06e0f002) Importer(2089858483,0ecaa5967403d082aa24f35e1b516d23)
Start importing Assets/ModernSupermarket/Models/Props/Produce/Avocado_pd302k/Textures/Avocado_pd302k_o.png using Guid(5c84659db48c4c548af7051e06e0f002) Importer(2089858483,0ecaa5967403d082aa24f35e1b516d23) [PhysX] Initialized MultithreadedTaskDispatcher with 10 workers.
 -> (artifact id: 'e89ee2be6572904eca4d969e95f8624f') in 0.004980 seconds
Number of updated asset objects reloaded before import = 0
Number of asset objects unloaded after import = 1
========================================================================
Received Import Request.
  Time since last request: 0.000048 seconds.
  path: Assets/ModernSupermarket/Models/Props/Utility/Bag_j5sec2/Bag_j5sec2.fbx
  artifactKey: Guid(1ec9ad7fcd46c0e4bbf160e572f3c97e) Importer(2089858483,0ecaa5967403d082aa24f35e1b516d23)
Start importing Assets/ModernSupermarket/Models/Props/Utility/Bag_j5sec2/Bag_j5sec2.fbx using Guid(1ec9ad7fcd46c0e4bbf160e572f3c97e) Importer(2089858483,0ecaa5967403d082aa24f35e1b516d23) [PhysX] Initialized MultithreadedTaskDispatcher with 10 workers.
 -> (artifact id: '7290648e59edfd979cff6a8a72cf79c9') in 0.005311 seconds
Number of updated asset objects reloaded before import = 0
Number of asset objects unloaded after import = 14
========================================================================
Received Import Request.
  Time since last request: 0.000081 seconds.
  path: Assets/ModernSupermarket/Models/Props/Products/Capsule_rk7lsf/Capsule_rk7lsf_Pack01.fbx
  artifactKey: Guid(2c2b9dbf66220a24d8f627b831bd88d1) Importer(2089858483,0ecaa5967403d082aa24f35e1b516d23)
Start importing Assets/ModernSupermarket/Models/Props/Products/Capsule_rk7lsf/Capsule_rk7lsf_Pack01.fbx using Guid(2c2b9dbf66220a24d8f627b831bd88d1) Importer(2089858483,0ecaa5967403d082aa24f35e1b516d23) [PhysX] Initialized MultithreadedTaskDispatcher with 10 workers.
 -> (artifact id: 'deec1dfa4aed8a73740c4bd348c148d0') in 0.008348 seconds
Number of updated asset objects reloaded before import = 0
Number of asset objects unloaded after import = 7
========================================================================
Received Import Request.
  Time since last request: 0.000044 seconds.
  path: Assets/ModernSupermarket/Models/Props/Products/MilkBrick_e8foxc/MilkBrick_e8foxc_Pack01.fbx
  artifactKey: Guid(f3fcc5bb972f681499e53ae50457c0d9) Importer(2089858483,0ecaa5967403d082aa24f35e1b516d23)
Start importing Assets/ModernSupermarket/Models/Props/Products/MilkBrick_e8foxc/MilkBrick_e8foxc_Pack01.fbx using Guid(f3fcc5bb972f681499e53ae50457c0d9) Importer(2089858483,0ecaa5967403d082aa24f35e1b516d23) [PhysX] Initialized MultithreadedTaskDispatcher with 10 workers.
 -> (artifact id: '801636ae5ecaa1ff57db51502d2fbdef') in 0.005738 seconds
Number of updated asset objects reloaded before import = 0
Number of asset objects unloaded after import = 7
========================================================================
Received Import Request.
  Time since last request: 0.000089 seconds.
  path: Assets/ModernSupermarket/Models/Props/Products/Ham_wplnxm/Ham_wplnxm.fbx
  artifactKey: Guid(a7413700d8597ba408d62df027d19e64) Importer(2089858483,0ecaa5967403d082aa24f35e1b516d23)
Start importing Assets/ModernSupermarket/Models/Props/Products/Ham_wplnxm/Ham_wplnxm.fbx using Guid(a7413700d8597ba408d62df027d19e64) Importer(2089858483,0ecaa5967403d082aa24f35e1b516d23) [PhysX] Initialized MultithreadedTaskDispatcher with 10 workers.
 -> (artifact id: '6671e060c274bb3fe4149ef73685b693') in 0.005023 seconds
Number of updated asset objects reloaded before import = 0
Number of asset objects unloaded after import = 7
========================================================================
Received Import Request.
  Time since last request: 0.000035 seconds.
  path: Assets/ModernSupermarket/Models/Props/Products/PetFood_3pjwif/PetFood_3pjwif.fbx
  artifactKey: Guid(41e56c0daafcfd645aa259d383221223) Importer(2089858483,0ecaa5967403d082aa24f35e1b516d23)
Start importing Assets/ModernSupermarket/Models/Props/Products/PetFood_3pjwif/PetFood_3pjwif.fbx using Guid(41e56c0daafcfd645aa259d383221223) Importer(2089858483,0ecaa5967403d082aa24f35e1b516d23) [PhysX] Initialized MultithreadedTaskDispatcher with 10 workers.
 -> (artifact id: '4733847073c691c8a89023fd425dea1a') in 0.005304 seconds
Number of updated asset objects reloaded before import = 0
Number of asset objects unloaded after import = 7
========================================================================
Received Import Request.
  Time since last request: 0.000044 seconds.
  path: Assets/ModernSupermarket/Models/Props/Products/Teabox_nokda4/Teabox_nokda4_Pack01.fbx
  artifactKey: Guid(a46c15bd5a6455f48854fb7c2e67ee8c) Importer(2089858483,0ecaa5967403d082aa24f35e1b516d23)
Start importing Assets/ModernSupermarket/Models/Props/Products/Teabox_nokda4/Teabox_nokda4_Pack01.fbx using Guid(a46c15bd5a6455f48854fb7c2e67ee8c) Importer(2089858483,0ecaa5967403d082aa24f35e1b516d23) [PhysX] Initialized MultithreadedTaskDispatcher with 10 workers.
 -> (artifact id: 'f2ab435fb3b2915cabdb3f73cf029f21') in 0.008356 seconds
Number of updated asset objects reloaded before import = 0
Number of asset objects unloaded after import = 7
========================================================================
Received Import Request.
  Time since last request: 0.000041 seconds.
  path: Assets/ModernSupermarket/Models/Props/Products/PetFood_2ujlf0/PetFood_2ujlf0_Pack01.fbx
  artifactKey: Guid(2649a68d9fb84114abdf8a3e73aca0eb) Importer(2089858483,0ecaa5967403d082aa24f35e1b516d23)
Start importing Assets/ModernSupermarket/Models/Props/Products/PetFood_2ujlf0/PetFood_2ujlf0_Pack01.fbx using Guid(2649a68d9fb84114abdf8a3e73aca0eb) Importer(2089858483,0ecaa5967403d082aa24f35e1b516d23) [PhysX] Initialized MultithreadedTaskDispatcher with 10 workers.
 -> (artifact id: 'f07b8c650dae6b90978005d43f55a188') in 0.005580 seconds
Number of updated asset objects reloaded before import = 0
Number of asset objects unloaded after import = 7
========================================================================
Received Import Request.
  Time since last request: 0.000053 seconds.
  path: Assets/ModernSupermarket/Models/Props/Products/Sugar_prsmvy/Sugar_prsmvy.fbx
  artifactKey: Guid(c6caf597be613e645aa3e39b0f8b860d) Importer(2089858483,0ecaa5967403d082aa24f35e1b516d23)
Start importing Assets/ModernSupermarket/Models/Props/Products/Sugar_prsmvy/Sugar_prsmvy.fbx using Guid(c6caf597be613e645aa3e39b0f8b860d) Importer(2089858483,0ecaa5967403d082aa24f35e1b516d23) [PhysX] Initialized MultithreadedTaskDispatcher with 10 workers.
 -> (artifact id: 'c9c6d216de0c1a238c9aac5d1fb90415') in 0.005083 seconds
Number of updated asset objects reloaded before import = 0
Number of asset objects unloaded after import = 7
========================================================================
Received Import Request.
  Time since last request: 0.000073 seconds.
  path: Assets/ModernSupermarket/Textures/Surfaces/TileFloor_n3y6kl/Materials/TileFloor_n3y6kl.mat
  artifactKey: Guid(96586b865b767f8498e5b369e8d5add5) Importer(2089858483,0ecaa5967403d082aa24f35e1b516d23)
Start importing Assets/ModernSupermarket/Textures/Surfaces/TileFloor_n3y6kl/Materials/TileFloor_n3y6kl.mat using Guid(96586b865b767f8498e5b369e8d5add5) Importer(2089858483,0ecaa5967403d082aa24f35e1b516d23) [PhysX] Initialized MultithreadedTaskDispatcher with 10 workers.
 -> (artifact id: '42aff0a9e01ebfb44f808d6c413b943e') in 0.026383 seconds
Number of updated asset objects reloaded before import = 0
Number of asset objects unloaded after import = 4
========================================================================
Received Import Request.
  Time since last request: 0.000038 seconds.
  path: Assets/ModernSupermarket/Models/Props/Products/Paintings_wmgwnw/Paintings_wmgwnw.fbx
  artifactKey: Guid(94fc3565bb585d74db1ecc2bb9ea6cbc) Importer(2089858483,0ecaa5967403d082aa24f35e1b516d23)
Start importing Assets/ModernSupermarket/Models/Props/Products/Paintings_wmgwnw/Paintings_wmgwnw.fbx using Guid(94fc3565bb585d74db1ecc2bb9ea6cbc) Importer(2089858483,0ecaa5967403d082aa24f35e1b516d23) [PhysX] Initialized MultithreadedTaskDispatcher with 10 workers.
 -> (artifact id: '8bce21d09cd327d14ae52e9bb9693e04') in 0.011216 seconds
Number of updated asset objects reloaded before import = 0
Number of asset objects unloaded after import = 19
========================================================================
Received Import Request.
  Time since last request: 0.000041 seconds.
  path: Assets/ModernSupermarket/Models/Props/Products/MashPotatoe_3n44xc/MashPotatoe_3n44xc.fbx
  artifactKey: Guid(d54e9d76fadf4d6438dd7b4e3986d499) Importer(2089858483,0ecaa5967403d082aa24f35e1b516d23)
Start importing Assets/ModernSupermarket/Models/Props/Products/MashPotatoe_3n44xc/MashPotatoe_3n44xc.fbx using Guid(d54e9d76fadf4d6438dd7b4e3986d499) Importer(2089858483,0ecaa5967403d082aa24f35e1b516d23) [PhysX] Initialized MultithreadedTaskDispatcher with 10 workers.
 -> (artifact id: '447fe7bdd5b1de9fdbe71132fe1498e3') in 0.006006 seconds
Number of updated asset objects reloaded before import = 0
Number of asset objects unloaded after import = 7
========================================================================
Received Import Request.
  Time since last request: 0.000086 seconds.
  path: Assets/ModernSupermarket/Models/Props/Products/Teabox_5oq0ki/Teabox_5oq0ki_Pack01.fbx
  artifactKey: Guid(7d1237ea70e50f64892939773dd500b3) Importer(2089858483,0ecaa5967403d082aa24f35e1b516d23)
Start importing Assets/ModernSupermarket/Models/Props/Products/Teabox_5oq0ki/Teabox_5oq0ki_Pack01.fbx using Guid(7d1237ea70e50f64892939773dd500b3) Importer(2089858483,0ecaa5967403d082aa24f35e1b516d23) [PhysX] Initialized MultithreadedTaskDispatcher with 10 workers.
 -> (artifact id: '6abf3c77c7167d8f7931d25585548ee7') in 0.005216 seconds
Number of updated asset objects reloaded before import = 0
Number of asset objects unloaded after import = 7
========================================================================
Received Import Request.
  Time since last request: 0.000055 seconds.
  path: Assets/ModernSupermarket/Models/Props/Produce/Mango_1xw10k/Textures/Mango_1xw10k_o.png
  artifactKey: Guid(dce825f6af613b146a8aaaa81721716e) Importer(2089858483,0ecaa5967403d082aa24f35e1b516d23)
Start importing Assets/ModernSupermarket/Models/Props/Produce/Mango_1xw10k/Textures/Mango_1xw10k_o.png using Guid(dce825f6af613b146a8aaaa81721716e) Importer(2089858483,0ecaa5967403d082aa24f35e1b516d23) [PhysX] Initialized MultithreadedTaskDispatcher with 10 workers.
 -> (artifact id: 'fcf1b9170b1b62efb695bb9684f010f8') in 0.007480 seconds
Number of updated asset objects reloaded before import = 0
Number of asset objects unloaded after import = 1
========================================================================
Received Import Request.
  Time since last request: 0.000074 seconds.
  path: Assets/ModernSupermarket/Models/Props/Produce/ChilliPepper_w388hm/Textures/ChilliPeppers_w388hm_o.png
  artifactKey: Guid(e5828fba0cede9a4cbe2c0e8155ffafe) Importer(2089858483,0ecaa5967403d082aa24f35e1b516d23)
Start importing Assets/ModernSupermarket/Models/Props/Produce/ChilliPepper_w388hm/Textures/ChilliPeppers_w388hm_o.png using Guid(e5828fba0cede9a4cbe2c0e8155ffafe) Importer(2089858483,0ecaa5967403d082aa24f35e1b516d23) [PhysX] Initialized MultithreadedTaskDispatcher with 10 workers.
 -> (artifact id: 'ede7d4fbf6eaf11e84ce5d47fa95479a') in 0.005711 seconds
Number of updated asset objects reloaded before import = 0
Number of asset objects unloaded after import = 1
========================================================================
Received Import Request.
  Time since last request: 0.000050 seconds.
  path: Assets/ModernSupermarket/Models/Props/Produce/Grapefruit_mrfrpw/Textures/Grapefruit_mrfrpw_a.png
  artifactKey: Guid(e5c4bb0dfbc43444c81acd7e36441dda) Importer(2089858483,0ecaa5967403d082aa24f35e1b516d23)
Start importing Assets/ModernSupermarket/Models/Props/Produce/Grapefruit_mrfrpw/Textures/Grapefruit_mrfrpw_a.png using Guid(e5c4bb0dfbc43444c81acd7e36441dda) Importer(2089858483,0ecaa5967403d082aa24f35e1b516d23) [PhysX] Initialized MultithreadedTaskDispatcher with 10 workers.
 -> (artifact id: '2d6ec4aaa06444f234ebaba05eba9e9c') in 0.004922 seconds
Number of updated asset objects reloaded before import = 0
Number of asset objects unloaded after import = 1
========================================================================
Received Import Request.
  Time since last request: 0.000084 seconds.
  path: Assets/ModernSupermarket/Models/Props/Products/FrozenPack_t7wenh/FrozenPack_t7wenh_Pack01.fbx
  artifactKey: Guid(c19ccf966817a674ebdfc36516da16cd) Importer(2089858483,0ecaa5967403d082aa24f35e1b516d23)
Start importing Assets/ModernSupermarket/Models/Props/Products/FrozenPack_t7wenh/FrozenPack_t7wenh_Pack01.fbx using Guid(c19ccf966817a674ebdfc36516da16cd) Importer(2089858483,0ecaa5967403d082aa24f35e1b516d23) [PhysX] Initialized MultithreadedTaskDispatcher with 10 workers.
 -> (artifact id: '07a319e04ea9714982fb9bf3349591a1') in 0.005606 seconds
Number of updated asset objects reloaded before import = 0
Number of asset objects unloaded after import = 7
========================================================================
Received Import Request.
  Time since last request: 0.000050 seconds.
  path: Assets/ModernSupermarket/Models/Props/Produce/Apple_yf18nm/Textures/Apple_yf18nm_m.png
  artifactKey: Guid(dfbc5b3884d5b48479f55ae9437f8cc8) Importer(2089858483,0ecaa5967403d082aa24f35e1b516d23)
Start importing Assets/ModernSupermarket/Models/Props/Produce/Apple_yf18nm/Textures/Apple_yf18nm_m.png using Guid(dfbc5b3884d5b48479f55ae9437f8cc8) Importer(2089858483,0ecaa5967403d082aa24f35e1b516d23) [PhysX] Initialized MultithreadedTaskDispatcher with 10 workers.
 -> (artifact id: '5ee867e0ade945b60f4fd06a35fcca11') in 0.008088 seconds
Number of updated asset objects reloaded before import = 0
Number of asset objects unloaded after import = 1
========================================================================
Received Import Request.
  Time since last request: 0.000081 seconds.
  path: Assets/ModernSupermarket/Models/Props/Utility/Cart_nabnuh/Cart_nabnuh.fbx
  artifactKey: Guid(056135e0e4e0e9c409406ab11b518e1d) Importer(2089858483,0ecaa5967403d082aa24f35e1b516d23)
Start importing Assets/ModernSupermarket/Models/Props/Utility/Cart_nabnuh/Cart_nabnuh.fbx using Guid(056135e0e4e0e9c409406ab11b518e1d) Importer(2089858483,0ecaa5967403d082aa24f35e1b516d23) [PhysX] Initialized MultithreadedTaskDispatcher with 10 workers.
 -> (artifact id: '3828c957f1d5c9e9db26203bb0a13b26') in 0.005428 seconds
Number of updated asset objects reloaded before import = 0
Number of asset objects unloaded after import = 7
========================================================================
Received Import Request.
  Time since last request: 0.000077 seconds.
  path: Assets/ModernSupermarket/Models/Furniture/Vent_9y3yo/Textures/Materials/Vent_9y3yod.mat
  artifactKey: Guid(1cf2ef265d9110f4d9784f2433d8e692) Importer(2089858483,0ecaa5967403d082aa24f35e1b516d23)
Start importing Assets/ModernSupermarket/Models/Furniture/Vent_9y3yo/Textures/Materials/Vent_9y3yod.mat using Guid(1cf2ef265d9110f4d9784f2433d8e692) Importer(2089858483,0ecaa5967403d082aa24f35e1b516d23) [PhysX] Initialized MultithreadedTaskDispatcher with 10 workers.
 -> (artifact id: 'b3f76bccb421b6a29a8629a41f7bb301') in 0.008345 seconds
Number of updated asset objects reloaded before import = 0
Number of asset objects unloaded after import = 5
========================================================================
Received Import Request.
  Time since last request: 0.000036 seconds.
  path: Assets/ModernSupermarket/Models/Props/Products/FrozenBox_vhvpd4/FrozenBox_vhvpd4_Pack01.fbx
  artifactKey: Guid(5e5475bc32fd63c43b84a3216985ad18) Importer(2089858483,0ecaa5967403d082aa24f35e1b516d23)
Start importing Assets/ModernSupermarket/Models/Props/Products/FrozenBox_vhvpd4/FrozenBox_vhvpd4_Pack01.fbx using Guid(5e5475bc32fd63c43b84a3216985ad18) Importer(2089858483,0ecaa5967403d082aa24f35e1b516d23) [PhysX] Initialized MultithreadedTaskDispatcher with 10 workers.
 -> (artifact id: '465f64fe94549788f31ec4b99f31f43c') in 0.006646 seconds
Number of updated asset objects reloaded before import = 0
Number of asset objects unloaded after import = 7
========================================================================
Received Import Request.
  Time since last request: 0.000047 seconds.
  path: Assets/ModernSupermarket/Models/Furniture/Fridge_f13xen/Textures/Materials/Fridge_f13xen_Glass.mat
  artifactKey: Guid(79e9c16500e3f2740b02daebf00d8ac9) Importer(2089858483,0ecaa5967403d082aa24f35e1b516d23)
Start importing Assets/ModernSupermarket/Models/Furniture/Fridge_f13xen/Textures/Materials/Fridge_f13xen_Glass.mat using Guid(79e9c16500e3f2740b02daebf00d8ac9) Importer(2089858483,0ecaa5967403d082aa24f35e1b516d23) [PhysX] Initialized MultithreadedTaskDispatcher with 10 workers.
 -> (artifact id: 'e740fa54a1fbec631a09e7f377bfbc6e') in 0.008195 seconds
Number of updated asset objects reloaded before import = 0
Number of asset objects unloaded after import = 5
========================================================================
Received Import Request.
  Time since last request: 0.000039 seconds.
  path: Assets/ModernSupermarket/Models/Props/Products/SweetJar_ma0jsk/SweetJar_ma0jsk_Pack01.fbx
  artifactKey: Guid(34774a7ef1ad6e141898d3f312fee59a) Importer(2089858483,0ecaa5967403d082aa24f35e1b516d23)
Start importing Assets/ModernSupermarket/Models/Props/Products/SweetJar_ma0jsk/SweetJar_ma0jsk_Pack01.fbx using Guid(34774a7ef1ad6e141898d3f312fee59a) Importer(2089858483,0ecaa5967403d082aa24f35e1b516d23) [PhysX] Initialized MultithreadedTaskDispatcher with 10 workers.
 -> (artifact id: '4e0f4b8c4260f04160039fe1cd9895d0') in 0.008662 seconds
Number of updated asset objects reloaded before import = 0
Number of asset objects unloaded after import = 7
========================================================================
Received Import Request.
  Time since last request: 0.000082 seconds.
  path: Assets/ModernSupermarket/Models/Props/Produce/Mango_1xw10k/Textures/Mango_1xw10k_a.png
  artifactKey: Guid(5f5b8334890f5f34897a63dd54f47c4d) Importer(2089858483,0ecaa5967403d082aa24f35e1b516d23)
Start importing Assets/ModernSupermarket/Models/Props/Produce/Mango_1xw10k/Textures/Mango_1xw10k_a.png using Guid(5f5b8334890f5f34897a63dd54f47c4d) Importer(2089858483,0ecaa5967403d082aa24f35e1b516d23) [PhysX] Initialized MultithreadedTaskDispatcher with 10 workers.
 -> (artifact id: '3441be7b5e6cdd3f15d0ac6c371ac3f6') in 0.005114 seconds
Number of updated asset objects reloaded before import = 0
Number of asset objects unloaded after import = 1
========================================================================
Received Import Request.
  Time since last request: 0.000070 seconds.
  path: Assets/ModernSupermarket/Models/Props/Products/Cheese_ipc281/Cheese_ipc281.fbx
  artifactKey: Guid(8feabcabe8e9d9246bc68c84778b87fc) Importer(2089858483,0ecaa5967403d082aa24f35e1b516d23)
Start importing Assets/ModernSupermarket/Models/Props/Products/Cheese_ipc281/Cheese_ipc281.fbx using Guid(8feabcabe8e9d9246bc68c84778b87fc) Importer(2089858483,0ecaa5967403d082aa24f35e1b516d23) [PhysX] Initialized MultithreadedTaskDispatcher with 10 workers.
 -> (artifact id: '27bb8cecdc4b0aacc12f7639378c0dea') in 0.005129 seconds
Number of updated asset objects reloaded before import = 0
Number of asset objects unloaded after import = 7
========================================================================
Received Import Request.
  Time since last request: 0.000045 seconds.
  path: Assets/ModernSupermarket/Models/Props/Products/OldMetalBox_edzkm9/OldMetalBox_edzkm9.fbx
  artifactKey: Guid(d24748d5032917442861c2b263a6fd10) Importer(2089858483,0ecaa5967403d082aa24f35e1b516d23)
Start importing Assets/ModernSupermarket/Models/Props/Products/OldMetalBox_edzkm9/OldMetalBox_edzkm9.fbx using Guid(d24748d5032917442861c2b263a6fd10) Importer(2089858483,0ecaa5967403d082aa24f35e1b516d23) [PhysX] Initialized MultithreadedTaskDispatcher with 10 workers.
 -> (artifact id: 'a38cd5c8396e860bcdd5f60176ebcccd') in 0.005341 seconds
Number of updated asset objects reloaded before import = 0
Number of asset objects unloaded after import = 7
========================================================================
Received Import Request.
  Time since last request: 0.000036 seconds.
  path: Assets/ModernSupermarket/Models/Props/Produce/Banana_zjs4oz/Textures/Banana_zjs4oz_o.png
  artifactKey: Guid(88008703c629865428c6cb5c4eb4c34a) Importer(2089858483,0ecaa5967403d082aa24f35e1b516d23)
Start importing Assets/ModernSupermarket/Models/Props/Produce/Banana_zjs4oz/Textures/Banana_zjs4oz_o.png using Guid(88008703c629865428c6cb5c4eb4c34a) Importer(2089858483,0ecaa5967403d082aa24f35e1b516d23) [PhysX] Initialized MultithreadedTaskDispatcher with 10 workers.
 -> (artifact id: '81292ec59a153301901e69f35950e544') in 0.007409 seconds
Number of updated asset objects reloaded before import = 0
Number of asset objects unloaded after import = 1
========================================================================
Received Import Request.
  Time since last request: 0.000062 seconds.
  path: Assets/ModernSupermarket/Models/Props/Products/Soap_1rcsb1/Soap_1rcsb1.fbx
  artifactKey: Guid(46ca77fa002b4e94a84b5c11a02d2fd0) Importer(2089858483,0ecaa5967403d082aa24f35e1b516d23)
Start importing Assets/ModernSupermarket/Models/Props/Products/Soap_1rcsb1/Soap_1rcsb1.fbx using Guid(46ca77fa002b4e94a84b5c11a02d2fd0) Importer(2089858483,0ecaa5967403d082aa24f35e1b516d23) [PhysX] Initialized MultithreadedTaskDispatcher with 10 workers.
 -> (artifact id: '1b70166fabce745105cc288e1e407738') in 0.005107 seconds
Number of updated asset objects reloaded before import = 0
Number of asset objects unloaded after import = 7
========================================================================
Received Import Request.
  Time since last request: 0.000081 seconds.
  path: Assets/ModernSupermarket/Models/Furniture/Sign_04h2fw/Textures/Materials/Sign_04h2fw_Produce.mat
  artifactKey: Guid(14535fd299867c64987d84e80bdd82d3) Importer(2089858483,0ecaa5967403d082aa24f35e1b516d23)
Start importing Assets/ModernSupermarket/Models/Furniture/Sign_04h2fw/Textures/Materials/Sign_04h2fw_Produce.mat using Guid(14535fd299867c64987d84e80bdd82d3) Importer(2089858483,0ecaa5967403d082aa24f35e1b516d23) [PhysX] Initialized MultithreadedTaskDispatcher with 10 workers.
 -> (artifact id: '02d64221d365aae9373189c92e12bf37') in 0.004370 seconds
Number of updated asset objects reloaded before import = 0
Number of asset objects unloaded after import = 5
========================================================================
Received Import Request.
  Time since last request: 0.000113 seconds.
  path: Assets/ModernSupermarket/Models/Props/Products/Ham_wplnxm/Ham_wplnxm_Pack01.fbx
  artifactKey: Guid(b11d3cbfc9d495c498601059e7aeb3a0) Importer(2089858483,0ecaa5967403d082aa24f35e1b516d23)
Start importing Assets/ModernSupermarket/Models/Props/Products/Ham_wplnxm/Ham_wplnxm_Pack01.fbx using Guid(b11d3cbfc9d495c498601059e7aeb3a0) Importer(2089858483,0ecaa5967403d082aa24f35e1b516d23) [PhysX] Initialized MultithreadedTaskDispatcher with 10 workers.
 -> (artifact id: '83f569d68089f8bac6264977ddd29cad') in 0.005502 seconds
Number of updated asset objects reloaded before import = 0
Number of asset objects unloaded after import = 7
========================================================================
Received Import Request.
  Time since last request: 0.000046 seconds.
  path: Assets/ModernSupermarket/Models/Props/Products/Pepper_ybmiq9/Pepper_ybmiq9_Pack01.fbx
  artifactKey: Guid(1e03f7d68c2056b46a545685a82672da) Importer(2089858483,0ecaa5967403d082aa24f35e1b516d23)
Start importing Assets/ModernSupermarket/Models/Props/Products/Pepper_ybmiq9/Pepper_ybmiq9_Pack01.fbx using Guid(1e03f7d68c2056b46a545685a82672da) Importer(2089858483,0ecaa5967403d082aa24f35e1b516d23) [PhysX] Initialized MultithreadedTaskDispatcher with 10 workers.
 -> (artifact id: '84678dd48659c7527e27d372fca1ca47') in 0.007879 seconds
Number of updated asset objects reloaded before import = 0
Number of asset objects unloaded after import = 7
========================================================================
Received Import Request.
  Time since last request: 0.000075 seconds.
  path: Assets/ModernSupermarket/Models/Furniture/HeritageStall_0hvi4w/Textures/Materials/HeritageStall_0hvi4w.mat
  artifactKey: Guid(f590a352fd8f6a44a964e02159fb3d47) Importer(2089858483,0ecaa5967403d082aa24f35e1b516d23)
Start importing Assets/ModernSupermarket/Models/Furniture/HeritageStall_0hvi4w/Textures/Materials/HeritageStall_0hvi4w.mat using Guid(f590a352fd8f6a44a964e02159fb3d47) Importer(2089858483,0ecaa5967403d082aa24f35e1b516d23) [PhysX] Initialized MultithreadedTaskDispatcher with 10 workers.
 -> (artifact id: 'ed6317d82f76c0e82faaba60fe06afcc') in 0.008634 seconds
Number of updated asset objects reloaded before import = 0
Number of asset objects unloaded after import = 5
========================================================================
Received Import Request.
  Time since last request: 0.000031 seconds.
  path: Assets/ModernSupermarket/Models/Props/Products/Sauce_cfrew8/Sauce_cfrew8_Pack01.fbx
  artifactKey: Guid(7aaa246b3f69dae47bb834f8870fe196) Importer(2089858483,0ecaa5967403d082aa24f35e1b516d23)
Start importing Assets/ModernSupermarket/Models/Props/Products/Sauce_cfrew8/Sauce_cfrew8_Pack01.fbx using Guid(7aaa246b3f69dae47bb834f8870fe196) Importer(2089858483,0ecaa5967403d082aa24f35e1b516d23) [PhysX] Initialized MultithreadedTaskDispatcher with 10 workers.
 -> (artifact id: 'dcf61c19f817fe4acbc3e386b0423194') in 0.006054 seconds
Number of updated asset objects reloaded before import = 0
Number of asset objects unloaded after import = 7
========================================================================
Received Import Request.
  Time since last request: 0.000061 seconds.
  path: Assets/ModernSupermarket/Models/Props/Produce/ChilliPepper_w388hm/Textures/ChilliPeppers_w388hm_Var02_n.png
  artifactKey: Guid(ac40a02dcd1f6434eb8171478fc0417e) Importer(2089858483,0ecaa5967403d082aa24f35e1b516d23)
Start importing Assets/ModernSupermarket/Models/Props/Produce/ChilliPepper_w388hm/Textures/ChilliPeppers_w388hm_Var02_n.png using Guid(ac40a02dcd1f6434eb8171478fc0417e) Importer(2089858483,0ecaa5967403d082aa24f35e1b516d23) [PhysX] Initialized MultithreadedTaskDispatcher with 10 workers.
 -> (artifact id: '906ebe2f3f3511a5db0dfd6e901d64c0') in 0.006135 seconds
Number of updated asset objects reloaded before import = 0
Number of asset objects unloaded after import = 1
========================================================================
Received Import Request.
  Time since last request: 0.000081 seconds.
  path: Assets/ModernSupermarket/Models/Props/Products/Sushis_jtvduo/Sushis_jtvduo.fbx
  artifactKey: Guid(c60e3ae281347f84c97d4597f4bde99a) Importer(2089858483,0ecaa5967403d082aa24f35e1b516d23)
Start importing Assets/ModernSupermarket/Models/Props/Products/Sushis_jtvduo/Sushis_jtvduo.fbx using Guid(c60e3ae281347f84c97d4597f4bde99a) Importer(2089858483,0ecaa5967403d082aa24f35e1b516d23) [PhysX] Initialized MultithreadedTaskDispatcher with 10 workers.
 -> (artifact id: '6ff8db32e4256f73764efc00cf727ca5') in 0.007456 seconds
Number of updated asset objects reloaded before import = 0
Number of asset objects unloaded after import = 7
========================================================================
Received Import Request.
  Time since last request: 0.000049 seconds.
  path: Assets/ModernSupermarket/Models/Props/Products/Coffee_5uj6zk/Coffee_5uj6zk.fbx
  artifactKey: Guid(b6000627c8a0fb340a160529ea47a5fc) Importer(2089858483,0ecaa5967403d082aa24f35e1b516d23)
Start importing Assets/ModernSupermarket/Models/Props/Products/Coffee_5uj6zk/Coffee_5uj6zk.fbx using Guid(b6000627c8a0fb340a160529ea47a5fc) Importer(2089858483,0ecaa5967403d082aa24f35e1b516d23) [PhysX] Initialized MultithreadedTaskDispatcher with 10 workers.
 -> (artifact id: 'cc6b7d6d120e96e5943eb7b85be03767') in 0.005195 seconds
Number of updated asset objects reloaded before import = 0
Number of asset objects unloaded after import = 7
========================================================================
Received Import Request.
  Time since last request: 0.000055 seconds.
  path: Assets/ModernSupermarket/Models/Furniture/Sign_04h2fw/Textures/Materials/Sign_04h2fw_Pastas.mat
  artifactKey: Guid(2c5f60954c8e3134398baff0f3ce207b) Importer(2089858483,0ecaa5967403d082aa24f35e1b516d23)
Start importing Assets/ModernSupermarket/Models/Furniture/Sign_04h2fw/Textures/Materials/Sign_04h2fw_Pastas.mat using Guid(2c5f60954c8e3134398baff0f3ce207b) Importer(2089858483,0ecaa5967403d082aa24f35e1b516d23) [PhysX] Initialized MultithreadedTaskDispatcher with 10 workers.
 -> (artifact id: 'c98d4d467b0f8efeaf6fd2a603b99aff') in 0.004106 seconds
Number of updated asset objects reloaded before import = 0
Number of asset objects unloaded after import = 5
========================================================================
Received Import Request.
  Time since last request: 0.000049 seconds.
  path: Assets/ModernSupermarket/Models/Props/Produce/Garlic_tkqeno/Textures/Garlic_tkqeno_n.png
  artifactKey: Guid(029f68ff444a14644b4a967ddaafc420) Importer(2089858483,0ecaa5967403d082aa24f35e1b516d23)
Start importing Assets/ModernSupermarket/Models/Props/Produce/Garlic_tkqeno/Textures/Garlic_tkqeno_n.png using Guid(029f68ff444a14644b4a967ddaafc420) Importer(2089858483,0ecaa5967403d082aa24f35e1b516d23) [PhysX] Initialized MultithreadedTaskDispatcher with 10 workers.
 -> (artifact id: 'c8e71adad1ae542cad8a44432fce35ce') in 0.005177 seconds
Number of updated asset objects reloaded before import = 0
Number of asset objects unloaded after import = 1
========================================================================
Received Import Request.
  Time since last request: 0.000083 seconds.
  path: Assets/ModernSupermarket/Models/Props/Products/TinCan_60afsy/TinCan_60afsy_Pack01.fbx
  artifactKey: Guid(5fb0e3a0980655b498c0dc39babe30a1) Importer(2089858483,0ecaa5967403d082aa24f35e1b516d23)
Start importing Assets/ModernSupermarket/Models/Props/Products/TinCan_60afsy/TinCan_60afsy_Pack01.fbx using Guid(5fb0e3a0980655b498c0dc39babe30a1) Importer(2089858483,0ecaa5967403d082aa24f35e1b516d23) [PhysX] Initialized MultithreadedTaskDispatcher with 10 workers.
 -> (artifact id: '9be8b6e926148ad4a29875951ea0de78') in 0.005713 seconds
Number of updated asset objects reloaded before import = 0
Number of asset objects unloaded after import = 7
========================================================================
Received Import Request.
  Time since last request: 0.000068 seconds.
  path: Assets/ModernSupermarket/Models/Props/Products/YoghurtPack_kjd150/YoghurtPack_rk7lsf.fbx
  artifactKey: Guid(a5c1d427760efbb4b8e60412f6861e2a) Importer(2089858483,0ecaa5967403d082aa24f35e1b516d23)
Start importing Assets/ModernSupermarket/Models/Props/Products/YoghurtPack_kjd150/YoghurtPack_rk7lsf.fbx using Guid(a5c1d427760efbb4b8e60412f6861e2a) Importer(2089858483,0ecaa5967403d082aa24f35e1b516d23) [PhysX] Initialized MultithreadedTaskDispatcher with 10 workers.
 -> (artifact id: '39506208c8109ae469eaf47f3ada9fc9') in 0.008069 seconds
Number of updated asset objects reloaded before import = 0
Number of asset objects unloaded after import = 7
========================================================================
Received Import Request.
  Time since last request: 0.000039 seconds.
  path: Assets/ModernSupermarket/Models/Props/Products/MeatTray_qm4z4l/MeatTray_qm4z4l.fbx
  artifactKey: Guid(a14ebc665610e4e44be3a9abb3e57fd6) Importer(2089858483,0ecaa5967403d082aa24f35e1b516d23)
Start importing Assets/ModernSupermarket/Models/Props/Products/MeatTray_qm4z4l/MeatTray_qm4z4l.fbx using Guid(a14ebc665610e4e44be3a9abb3e57fd6) Importer(2089858483,0ecaa5967403d082aa24f35e1b516d23) [PhysX] Initialized MultithreadedTaskDispatcher with 10 workers.
 -> (artifact id: 'bc9271f635da44430b6d5c150f9a60e0') in 0.005260 seconds
Number of updated asset objects reloaded before import = 0
Number of asset objects unloaded after import = 7
========================================================================
Received Import Request.
  Time since last request: 0.000061 seconds.
  path: Assets/ModernSupermarket/Models/Props/Products/Toothpaste_duqkf2/Toothpaste_duqkf2_Pack01.fbx
  artifactKey: Guid(d9e40fd4cf2e1fc4b90a7ff3144c1fe3) Importer(2089858483,0ecaa5967403d082aa24f35e1b516d23)
Start importing Assets/ModernSupermarket/Models/Props/Products/Toothpaste_duqkf2/Toothpaste_duqkf2_Pack01.fbx using Guid(d9e40fd4cf2e1fc4b90a7ff3144c1fe3) Importer(2089858483,0ecaa5967403d082aa24f35e1b516d23) [PhysX] Initialized MultithreadedTaskDispatcher with 10 workers.
 -> (artifact id: '3978a8a1df307ca10eb7313c779eaf1e') in 0.005169 seconds
Number of updated asset objects reloaded before import = 0
Number of asset objects unloaded after import = 7
========================================================================
Received Import Request.
  Time since last request: 0.000033 seconds.
  path: Assets/ModernSupermarket/Models/Props/Products/PotatoBag_gcx3y2/PotatoBag_gcx3y2.fbx
  artifactKey: Guid(48a59338f2466fc41b13e462019887cc) Importer(2089858483,0ecaa5967403d082aa24f35e1b516d23)
Start importing Assets/ModernSupermarket/Models/Props/Products/PotatoBag_gcx3y2/PotatoBag_gcx3y2.fbx using Guid(48a59338f2466fc41b13e462019887cc) Importer(2089858483,0ecaa5967403d082aa24f35e1b516d23) [PhysX] Initialized MultithreadedTaskDispatcher with 10 workers.
 -> (artifact id: '39d0f8f755765e43d771fc5c1ed2d09c') in 0.008096 seconds
Number of updated asset objects reloaded before import = 0
Number of asset objects unloaded after import = 7
========================================================================
Received Import Request.
  Time since last request: 0.000093 seconds.
  path: Assets/ModernSupermarket/Models/Props/Products/Pizza_ehb1pe/Pizza_ehb1pe.fbx
  artifactKey: Guid(4dda0facc42d2d344b70604c1171df02) Importer(2089858483,0ecaa5967403d082aa24f35e1b516d23)
Start importing Assets/ModernSupermarket/Models/Props/Products/Pizza_ehb1pe/Pizza_ehb1pe.fbx using Guid(4dda0facc42d2d344b70604c1171df02) Importer(2089858483,0ecaa5967403d082aa24f35e1b516d23) [PhysX] Initialized MultithreadedTaskDispatcher with 10 workers.
 -> (artifact id: '90972a45964774d36dc87b5884c154d4') in 0.005603 seconds
Number of updated asset objects reloaded before import = 0
Number of asset objects unloaded after import = 7
========================================================================
Received Import Request.
  Time since last request: 0.000048 seconds.
  path: Assets/ModernSupermarket/Models/Furniture/Slate_t3iq3t/Textures/Materials/Slate_t3iq3t.mat
  artifactKey: Guid(0dadcc7750010214f91cfb000f4e0e92) Importer(2089858483,0ecaa5967403d082aa24f35e1b516d23)
Start importing Assets/ModernSupermarket/Models/Furniture/Slate_t3iq3t/Textures/Materials/Slate_t3iq3t.mat using Guid(0dadcc7750010214f91cfb000f4e0e92) Importer(2089858483,0ecaa5967403d082aa24f35e1b516d23) [PhysX] Initialized MultithreadedTaskDispatcher with 10 workers.
 -> (artifact id: '19809926134decbfc0e3704145fd6e37') in 0.008396 seconds
Number of updated asset objects reloaded before import = 0
Number of asset objects unloaded after import = 5
========================================================================
Received Import Request.
  Time since last request: 0.000023 seconds.
  path: Assets/ModernSupermarket/Models/Props/Products/SlicedBread_6zus31/SlicedBread_6zus31.fbx
  artifactKey: Guid(94035fd5f18016349b1ffdc769c1de9c) Importer(2089858483,0ecaa5967403d082aa24f35e1b516d23)
Start importing Assets/ModernSupermarket/Models/Props/Products/SlicedBread_6zus31/SlicedBread_6zus31.fbx using Guid(94035fd5f18016349b1ffdc769c1de9c) Importer(2089858483,0ecaa5967403d082aa24f35e1b516d23) [PhysX] Initialized MultithreadedTaskDispatcher with 10 workers.
 -> (artifact id: 'c3fd6b05a9ea1dc71ff1596743f9529f') in 0.005740 seconds
Number of updated asset objects reloaded before import = 0
Number of asset objects unloaded after import = 7
========================================================================
Received Import Request.
  Time since last request: 0.000056 seconds.
  path: Assets/ModernSupermarket/Models/Props/Products/Shampoo_lvhjkn/Shampoo_lvhjkn.fbx
  artifactKey: Guid(355bcdb72f2ef654188d3991e3f415dd) Importer(2089858483,0ecaa5967403d082aa24f35e1b516d23)
Start importing Assets/ModernSupermarket/Models/Props/Products/Shampoo_lvhjkn/Shampoo_lvhjkn.fbx using Guid(355bcdb72f2ef654188d3991e3f415dd) Importer(2089858483,0ecaa5967403d082aa24f35e1b516d23) [PhysX] Initialized MultithreadedTaskDispatcher with 10 workers.
 -> (artifact id: 'ac5b166b79b80ca14737f1d3818186a7') in 0.007863 seconds
Number of updated asset objects reloaded before import = 0
Number of asset objects unloaded after import = 7
========================================================================
Received Import Request.
  Time since last request: 0.000032 seconds.
  path: Assets/ModernSupermarket/Models/Props/Products/Soda_d7rdw9/Soda_d7rdw9_Pack02.fbx
  artifactKey: Guid(b7c0bbb49c014f34abedbe4741b18e89) Importer(2089858483,0ecaa5967403d082aa24f35e1b516d23)
Start importing Assets/ModernSupermarket/Models/Props/Products/Soda_d7rdw9/Soda_d7rdw9_Pack02.fbx using Guid(b7c0bbb49c014f34abedbe4741b18e89) Importer(2089858483,0ecaa5967403d082aa24f35e1b516d23) [PhysX] Initialized MultithreadedTaskDispatcher with 10 workers.
 -> (artifact id: '78ccee6af05594335f7b3e40731de9a2') in 0.005556 seconds
Number of updated asset objects reloaded before import = 0
Number of asset objects unloaded after import = 7
========================================================================
Received Import Request.
  Time since last request: 0.000046 seconds.
  path: Assets/ModernSupermarket/Models/Props/Products/Pasta_9duit2/Pasta_9duit2.fbx
  artifactKey: Guid(51857a3f053e37e4dae17d6c8d0812de) Importer(2089858483,0ecaa5967403d082aa24f35e1b516d23)
Start importing Assets/ModernSupermarket/Models/Props/Products/Pasta_9duit2/Pasta_9duit2.fbx using Guid(51857a3f053e37e4dae17d6c8d0812de) Importer(2089858483,0ecaa5967403d082aa24f35e1b516d23) [PhysX] Initialized MultithreadedTaskDispatcher with 10 workers.
 -> (artifact id: '4568f2ee25752de0826e29cb94751730') in 0.004853 seconds
Number of updated asset objects reloaded before import = 0
Number of asset objects unloaded after import = 7
========================================================================
Received Import Request.
  Time since last request: 0.000046 seconds.
  path: Assets/ModernSupermarket/Models/Props/Products/FrozenBox_vhvpd4/FrozenBox_vhvpd4_Pack04.fbx
  artifactKey: Guid(00f3aedc54cf5234fb98c613e0d919f2) Importer(2089858483,0ecaa5967403d082aa24f35e1b516d23)
Start importing Assets/ModernSupermarket/Models/Props/Products/FrozenBox_vhvpd4/FrozenBox_vhvpd4_Pack04.fbx using Guid(00f3aedc54cf5234fb98c613e0d919f2) Importer(2089858483,0ecaa5967403d082aa24f35e1b516d23) [PhysX] Initialized MultithreadedTaskDispatcher with 10 workers.
 -> (artifact id: 'b3f425e7f44d637e8079475c9144f79b') in 0.005587 seconds
Number of updated asset objects reloaded before import = 0
Number of asset objects unloaded after import = 7
========================================================================
Received Import Request.
  Time since last request: 0.000069 seconds.
  path: Assets/ModernSupermarket/Models/Props/Products/MilkBrick_e8foxc/MilkBrick_e8foxc.fbx
  artifactKey: Guid(7cf92c5185012c44c93fe6dfeff05c40) Importer(2089858483,0ecaa5967403d082aa24f35e1b516d23)
Start importing Assets/ModernSupermarket/Models/Props/Products/MilkBrick_e8foxc/MilkBrick_e8foxc.fbx using Guid(7cf92c5185012c44c93fe6dfeff05c40) Importer(2089858483,0ecaa5967403d082aa24f35e1b516d23) [PhysX] Initialized MultithreadedTaskDispatcher with 10 workers.
 -> (artifact id: 'c305bcf19dc8406c5c78e00e573b29ce') in 0.007988 seconds
Number of updated asset objects reloaded before import = 0
Number of asset objects unloaded after import = 7
========================================================================
Received Import Request.
  Time since last request: 0.000042 seconds.
  path: Assets/ModernSupermarket/Models/Props/Produce/ChilliPepper_w388hm/Textures/ChilliPeppers_w388hm_n.png
  artifactKey: Guid(b32c7b12d1cfeec45928d9ec326fd035) Importer(2089858483,0ecaa5967403d082aa24f35e1b516d23)
Start importing Assets/ModernSupermarket/Models/Props/Produce/ChilliPepper_w388hm/Textures/ChilliPeppers_w388hm_n.png using Guid(b32c7b12d1cfeec45928d9ec326fd035) Importer(2089858483,0ecaa5967403d082aa24f35e1b516d23) [PhysX] Initialized MultithreadedTaskDispatcher with 10 workers.
 -> (artifact id: 'e49c3c1af52d253eeb2c9316061f17f6') in 0.006036 seconds
Number of updated asset objects reloaded before import = 0
Number of asset objects unloaded after import = 1
========================================================================
Received Import Request.
  Time since last request: 0.000112 seconds.
  path: Assets/ModernSupermarket/Models/Props/Products/Sushis_r6r1w6/Sushis_r6r1w6.fbx
  artifactKey: Guid(f27f5b5af668abc409c80ed644581626) Importer(2089858483,0ecaa5967403d082aa24f35e1b516d23)
Start importing Assets/ModernSupermarket/Models/Props/Products/Sushis_r6r1w6/Sushis_r6r1w6.fbx using Guid(f27f5b5af668abc409c80ed644581626) Importer(2089858483,0ecaa5967403d082aa24f35e1b516d23) [PhysX] Initialized MultithreadedTaskDispatcher with 10 workers.
 -> (artifact id: 'd2ac50ae30aeb9535dc0b2e516880742') in 0.005479 seconds
Number of updated asset objects reloaded before import = 0
Number of asset objects unloaded after import = 7
========================================================================
Received Import Request.
  Time since last request: 0.000034 seconds.
  path: Assets/ModernSupermarket/Models/Props/Produce/Onion_mut7xz/Textures/Onion_mut7xz_a.png
  artifactKey: Guid(47877d51004723d43ace105deeb794a8) Importer(2089858483,0ecaa5967403d082aa24f35e1b516d23)
Start importing Assets/ModernSupermarket/Models/Props/Produce/Onion_mut7xz/Textures/Onion_mut7xz_a.png using Guid(47877d51004723d43ace105deeb794a8) Importer(2089858483,0ecaa5967403d082aa24f35e1b516d23) [PhysX] Initialized MultithreadedTaskDispatcher with 10 workers.
 -> (artifact id: '066b8cf6a439d63a3830c0e1f4dfe0a1') in 0.005032 seconds
Number of updated asset objects reloaded before import = 0
Number of asset objects unloaded after import = 1
========================================================================
Received Import Request.
  Time since last request: 0.000062 seconds.
  path: Assets/ModernSupermarket/Models/Props/Products/Pasta_g87jtq/Pasta_g87jtq.fbx
  artifactKey: Guid(08fc0bbf5893d45469889ddc801e68f9) Importer(2089858483,0ecaa5967403d082aa24f35e1b516d23)
Start importing Assets/ModernSupermarket/Models/Props/Products/Pasta_g87jtq/Pasta_g87jtq.fbx using Guid(08fc0bbf5893d45469889ddc801e68f9) Importer(2089858483,0ecaa5967403d082aa24f35e1b516d23) [PhysX] Initialized MultithreadedTaskDispatcher with 10 workers.
 -> (artifact id: '00b625ea61a49b8612b48b18a904ec1a') in 0.007959 seconds
Number of updated asset objects reloaded before import = 0
Number of asset objects unloaded after import = 7
========================================================================
Received Import Request.
  Time since last request: 0.000065 seconds.
  path: Assets/ModernSupermarket/Models/Props/Products/FrozenBox_vhvpd4/FrozenBox_vhvpd4_Pack02.fbx
  artifactKey: Guid(45c5a0862f4570143aa6dd5a2e67b371) Importer(2089858483,0ecaa5967403d082aa24f35e1b516d23)
Start importing Assets/ModernSupermarket/Models/Props/Products/FrozenBox_vhvpd4/FrozenBox_vhvpd4_Pack02.fbx using Guid(45c5a0862f4570143aa6dd5a2e67b371) Importer(2089858483,0ecaa5967403d082aa24f35e1b516d23) [PhysX] Initialized MultithreadedTaskDispatcher with 10 workers.
 -> (artifact id: '107f91aa2de0dce63e2b4d6cf30ecbc5') in 0.005592 seconds
Number of updated asset objects reloaded before import = 0
Number of asset objects unloaded after import = 7
========================================================================
Received Import Request.
  Time since last request: 0.000057 seconds.
  path: Assets/ModernSupermarket/Models/Props/Products/Soap_eegrv7/Soap_eegrv7_Pack01.fbx
  artifactKey: Guid(c0add57ba95e90b4f951a0225212bd37) Importer(2089858483,0ecaa5967403d082aa24f35e1b516d23)
Start importing Assets/ModernSupermarket/Models/Props/Products/Soap_eegrv7/Soap_eegrv7_Pack01.fbx using Guid(c0add57ba95e90b4f951a0225212bd37) Importer(2089858483,0ecaa5967403d082aa24f35e1b516d23) [PhysX] Initialized MultithreadedTaskDispatcher with 10 workers.
 -> (artifact id: 'b757719366bc08fc263082acce054477') in 0.005464 seconds
Number of updated asset objects reloaded before import = 0
Number of asset objects unloaded after import = 7
========================================================================
Received Import Request.
  Time since last request: 0.000051 seconds.
  path: Assets/ModernSupermarket/Textures/Surfaces/TileFloor_j8qkl9/Materials/TileFloor_j8qkl9.mat
  artifactKey: Guid(c2384f3293f1e544b8fe8b6d049a55d6) Importer(2089858483,0ecaa5967403d082aa24f35e1b516d23)
Start importing Assets/ModernSupermarket/Textures/Surfaces/TileFloor_j8qkl9/Materials/TileFloor_j8qkl9.mat using Guid(c2384f3293f1e544b8fe8b6d049a55d6) Importer(2089858483,0ecaa5967403d082aa24f35e1b516d23) [PhysX] Initialized MultithreadedTaskDispatcher with 10 workers.
 -> (artifact id: '2bcf50aa83fbb656b8a4ac827055e703') in 0.061441 seconds
Number of updated asset objects reloaded before import = 0
Number of asset objects unloaded after import = 5
========================================================================
Received Import Request.
  Time since last request: 0.000042 seconds.
  path: Assets/ModernSupermarket/Models/Props/Utility/Bag_my9wcp/Bag_my9wcp.fbx
  artifactKey: Guid(a2a0a0983badddf4eb0378fcaee686c3) Importer(2089858483,0ecaa5967403d082aa24f35e1b516d23)
Start importing Assets/ModernSupermarket/Models/Props/Utility/Bag_my9wcp/Bag_my9wcp.fbx using Guid(a2a0a0983badddf4eb0378fcaee686c3) Importer(2089858483,0ecaa5967403d082aa24f35e1b516d23) [PhysX] Initialized MultithreadedTaskDispatcher with 10 workers.
 -> (artifact id: '7625df8c8f91b1aa1cb5080f94030f07') in 0.009424 seconds
Number of updated asset objects reloaded before import = 0
Number of asset objects unloaded after import = 7
========================================================================
Received Import Request.
  Time since last request: 0.000046 seconds.
  path: Assets/ModernSupermarket/Models/Props/Products/PetFood_3pjwif/PetFood_3pjwif_Pack01.fbx
  artifactKey: Guid(ba100d5f402c41943b1ee3660e4d40d1) Importer(2089858483,0ecaa5967403d082aa24f35e1b516d23)
Start importing Assets/ModernSupermarket/Models/Props/Products/PetFood_3pjwif/PetFood_3pjwif_Pack01.fbx using Guid(ba100d5f402c41943b1ee3660e4d40d1) Importer(2089858483,0ecaa5967403d082aa24f35e1b516d23) [PhysX] Initialized MultithreadedTaskDispatcher with 10 workers.
 -> (artifact id: 'c986ff9c8c5a896611cdf7851c099ee9') in 0.005811 seconds
Number of updated asset objects reloaded before import = 0
Number of asset objects unloaded after import = 7
========================================================================
Received Import Request.
  Time since last request: 0.000030 seconds.
  path: Assets/ModernSupermarket/Models/Props/Produce/ChilliPepper_w388hm/Textures/ChilliPeppers_w388hm_Var02_m.png
  artifactKey: Guid(fc9d33ea8ca5e674b9b1dd9ce3aecccf) Importer(2089858483,0ecaa5967403d082aa24f35e1b516d23)
Start importing Assets/ModernSupermarket/Models/Props/Produce/ChilliPepper_w388hm/Textures/ChilliPeppers_w388hm_Var02_m.png using Guid(fc9d33ea8ca5e674b9b1dd9ce3aecccf) Importer(2089858483,0ecaa5967403d082aa24f35e1b516d23) [PhysX] Initialized MultithreadedTaskDispatcher with 10 workers.
 -> (artifact id: '1b6af0877d39962005bf716ae4849d18') in 0.005654 seconds
Number of updated asset objects reloaded before import = 0
Number of asset objects unloaded after import = 1
========================================================================
Received Import Request.
  Time since last request: 0.000057 seconds.
  path: Assets/ModernSupermarket/Models/Props/Products/ToiletPaper_tunz3i/ToiletPaper_tunz3i_Pack02.fbx
  artifactKey: Guid(de6851b76cafb444681c69e1a94dc2a5) Importer(2089858483,0ecaa5967403d082aa24f35e1b516d23)
Start importing Assets/ModernSupermarket/Models/Props/Products/ToiletPaper_tunz3i/ToiletPaper_tunz3i_Pack02.fbx using Guid(de6851b76cafb444681c69e1a94dc2a5) Importer(2089858483,0ecaa5967403d082aa24f35e1b516d23) [PhysX] Initialized MultithreadedTaskDispatcher with 10 workers.
 -> (artifact id: 'feee9a5ca2550e247d01bbdfea910dca') in 0.008187 seconds
Number of updated asset objects reloaded before import = 0
Number of asset objects unloaded after import = 7
========================================================================
Received Import Request.
  Time since last request: 0.000046 seconds.
  path: Assets/ModernSupermarket/Models/Props/Products/MashPotatoe_3n44xc/MashPotatoe_3n44xc_Pack01.fbx
  artifactKey: Guid(2f00913adb0ebff40b35f3d38436d98f) Importer(2089858483,0ecaa5967403d082aa24f35e1b516d23)
Start importing Assets/ModernSupermarket/Models/Props/Products/MashPotatoe_3n44xc/MashPotatoe_3n44xc_Pack01.fbx using Guid(2f00913adb0ebff40b35f3d38436d98f) Importer(2089858483,0ecaa5967403d082aa24f35e1b516d23) [PhysX] Initialized MultithreadedTaskDispatcher with 10 workers.
 -> (artifact id: '2c4e3212de0027e191a32f0815f9539f') in 0.005827 seconds
Number of updated asset objects reloaded before import = 0
Number of asset objects unloaded after import = 7
========================================================================
Received Import Request.
  Time since last request: 0.000059 seconds.
  path: Assets/ModernSupermarket/Models/Props/Produce/Kiwi_leh3t9/Textures/Kiwi_leh3t9_n.png
  artifactKey: Guid(feb6fd157c325e0499f384b74db6178b) Importer(2089858483,0ecaa5967403d082aa24f35e1b516d23)
Start importing Assets/ModernSupermarket/Models/Props/Produce/Kiwi_leh3t9/Textures/Kiwi_leh3t9_n.png using Guid(feb6fd157c325e0499f384b74db6178b) Importer(2089858483,0ecaa5967403d082aa24f35e1b516d23) [PhysX] Initialized MultithreadedTaskDispatcher with 10 workers.
 -> (artifact id: 'd1a77f7e67d6f5b2c225fe7f8a86b4c1') in 0.005240 seconds
Number of updated asset objects reloaded before import = 0
Number of asset objects unloaded after import = 1
========================================================================
Received Import Request.
  Time since last request: 0.000064 seconds.
  path: Assets/ModernSupermarket/Models/Props/Utility/Camera_9m4m3y/Camera_9m4m3y.fbx
  artifactKey: Guid(e2539c7f71f580d438bfcec540b7918b) Importer(2089858483,0ecaa5967403d082aa24f35e1b516d23)
Start importing Assets/ModernSupermarket/Models/Props/Utility/Camera_9m4m3y/Camera_9m4m3y.fbx using Guid(e2539c7f71f580d438bfcec540b7918b) Importer(2089858483,0ecaa5967403d082aa24f35e1b516d23) [PhysX] Initialized MultithreadedTaskDispatcher with 10 workers.
 -> (artifact id: 'd3da2f70f2e7dfdc42b62ba85a0fb686') in 0.005128 seconds
Number of updated asset objects reloaded before import = 0
Number of asset objects unloaded after import = 7
========================================================================
Received Import Request.
  Time since last request: 0.000045 seconds.
  path: Assets/ModernSupermarket/Models/Props/Products/Soap_eegrv7/Soap_eegrv7.fbx
  artifactKey: Guid(c300e9a1b8ef9b34e9a5711840880b68) Importer(2089858483,0ecaa5967403d082aa24f35e1b516d23)
Start importing Assets/ModernSupermarket/Models/Props/Products/Soap_eegrv7/Soap_eegrv7.fbx using Guid(c300e9a1b8ef9b34e9a5711840880b68) Importer(2089858483,0ecaa5967403d082aa24f35e1b516d23) [PhysX] Initialized MultithreadedTaskDispatcher with 10 workers.
 -> (artifact id: 'df82852bc2bf405422fc3423d93f263d') in 0.007462 seconds
Number of updated asset objects reloaded before import = 0
Number of asset objects unloaded after import = 7
========================================================================
Received Import Request.
  Time since last request: 0.000051 seconds.
  path: Assets/ModernSupermarket/Models/Props/Produce/Grapefruit_mrfrpw/Textures/Grapefruit_mrfrpw_m.png
  artifactKey: Guid(b55c591f03ec0fd4db75b40e0bd8f970) Importer(2089858483,0ecaa5967403d082aa24f35e1b516d23)
Start importing Assets/ModernSupermarket/Models/Props/Produce/Grapefruit_mrfrpw/Textures/Grapefruit_mrfrpw_m.png using Guid(b55c591f03ec0fd4db75b40e0bd8f970) Importer(2089858483,0ecaa5967403d082aa24f35e1b516d23) [PhysX] Initialized MultithreadedTaskDispatcher with 10 workers.
 -> (artifact id: 'f3f498da1d5634ff9b445207f61b1383') in 0.004979 seconds
Number of updated asset objects reloaded before import = 0
Number of asset objects unloaded after import = 1
========================================================================
Received Import Request.
  Time since last request: 0.000083 seconds.
  path: Assets/ModernSupermarket/Models/Furniture/Table_5ma72f/Textures/Materials/Table_5ma72f.mat
  artifactKey: Guid(11fd86ee8ae9a4b40b47a6cd5f3e6fd4) Importer(2089858483,0ecaa5967403d082aa24f35e1b516d23)
Start importing Assets/ModernSupermarket/Models/Furniture/Table_5ma72f/Textures/Materials/Table_5ma72f.mat using Guid(11fd86ee8ae9a4b40b47a6cd5f3e6fd4) Importer(2089858483,0ecaa5967403d082aa24f35e1b516d23) [PhysX] Initialized MultithreadedTaskDispatcher with 10 workers.
 -> (artifact id: 'bb78b64749460fff47638fcbdc1d5d85') in 0.007747 seconds
Number of updated asset objects reloaded before import = 0
Number of asset objects unloaded after import = 5
========================================================================
Received Import Request.
  Time since last request: 0.106649 seconds.
  path: Assets/ModernSupermarket/Models/Props/Produce/Papaya_xt7unv/Textures/Papaya_xt7unv_m.png
  artifactKey: Guid(4ab74ac9ec58e5e46afc5836dfd4a2c9) Importer(2089858483,0ecaa5967403d082aa24f35e1b516d23)
Start importing Assets/ModernSupermarket/Models/Props/Produce/Papaya_xt7unv/Textures/Papaya_xt7unv_m.png using Guid(4ab74ac9ec58e5e46afc5836dfd4a2c9) Importer(2089858483,0ecaa5967403d082aa24f35e1b516d23) [PhysX] Initialized MultithreadedTaskDispatcher with 10 workers.
 -> (artifact id: '49fe2fa2509875b0d10633cf22ee4ea4') in 0.012010 seconds
Number of updated asset objects reloaded before import = 0
Number of asset objects unloaded after import = 1
========================================================================
Received Import Request.
  Time since last request: 0.000075 seconds.
  path: Assets/ModernSupermarket/Models/Props/Products/FrozenPack_xp713y/Textures/FrozenPack_xp713y_a_Var01.png
  artifactKey: Guid(6d7d2d717a5371d4da344fea085d037e) Importer(2089858483,0ecaa5967403d082aa24f35e1b516d23)
Start importing Assets/ModernSupermarket/Models/Props/Products/FrozenPack_xp713y/Textures/FrozenPack_xp713y_a_Var01.png using Guid(6d7d2d717a5371d4da344fea085d037e) Importer(2089858483,0ecaa5967403d082aa24f35e1b516d23) [PhysX] Initialized MultithreadedTaskDispatcher with 10 workers.
 -> (artifact id: 'd7bdcc012527812f8a5ff2562fe3e0b5') in 0.006345 seconds
Number of updated asset objects reloaded before import = 0
Number of asset objects unloaded after import = 1
========================================================================
Received Import Request.
  Time since last request: 0.000103 seconds.
  path: Assets/ModernSupermarket/Models/Props/Products/MeatTray_fbw8xf/Textures/MeatTray_fbw8xf_Meat_n.png
  artifactKey: Guid(b704575a46a85f24faa4343f69736857) Importer(2089858483,0ecaa5967403d082aa24f35e1b516d23)
Start importing Assets/ModernSupermarket/Models/Props/Products/MeatTray_fbw8xf/Textures/MeatTray_fbw8xf_Meat_n.png using Guid(b704575a46a85f24faa4343f69736857) Importer(2089858483,0ecaa5967403d082aa24f35e1b516d23) [PhysX] Initialized MultithreadedTaskDispatcher with 10 workers.
 -> (artifact id: '5aaa2d1952971edeca8dfcb300c625c8') in 0.008470 seconds
Number of updated asset objects reloaded before import = 0
Number of asset objects unloaded after import = 1
========================================================================
Received Import Request.
  Time since last request: 0.000126 seconds.
  path: Assets/ModernSupermarket/Models/Props/Products/Capsule_dchvzi/Textures/Capsule_dchvzi_o.png
  artifactKey: Guid(0f226aa8e95acc44fa047e2ab296cbbd) Importer(2089858483,0ecaa5967403d082aa24f35e1b516d23)
Start importing Assets/ModernSupermarket/Models/Props/Products/Capsule_dchvzi/Textures/Capsule_dchvzi_o.png using Guid(0f226aa8e95acc44fa047e2ab296cbbd) Importer(2089858483,0ecaa5967403d082aa24f35e1b516d23) [PhysX] Initialized MultithreadedTaskDispatcher with 10 workers.
 -> (artifact id: '739d8989182c34c21961fdd082df24de') in 0.005147 seconds
Number of updated asset objects reloaded before import = 0
Number of asset objects unloaded after import = 1
========================================================================
Received Import Request.
  Time since last request: 0.000070 seconds.
  path: Assets/ModernSupermarket/Models/Props/Products/Bleach_c6nm2t/Textures/Can_Bleach_c6nm2t_n.png
  artifactKey: Guid(ef021c291c94fb140a39534a38705b0f) Importer(2089858483,0ecaa5967403d082aa24f35e1b516d23)
Start importing Assets/ModernSupermarket/Models/Props/Products/Bleach_c6nm2t/Textures/Can_Bleach_c6nm2t_n.png using Guid(ef021c291c94fb140a39534a38705b0f) Importer(2089858483,0ecaa5967403d082aa24f35e1b516d23) [PhysX] Initialized MultithreadedTaskDispatcher with 10 workers.
 -> (artifact id: '3efdb8b7c871597386682ad09459b6bf') in 0.005809 seconds
Number of updated asset objects reloaded before import = 0
Number of asset objects unloaded after import = 1
========================================================================
Received Import Request.
  Time since last request: 0.000051 seconds.
  path: Assets/ModernSupermarket/Models/Props/Products/MilkBrick_e8foxc/Textures/MilkBrick_e8foxc_n.png
  artifactKey: Guid(97dce88422c7a6141b2f7b16f240935e) Importer(2089858483,0ecaa5967403d082aa24f35e1b516d23)
Start importing Assets/ModernSupermarket/Models/Props/Products/MilkBrick_e8foxc/Textures/MilkBrick_e8foxc_n.png using Guid(97dce88422c7a6141b2f7b16f240935e) Importer(2089858483,0ecaa5967403d082aa24f35e1b516d23) [PhysX] Initialized MultithreadedTaskDispatcher with 10 workers.
 -> (artifact id: '208ef66b9d0e4bdb10ba061b52e24a47') in 0.005716 seconds
Number of updated asset objects reloaded before import = 0
Number of asset objects unloaded after import = 1
========================================================================
Received Import Request.
  Time since last request: 0.000057 seconds.
  path: Assets/ModernSupermarket/Models/Props/Products/EggBox12x_7zw3j2/Textures/EggBox12x_7zw3j2_o.png
  artifactKey: Guid(0c64bed341fb38543af3263a2e67b4c9) Importer(2089858483,0ecaa5967403d082aa24f35e1b516d23)
Start importing Assets/ModernSupermarket/Models/Props/Products/EggBox12x_7zw3j2/Textures/EggBox12x_7zw3j2_o.png using Guid(0c64bed341fb38543af3263a2e67b4c9) Importer(2089858483,0ecaa5967403d082aa24f35e1b516d23) [PhysX] Initialized MultithreadedTaskDispatcher with 10 workers.
 -> (artifact id: '347793a0dc064f2d53e0be0389af68dd') in 0.008580 seconds
Number of updated asset objects reloaded before import = 0
Number of asset objects unloaded after import = 1
========================================================================
Received Import Request.
  Time since last request: 0.000139 seconds.
  path: Assets/ModernSupermarket/Models/Props/Products/CansPack_f98qxo/Textures/CansPack_f98qxo_o.png
  artifactKey: Guid(c0ddfd0fd803b1f49a9e794701c7582f) Importer(2089858483,0ecaa5967403d082aa24f35e1b516d23)
Start importing Assets/ModernSupermarket/Models/Props/Products/CansPack_f98qxo/Textures/CansPack_f98qxo_o.png using Guid(c0ddfd0fd803b1f49a9e794701c7582f) Importer(2089858483,0ecaa5967403d082aa24f35e1b516d23) [PhysX] Initialized MultithreadedTaskDispatcher with 10 workers.
 -> (artifact id: '7e122d3ebddb82ce25e496c9b1603415') in 0.005488 seconds
Number of updated asset objects reloaded before import = 0
Number of asset objects unloaded after import = 1
========================================================================
Received Import Request.
  Time since last request: 0.000074 seconds.
  path: Assets/ModernSupermarket/Models/Props/Produce/Zucchini_z21819/Textures/Zucchini_z21819_n.png
  artifactKey: Guid(277aaaf2683d7a24bbe343e1c416ccd6) Importer(2089858483,0ecaa5967403d082aa24f35e1b516d23)
Start importing Assets/ModernSupermarket/Models/Props/Produce/Zucchini_z21819/Textures/Zucchini_z21819_n.png using Guid(277aaaf2683d7a24bbe343e1c416ccd6) Importer(2089858483,0ecaa5967403d082aa24f35e1b516d23) [PhysX] Initialized MultithreadedTaskDispatcher with 10 workers.
 -> (artifact id: '66bb590243462c4a38c748472b0d8436') in 0.005052 seconds
Number of updated asset objects reloaded before import = 0
Number of asset objects unloaded after import = 1
========================================================================
Received Import Request.
  Time since last request: 0.000083 seconds.
  path: Assets/ModernSupermarket/Models/Props/Products/Milk_l6slvx/Textures/Milk_l6slvx_m.png
  artifactKey: Guid(b85a2ef4d4f1aec4fa46928dbc17f27e) Importer(2089858483,0ecaa5967403d082aa24f35e1b516d23)
Start importing Assets/ModernSupermarket/Models/Props/Products/Milk_l6slvx/Textures/Milk_l6slvx_m.png using Guid(b85a2ef4d4f1aec4fa46928dbc17f27e) Importer(2089858483,0ecaa5967403d082aa24f35e1b516d23) [PhysX] Initialized MultithreadedTaskDispatcher with 10 workers.
 -> (artifact id: '15c04202ee71ce0b8258e4179858ec18') in 0.005423 seconds
Number of updated asset objects reloaded before import = 0
Number of asset objects unloaded after import = 1
========================================================================
Received Import Request.
  Time since last request: 0.000057 seconds.
  path: Assets/ModernSupermarket/Models/Props/Products/Cream_jatl5h/Textures/Cream_jatl5h_o.png
  artifactKey: Guid(be195e64f5145bc45830afa9a90e4fca) Importer(2089858483,0ecaa5967403d082aa24f35e1b516d23)
Start importing Assets/ModernSupermarket/Models/Props/Products/Cream_jatl5h/Textures/Cream_jatl5h_o.png using Guid(be195e64f5145bc45830afa9a90e4fca) Importer(2089858483,0ecaa5967403d082aa24f35e1b516d23) [PhysX] Initialized MultithreadedTaskDispatcher with 10 workers.
 -> (artifact id: '20296095332784099adb19b98ebbee3c') in 0.005154 seconds
Number of updated asset objects reloaded before import = 0
Number of asset objects unloaded after import = 1
========================================================================
Received Import Request.
  Time since last request: 0.000086 seconds.
  path: Assets/ModernSupermarket/Models/Props/Products/MeatTray_bbcwdq/Textures/MeatTray_bbcwdq_Meat_m.png
  artifactKey: Guid(bb1abfe3c4ba73540ae02484dd2c73b4) Importer(2089858483,0ecaa5967403d082aa24f35e1b516d23)
Start importing Assets/ModernSupermarket/Models/Props/Products/MeatTray_bbcwdq/Textures/MeatTray_bbcwdq_Meat_m.png using Guid(bb1abfe3c4ba73540ae02484dd2c73b4) Importer(2089858483,0ecaa5967403d082aa24f35e1b516d23) [PhysX] Initialized MultithreadedTaskDispatcher with 10 workers.
 -> (artifact id: '809f64b5934b5aeba12c2dc80a1915f8') in 0.007692 seconds
Number of updated asset objects reloaded before import = 0
Number of asset objects unloaded after import = 1
========================================================================
Received Import Request.
  Time since last request: 0.000074 seconds.
  path: Assets/ModernSupermarket/Models/Props/Products/MeatTray_qm4z4l/Textures/MeatTray_qm4z4l_mask.png
  artifactKey: Guid(0b4f1064dc2902a4387a7fb1339c66cc) Importer(2089858483,0ecaa5967403d082aa24f35e1b516d23)
Start importing Assets/ModernSupermarket/Models/Props/Products/MeatTray_qm4z4l/Textures/MeatTray_qm4z4l_mask.png using Guid(0b4f1064dc2902a4387a7fb1339c66cc) Importer(2089858483,0ecaa5967403d082aa24f35e1b516d23) [PhysX] Initialized MultithreadedTaskDispatcher with 10 workers.
 -> (artifact id: '784ac20d2029e54eaaf08aec1105e44a') in 0.005144 seconds
Number of updated asset objects reloaded before import = 0
Number of asset objects unloaded after import = 1
========================================================================
Received Import Request.
  Time since last request: 0.000080 seconds.
  path: Assets/ModernSupermarket/Models/Props/Products/Alcohol_ao62w4/Textures/Alcool_ao62w4_a.png
  artifactKey: Guid(f30b2a4c806593244a2922ed15a491e2) Importer(2089858483,0ecaa5967403d082aa24f35e1b516d23)
Start importing Assets/ModernSupermarket/Models/Props/Products/Alcohol_ao62w4/Textures/Alcool_ao62w4_a.png using Guid(f30b2a4c806593244a2922ed15a491e2) Importer(2089858483,0ecaa5967403d082aa24f35e1b516d23) [PhysX] Initialized MultithreadedTaskDispatcher with 10 workers.
 -> (artifact id: '16dee60da4213875b5fdd9f7ca3c66fd') in 0.005867 seconds
Number of updated asset objects reloaded before import = 0
Number of asset objects unloaded after import = 1
========================================================================
Received Import Request.
  Time since last request: 0.000041 seconds.
  path: Assets/ModernSupermarket/Models/Props/Products/Cereal_me9j99/Textures/Cereal_me9j99_a.png
  artifactKey: Guid(6288f6c5e519ffa43810eb6eb8afdcc3) Importer(2089858483,0ecaa5967403d082aa24f35e1b516d23)
Start importing Assets/ModernSupermarket/Models/Props/Products/Cereal_me9j99/Textures/Cereal_me9j99_a.png using Guid(6288f6c5e519ffa43810eb6eb8afdcc3) Importer(2089858483,0ecaa5967403d082aa24f35e1b516d23) [PhysX] Initialized MultithreadedTaskDispatcher with 10 workers.
 -> (artifact id: '9814041982e970c3c6144f6009597075') in 0.005408 seconds
Number of updated asset objects reloaded before import = 0
Number of asset objects unloaded after import = 1
========================================================================
Received Import Request.
  Time since last request: 0.000053 seconds.
  path: Assets/ModernSupermarket/Models/Props/Products/JuiceBrick_6ljfy3/Textures/JuiceBrick_6ljfy3_Var01_a.png
  artifactKey: Guid(69d9fb97bbdf95b418a424f1dbba63a7) Importer(2089858483,0ecaa5967403d082aa24f35e1b516d23)
Start importing Assets/ModernSupermarket/Models/Props/Products/JuiceBrick_6ljfy3/Textures/JuiceBrick_6ljfy3_Var01_a.png using Guid(69d9fb97bbdf95b418a424f1dbba63a7) Importer(2089858483,0ecaa5967403d082aa24f35e1b516d23) [PhysX] Initialized MultithreadedTaskDispatcher with 10 workers.
 -> (artifact id: 'fd1a6a66f2fd63db44eb4e99c33e3928') in 0.005357 seconds
Number of updated asset objects reloaded before import = 0
Number of asset objects unloaded after import = 1
========================================================================
Received Import Request.
  Time since last request: 0.000122 seconds.
  path: Assets/ModernSupermarket/Models/Props/Products/Cereal_me9j99/Textures/Cereal_me9j99_a_Var02.png
  artifactKey: Guid(3584e4a4c9f758c4d935d4579f2d244a) Importer(2089858483,0ecaa5967403d082aa24f35e1b516d23)
Start importing Assets/ModernSupermarket/Models/Props/Products/Cereal_me9j99/Textures/Cereal_me9j99_a_Var02.png using Guid(3584e4a4c9f758c4d935d4579f2d244a) Importer(2089858483,0ecaa5967403d082aa24f35e1b516d23) [PhysX] Initialized MultithreadedTaskDispatcher with 10 workers.
 -> (artifact id: 'b419a25568f0356e201dc3e2d5d8f6b7') in 0.005327 seconds
Number of updated asset objects reloaded before import = 0
Number of asset objects unloaded after import = 1
========================================================================
Received Import Request.
  Time since last request: 0.000059 seconds.
  path: Assets/ModernSupermarket/Models/Props/Products/Cleanser_o964qg/Textures/Cleanser_o964qg_Var02_a.png
  artifactKey: Guid(2d591a716699e3f46a145c9483d3d035) Importer(2089858483,0ecaa5967403d082aa24f35e1b516d23)
Start importing Assets/ModernSupermarket/Models/Props/Products/Cleanser_o964qg/Textures/Cleanser_o964qg_Var02_a.png using Guid(2d591a716699e3f46a145c9483d3d035) Importer(2089858483,0ecaa5967403d082aa24f35e1b516d23) [PhysX] Initialized MultithreadedTaskDispatcher with 10 workers.
 -> (artifact id: 'f6338b52312d7a53e653b86d1b42535a') in 0.008297 seconds
Number of updated asset objects reloaded before import = 0
Number of asset objects unloaded after import = 1
========================================================================
Received Import Request.
  Time since last request: 0.000057 seconds.
  path: Assets/ModernSupermarket/Models/Props/Produce/Pumpkin_hjtgsa/Textures/Pumpkin_hjtgsa_o.png
  artifactKey: Guid(a48757ac3f91c4e419522e1e84b8fae0) Importer(2089858483,0ecaa5967403d082aa24f35e1b516d23)
Start importing Assets/ModernSupermarket/Models/Props/Produce/Pumpkin_hjtgsa/Textures/Pumpkin_hjtgsa_o.png using Guid(a48757ac3f91c4e419522e1e84b8fae0) Importer(2089858483,0ecaa5967403d082aa24f35e1b516d23) [PhysX] Initialized MultithreadedTaskDispatcher with 10 workers.
 -> (artifact id: 'bf5722320792a9077c4cd12e47123d48') in 0.005693 seconds
Number of updated asset objects reloaded before import = 0
Number of asset objects unloaded after import = 1
========================================================================
Received Import Request.
  Time since last request: 0.000048 seconds.
  path: Assets/ModernSupermarket/Models/Props/Products/Bleach_c6nm2t/Textures/Can_Bleach_c6nm2t_o.png
  artifactKey: Guid(7de1ba0ca01469f4399e0183c58b729c) Importer(2089858483,0ecaa5967403d082aa24f35e1b516d23)
Start importing Assets/ModernSupermarket/Models/Props/Products/Bleach_c6nm2t/Textures/Can_Bleach_c6nm2t_o.png using Guid(7de1ba0ca01469f4399e0183c58b729c) Importer(2089858483,0ecaa5967403d082aa24f35e1b516d23) [PhysX] Initialized MultithreadedTaskDispatcher with 10 workers.
 -> (artifact id: '2f03c3cf18b1d30dfe93b3e24250280e') in 0.005449 seconds
Number of updated asset objects reloaded before import = 0
Number of asset objects unloaded after import = 1
========================================================================
Received Import Request.
  Time since last request: 0.000060 seconds.
  path: Assets/ModernSupermarket/Models/Props/Products/Cheese_bn26cq/Textures/Cheese_bn26cq_Var01_a.png
  artifactKey: Guid(5041006f02b18294da76a0edaee2730e) Importer(2089858483,0ecaa5967403d082aa24f35e1b516d23)
Start importing Assets/ModernSupermarket/Models/Props/Products/Cheese_bn26cq/Textures/Cheese_bn26cq_Var01_a.png using Guid(5041006f02b18294da76a0edaee2730e) Importer(2089858483,0ecaa5967403d082aa24f35e1b516d23) [PhysX] Initialized MultithreadedTaskDispatcher with 10 workers.
 -> (artifact id: 'b87cdce9deadda94b1666c9a68751e6d') in 0.005042 seconds
Number of updated asset objects reloaded before import = 0
Number of asset objects unloaded after import = 1
========================================================================
Received Import Request.
  Time since last request: 0.000103 seconds.
  path: Assets/ModernSupermarket/Models/Props/Products/Cream_jatl5h/Textures/Cream_jatl5h_a_Var01.png
  artifactKey: Guid(2955c0541fb9b8e469e32a02692b8a22) Importer(2089858483,0ecaa5967403d082aa24f35e1b516d23)
Start importing Assets/ModernSupermarket/Models/Props/Products/Cream_jatl5h/Textures/Cream_jatl5h_a_Var01.png using Guid(2955c0541fb9b8e469e32a02692b8a22) Importer(2089858483,0ecaa5967403d082aa24f35e1b516d23) [PhysX] Initialized MultithreadedTaskDispatcher with 10 workers.
 -> (artifact id: '848ac31d07dfaa28587afec6f29b2451') in 0.006062 seconds
Number of updated asset objects reloaded before import = 0
Number of asset objects unloaded after import = 1
========================================================================
Received Import Request.
  Time since last request: 0.000074 seconds.
  path: Assets/ModernSupermarket/Models/Props/Products/Ham_wplnxm/Textures/Ham_wplnxm_Var02_n.png
  artifactKey: Guid(6e1b9cc69a7ae72439c48d4da575a5d2) Importer(2089858483,0ecaa5967403d082aa24f35e1b516d23)
Start importing Assets/ModernSupermarket/Models/Props/Products/Ham_wplnxm/Textures/Ham_wplnxm_Var02_n.png using Guid(6e1b9cc69a7ae72439c48d4da575a5d2) Importer(2089858483,0ecaa5967403d082aa24f35e1b516d23) [PhysX] Initialized MultithreadedTaskDispatcher with 10 workers.
 -> (artifact id: '535b40699606895ed545560a9407171d') in 0.008811 seconds
Number of updated asset objects reloaded before import = 0
Number of asset objects unloaded after import = 1
========================================================================
Received Import Request.
  Time since last request: 0.000049 seconds.
  path: Assets/ModernSupermarket/Models/Props/Products/MeatTray_fbw8xf/Textures/MeatTray_fbw8xf_n.png
  artifactKey: Guid(df0354cc56da5754e8eaaecc1e3bf71e) Importer(2089858483,0ecaa5967403d082aa24f35e1b516d23)
Start importing Assets/ModernSupermarket/Models/Props/Products/MeatTray_fbw8xf/Textures/MeatTray_fbw8xf_n.png using Guid(df0354cc56da5754e8eaaecc1e3bf71e) Importer(2089858483,0ecaa5967403d082aa24f35e1b516d23) [PhysX] Initialized MultithreadedTaskDispatcher with 10 workers.
 -> (artifact id: 'd6b185fd174dfe140ac7d1ca1a46dd17') in 0.005145 seconds
Number of updated asset objects reloaded before import = 0
Number of asset objects unloaded after import = 1
========================================================================
Received Import Request.
  Time since last request: 0.000087 seconds.
  path: Assets/ModernSupermarket/Models/Props/Products/CandyPack_qkmq5d/Textures/CandyPack_qkmq5d_Var01_n.png
  artifactKey: Guid(6acaa9516e738554993a2d1b4bb05d01) Importer(2089858483,0ecaa5967403d082aa24f35e1b516d23)
Start importing Assets/ModernSupermarket/Models/Props/Products/CandyPack_qkmq5d/Textures/CandyPack_qkmq5d_Var01_n.png using Guid(6acaa9516e738554993a2d1b4bb05d01) Importer(2089858483,0ecaa5967403d082aa24f35e1b516d23) [PhysX] Initialized MultithreadedTaskDispatcher with 10 workers.
 -> (artifact id: '96bfa19acff1c4667a769be89628262d') in 0.005467 seconds
Number of updated asset objects reloaded before import = 0
Number of asset objects unloaded after import = 1
========================================================================
Received Import Request.
  Time since last request: 0.000114 seconds.
  path: Assets/ModernSupermarket/Models/Props/Products/FrozenPack_xp713y/Textures/FrozenPack_xp713y_o.png
  artifactKey: Guid(c8f874cd5a59f2f4f9a51ab91f566c2a) Importer(2089858483,0ecaa5967403d082aa24f35e1b516d23)
Start importing Assets/ModernSupermarket/Models/Props/Products/FrozenPack_xp713y/Textures/FrozenPack_xp713y_o.png using Guid(c8f874cd5a59f2f4f9a51ab91f566c2a) Importer(2089858483,0ecaa5967403d082aa24f35e1b516d23) [PhysX] Initialized MultithreadedTaskDispatcher with 10 workers.
 -> (artifact id: 'dd71d6de619a1d5da67146c238bd12b9') in 0.004825 seconds
Number of updated asset objects reloaded before import = 0
Number of asset objects unloaded after import = 1
========================================================================
Received Import Request.
  Time since last request: 0.000127 seconds.
  path: Assets/ModernSupermarket/Models/Props/Products/BeerPack_74mugc/Textures/BeerPack_74mugc_Var02_a.png
  artifactKey: Guid(8be89673516735643a899200f4b8bac4) Importer(2089858483,0ecaa5967403d082aa24f35e1b516d23)
Start importing Assets/ModernSupermarket/Models/Props/Products/BeerPack_74mugc/Textures/BeerPack_74mugc_Var02_a.png using Guid(8be89673516735643a899200f4b8bac4) Importer(2089858483,0ecaa5967403d082aa24f35e1b516d23) [PhysX] Initialized MultithreadedTaskDispatcher with 10 workers.
 -> (artifact id: '8026cf1b047664834347974a926fcc26') in 0.005723 seconds
Number of updated asset objects reloaded before import = 0
Number of asset objects unloaded after import = 1
========================================================================
Received Import Request.
  Time since last request: 0.000136 seconds.
  path: Assets/ModernSupermarket/Models/Props/Products/EggBox4x_nbzek2/Textures/EggBox4x_nbzek2_a.png
  artifactKey: Guid(0ccd15f872e63a44aa86c0f039c5c773) Importer(2089858483,0ecaa5967403d082aa24f35e1b516d23)
Start importing Assets/ModernSupermarket/Models/Props/Products/EggBox4x_nbzek2/Textures/EggBox4x_nbzek2_a.png using Guid(0ccd15f872e63a44aa86c0f039c5c773) Importer(2089858483,0ecaa5967403d082aa24f35e1b516d23) [PhysX] Initialized MultithreadedTaskDispatcher with 10 workers.
 -> (artifact id: '2044e6ef467c0b217a6896a28e1f2572') in 0.007581 seconds
Number of updated asset objects reloaded before import = 0
Number of asset objects unloaded after import = 1
========================================================================
Received Import Request.
  Time since last request: 0.000053 seconds.
  path: Assets/ModernSupermarket/Models/Props/Products/MeatTray_qm4z4l/Textures/MeatTray_qm4z4l_Meat_n.png
  artifactKey: Guid(f35cb162f993b8a4dbe581ddd937fbb0) Importer(2089858483,0ecaa5967403d082aa24f35e1b516d23)
Start importing Assets/ModernSupermarket/Models/Props/Products/MeatTray_qm4z4l/Textures/MeatTray_qm4z4l_Meat_n.png using Guid(f35cb162f993b8a4dbe581ddd937fbb0) Importer(2089858483,0ecaa5967403d082aa24f35e1b516d23) [PhysX] Initialized MultithreadedTaskDispatcher with 10 workers.
 -> (artifact id: '1f20150828657a76582ff956e095b07a') in 0.005057 seconds
Number of updated asset objects reloaded before import = 0
Number of asset objects unloaded after import = 1
========================================================================
Received Import Request.
  Time since last request: 0.000062 seconds.
  path: Assets/ModernSupermarket/Models/Props/Products/MeatTray_bbcwdq/Textures/MeatTray_qm4z4l_mask.png
  artifactKey: Guid(857c102d755a1dd4c831ddd1ebf253ec) Importer(2089858483,0ecaa5967403d082aa24f35e1b516d23)
Start importing Assets/ModernSupermarket/Models/Props/Products/MeatTray_bbcwdq/Textures/MeatTray_qm4z4l_mask.png using Guid(857c102d755a1dd4c831ddd1ebf253ec) Importer(2089858483,0ecaa5967403d082aa24f35e1b516d23) [PhysX] Initialized MultithreadedTaskDispatcher with 10 workers.
 -> (artifact id: '5945d4713a0a3214033c32ea762af579') in 0.004609 seconds
Number of updated asset objects reloaded before import = 0
Number of asset objects unloaded after import = 1
========================================================================
Received Import Request.
  Time since last request: 0.000084 seconds.
  path: Assets/ModernSupermarket/Models/Props/Products/Beer_lryra7/Textures/BeerBottle_fdde0u_Var01_a.png
  artifactKey: Guid(85fbfbe522dc62a49a226cc9c94b9a5b) Importer(2089858483,0ecaa5967403d082aa24f35e1b516d23)
Start importing Assets/ModernSupermarket/Models/Props/Products/Beer_lryra7/Textures/BeerBottle_fdde0u_Var01_a.png using Guid(85fbfbe522dc62a49a226cc9c94b9a5b) Importer(2089858483,0ecaa5967403d082aa24f35e1b516d23) [PhysX] Initialized MultithreadedTaskDispatcher with 10 workers.
 -> (artifact id: '0e35af7e8151c459e453326c059fa7f2') in 0.005062 seconds
Number of updated asset objects reloaded before import = 0
Number of asset objects unloaded after import = 1
========================================================================
Received Import Request.
  Time since last request: 0.000069 seconds.
  path: Assets/ModernSupermarket/Models/Props/Products/FrozenPack_t7wenh/Textures/FrozenPack_t7wenh_Var05_a.png
  artifactKey: Guid(4daa6876d71bd914c810977a6319e285) Importer(2089858483,0ecaa5967403d082aa24f35e1b516d23)
Start importing Assets/ModernSupermarket/Models/Props/Products/FrozenPack_t7wenh/Textures/FrozenPack_t7wenh_Var05_a.png using Guid(4daa6876d71bd914c810977a6319e285) Importer(2089858483,0ecaa5967403d082aa24f35e1b516d23) [PhysX] Initialized MultithreadedTaskDispatcher with 10 workers.
 -> (artifact id: '9e9d6508c91a75d948dbe35a64e6d955') in 0.005001 seconds
Number of updated asset objects reloaded before import = 0
Number of asset objects unloaded after import = 1
========================================================================
Received Import Request.
  Time since last request: 0.000131 seconds.
  path: Assets/ModernSupermarket/Models/Props/Products/Decoration_q1fmhj/Textures/Decoration_q1fmhj_m.png
  artifactKey: Guid(edc2d9ae86e445341a94ad41be5dddc5) Importer(2089858483,0ecaa5967403d082aa24f35e1b516d23)
Start importing Assets/ModernSupermarket/Models/Props/Products/Decoration_q1fmhj/Textures/Decoration_q1fmhj_m.png using Guid(edc2d9ae86e445341a94ad41be5dddc5) Importer(2089858483,0ecaa5967403d082aa24f35e1b516d23) [PhysX] Initialized MultithreadedTaskDispatcher with 10 workers.
 -> (artifact id: '96d64c3afb1d207dc6bbeb0f01a834af') in 0.005773 seconds
Number of updated asset objects reloaded before import = 0
Number of asset objects unloaded after import = 1
========================================================================
Received Import Request.
  Time since last request: 0.000083 seconds.
  path: Assets/ModernSupermarket/Models/Props/Products/Alcohol_ao62w4/Textures/Alcool_ao62w4_o_Var01.png
  artifactKey: Guid(94e078b4b0ef16646bdf4c957ed01d8e) Importer(2089858483,0ecaa5967403d082aa24f35e1b516d23)
Start importing Assets/ModernSupermarket/Models/Props/Products/Alcohol_ao62w4/Textures/Alcool_ao62w4_o_Var01.png using Guid(94e078b4b0ef16646bdf4c957ed01d8e) Importer(2089858483,0ecaa5967403d082aa24f35e1b516d23) [PhysX] Initialized MultithreadedTaskDispatcher with 10 workers.
 -> (artifact id: '621ee25e32a33cfc6d82f0d663b08e5a') in 0.007783 seconds
Number of updated asset objects reloaded before import = 0
Number of asset objects unloaded after import = 1
========================================================================
Received Import Request.
  Time since last request: 0.000066 seconds.
  path: Assets/ModernSupermarket/Models/Props/Products/Cheese_ipc281/Textures/Cheese_ipc281_Var01_a.png
  artifactKey: Guid(af9de6aa34c7b2449903954f7bbe6927) Importer(2089858483,0ecaa5967403d082aa24f35e1b516d23)
Start importing Assets/ModernSupermarket/Models/Props/Products/Cheese_ipc281/Textures/Cheese_ipc281_Var01_a.png using Guid(af9de6aa34c7b2449903954f7bbe6927) Importer(2089858483,0ecaa5967403d082aa24f35e1b516d23) [PhysX] Initialized MultithreadedTaskDispatcher with 10 workers.
 -> (artifact id: '21a6b788847d6657b192789112ed1ce6') in 0.005086 seconds
Number of updated asset objects reloaded before import = 0
Number of asset objects unloaded after import = 1
========================================================================
Received Import Request.
  Time since last request: 0.000080 seconds.
  path: Assets/ModernSupermarket/Models/Props/Products/CrabSticks_mu7h0i/Textures/CrabSticks_mu7h0i_a.png
  artifactKey: Guid(2901eb5fb57d24045a9721e65663022b) Importer(2089858483,0ecaa5967403d082aa24f35e1b516d23)
Start importing Assets/ModernSupermarket/Models/Props/Products/CrabSticks_mu7h0i/Textures/CrabSticks_mu7h0i_a.png using Guid(2901eb5fb57d24045a9721e65663022b) Importer(2089858483,0ecaa5967403d082aa24f35e1b516d23) [PhysX] Initialized MultithreadedTaskDispatcher with 10 workers.
 -> (artifact id: 'c70ce76d6e9f3661b3b76679f8fbca5d') in 0.005282 seconds
Number of updated asset objects reloaded before import = 0
Number of asset objects unloaded after import = 1
========================================================================
Received Import Request.
  Time since last request: 0.000105 seconds.
  path: Assets/ModernSupermarket/Models/Props/Produce/Pineapple_c1vx80/Textures/Pineapple_c1vx80_n.png
  artifactKey: Guid(14c9242f0043b84418d3a862445db171) Importer(2089858483,0ecaa5967403d082aa24f35e1b516d23)
Start importing Assets/ModernSupermarket/Models/Props/Produce/Pineapple_c1vx80/Textures/Pineapple_c1vx80_n.png using Guid(14c9242f0043b84418d3a862445db171) Importer(2089858483,0ecaa5967403d082aa24f35e1b516d23) [PhysX] Initialized MultithreadedTaskDispatcher with 10 workers.
 -> (artifact id: '34ca1436ffda674d45eb7ac776afd084') in 0.005653 seconds
Number of updated asset objects reloaded before import = 0
Number of asset objects unloaded after import = 1
========================================================================
Received Import Request.
  Time since last request: 0.000099 seconds.
  path: Assets/ModernSupermarket/Models/Props/Products/CandyPack_qkmq5d/Textures/CandyPack_qkmq5d_Var01_m.png
  artifactKey: Guid(f3bb1963464db154a8d4bb634b848414) Importer(2089858483,0ecaa5967403d082aa24f35e1b516d23)
Start importing Assets/ModernSupermarket/Models/Props/Products/CandyPack_qkmq5d/Textures/CandyPack_qkmq5d_Var01_m.png using Guid(f3bb1963464db154a8d4bb634b848414) Importer(2089858483,0ecaa5967403d082aa24f35e1b516d23) [PhysX] Initialized MultithreadedTaskDispatcher with 10 workers.
 -> (artifact id: 'e3545c02efe992defddae06125aef866') in 0.005224 seconds
Number of updated asset objects reloaded before import = 0
Number of asset objects unloaded after import = 1
========================================================================
Received Import Request.
  Time since last request: 0.000067 seconds.
  path: Assets/ModernSupermarket/Models/Props/Products/Chicken_ozj6pn/Textures/Chicken_ozj6pn_o.png
  artifactKey: Guid(5eea8559ea0250a409a5bd9525c92af7) Importer(2089858483,0ecaa5967403d082aa24f35e1b516d23)
Start importing Assets/ModernSupermarket/Models/Props/Products/Chicken_ozj6pn/Textures/Chicken_ozj6pn_o.png using Guid(5eea8559ea0250a409a5bd9525c92af7) Importer(2089858483,0ecaa5967403d082aa24f35e1b516d23) [PhysX] Initialized MultithreadedTaskDispatcher with 10 workers.
 -> (artifact id: '7b15dfc0c6ea6514cc5124b61e343c6b') in 0.008099 seconds
Number of updated asset objects reloaded before import = 0
Number of asset objects unloaded after import = 1
========================================================================
Received Import Request.
  Time since last request: 0.000059 seconds.
  path: Assets/ModernSupermarket/Models/Props/Products/Alcohol_ao62w4/Textures/Alcool_ao62w4_m.png
  artifactKey: Guid(63f9d819e8b7b4f469c31dff6fc6ddc0) Importer(2089858483,0ecaa5967403d082aa24f35e1b516d23)
Start importing Assets/ModernSupermarket/Models/Props/Products/Alcohol_ao62w4/Textures/Alcool_ao62w4_m.png using Guid(63f9d819e8b7b4f469c31dff6fc6ddc0) Importer(2089858483,0ecaa5967403d082aa24f35e1b516d23) [PhysX] Initialized MultithreadedTaskDispatcher with 10 workers.
 -> (artifact id: 'ed18fa109a7665ce5585121bf292cafe') in 0.005495 seconds
Number of updated asset objects reloaded before import = 0
Number of asset objects unloaded after import = 1
========================================================================
Received Import Request.
  Time since last request: 0.000094 seconds.
  path: Assets/ModernSupermarket/Models/Props/Products/Cheese_dx1ygk/Textures/Cheese_dx1ygk_a.png
  artifactKey: Guid(510985ac7262e2a498c4166c8526e124) Importer(2089858483,0ecaa5967403d082aa24f35e1b516d23)
Start importing Assets/ModernSupermarket/Models/Props/Products/Cheese_dx1ygk/Textures/Cheese_dx1ygk_a.png using Guid(510985ac7262e2a498c4166c8526e124) Importer(2089858483,0ecaa5967403d082aa24f35e1b516d23) [PhysX] Initialized MultithreadedTaskDispatcher with 10 workers.
 -> (artifact id: 'e203dfc31f155c4238bd0a091b42254c') in 0.005004 seconds
Number of updated asset objects reloaded before import = 0
Number of asset objects unloaded after import = 1
========================================================================
Received Import Request.
  Time since last request: 0.000080 seconds.
  path: Assets/ModernSupermarket/Models/Props/Products/MeatTray_fbw8xf/Textures/MeatTray_fbw8xf_mask.png
  artifactKey: Guid(4a96eddbc8eb9e249aecbf0ce772ceaa) Importer(2089858483,0ecaa5967403d082aa24f35e1b516d23)
Start importing Assets/ModernSupermarket/Models/Props/Products/MeatTray_fbw8xf/Textures/MeatTray_fbw8xf_mask.png using Guid(4a96eddbc8eb9e249aecbf0ce772ceaa) Importer(2089858483,0ecaa5967403d082aa24f35e1b516d23) [PhysX] Initialized MultithreadedTaskDispatcher with 10 workers.
 -> (artifact id: '6afe08aa921183744dd87c0d5742c2d7') in 0.004872 seconds
Number of updated asset objects reloaded before import = 0
Number of asset objects unloaded after import = 1
========================================================================
Received Import Request.
  Time since last request: 0.000087 seconds.
  path: Assets/ModernSupermarket/Models/Props/Products/BeerKeg_byk96e/Textures/BeerKeg_byk96e_n.png
  artifactKey: Guid(c47d02d70acf97042b4a855b4b7ca178) Importer(2089858483,0ecaa5967403d082aa24f35e1b516d23)
Start importing Assets/ModernSupermarket/Models/Props/Products/BeerKeg_byk96e/Textures/BeerKeg_byk96e_n.png using Guid(c47d02d70acf97042b4a855b4b7ca178) Importer(2089858483,0ecaa5967403d082aa24f35e1b516d23) [PhysX] Initialized MultithreadedTaskDispatcher with 10 workers.
 -> (artifact id: '356d9edb8f65a090feaa60a5fe4121ed') in 0.005583 seconds
Number of updated asset objects reloaded before import = 0
Number of asset objects unloaded after import = 1
========================================================================
Received Import Request.
  Time since last request: 0.000070 seconds.
  path: Assets/ModernSupermarket/Models/Props/Products/Beer_lryra7/Textures/BeerBottle_fdde0u_o.png
  artifactKey: Guid(e83783cffdaf235488456a948e19bfc7) Importer(2089858483,0ecaa5967403d082aa24f35e1b516d23)
Start importing Assets/ModernSupermarket/Models/Props/Products/Beer_lryra7/Textures/BeerBottle_fdde0u_o.png using Guid(e83783cffdaf235488456a948e19bfc7) Importer(2089858483,0ecaa5967403d082aa24f35e1b516d23) [PhysX] Initialized MultithreadedTaskDispatcher with 10 workers.
 -> (artifact id: '5f15979173c3a9fbef8a089f200a3c1d') in 0.007738 seconds
Number of updated asset objects reloaded before import = 0
Number of asset objects unloaded after import = 1
========================================================================
Received Import Request.
  Time since last request: 0.000056 seconds.
  path: Assets/ModernSupermarket/Models/Props/Products/Cleanser_o964qg/Textures/Cleanser_o964qg_n.png
  artifactKey: Guid(c491e67f834653f4688c7e10d2d7387f) Importer(2089858483,0ecaa5967403d082aa24f35e1b516d23)
Start importing Assets/ModernSupermarket/Models/Props/Products/Cleanser_o964qg/Textures/Cleanser_o964qg_n.png using Guid(c491e67f834653f4688c7e10d2d7387f) Importer(2089858483,0ecaa5967403d082aa24f35e1b516d23) [PhysX] Initialized MultithreadedTaskDispatcher with 10 workers.
 -> (artifact id: '61a6a49499506642bbb70c15d8afa37f') in 0.006034 seconds
Number of updated asset objects reloaded before import = 0
Number of asset objects unloaded after import = 1
========================================================================
Received Import Request.
  Time since last request: 0.000073 seconds.
  path: Assets/ModernSupermarket/Models/Props/Products/Bag_s45li3/Textures/Bag_s45li3_Var01_n.png
  artifactKey: Guid(c814dab36a5a05645923eb9e5af85ca0) Importer(2089858483,0ecaa5967403d082aa24f35e1b516d23)
Start importing Assets/ModernSupermarket/Models/Props/Products/Bag_s45li3/Textures/Bag_s45li3_Var01_n.png using Guid(c814dab36a5a05645923eb9e5af85ca0) Importer(2089858483,0ecaa5967403d082aa24f35e1b516d23) [PhysX] Initialized MultithreadedTaskDispatcher with 10 workers.
 -> (artifact id: 'a098eef95366df610a6e5b01212e6d31') in 0.005891 seconds
Number of updated asset objects reloaded before import = 0
Number of asset objects unloaded after import = 1
========================================================================
Received Import Request.
  Time since last request: 0.000061 seconds.
  path: Assets/ModernSupermarket/Models/Props/Products/CansPack_f98qxo/Textures/CansPack_f98qxo_n.png
  artifactKey: Guid(9d564e2459823134aab1be408e498752) Importer(2089858483,0ecaa5967403d082aa24f35e1b516d23)
Start importing Assets/ModernSupermarket/Models/Props/Products/CansPack_f98qxo/Textures/CansPack_f98qxo_n.png using Guid(9d564e2459823134aab1be408e498752) Importer(2089858483,0ecaa5967403d082aa24f35e1b516d23) [PhysX] Initialized MultithreadedTaskDispatcher with 10 workers.
 -> (artifact id: 'cfa98cf46baec114260b88b27c6e8782') in 0.005891 seconds
Number of updated asset objects reloaded before import = 0
Number of asset objects unloaded after import = 1
========================================================================
Received Import Request.
  Time since last request: 0.000190 seconds.
  path: Assets/ModernSupermarket/Models/Props/Products/CansPack_f98qxo/Textures/CansPack_f98qxo_Var01_a.png
  artifactKey: Guid(e6b0649548adb6c45a2ed4137500d808) Importer(2089858483,0ecaa5967403d082aa24f35e1b516d23)
Start importing Assets/ModernSupermarket/Models/Props/Products/CansPack_f98qxo/Textures/CansPack_f98qxo_Var01_a.png using Guid(e6b0649548adb6c45a2ed4137500d808) Importer(2089858483,0ecaa5967403d082aa24f35e1b516d23) [PhysX] Initialized MultithreadedTaskDispatcher with 10 workers.
 -> (artifact id: '44f8694639d305501c3e763321681f20') in 0.005751 seconds
Number of updated asset objects reloaded before import = 0
Number of asset objects unloaded after import = 1
========================================================================
Received Import Request.
  Time since last request: 0.000061 seconds.
  path: Assets/ModernSupermarket/Models/Props/Products/EggBox12x_7zw3j2/Textures/EggBox12x_7zw3j2_mask.png
  artifactKey: Guid(c40e0ef31c98f554f988e9cd8bf64185) Importer(2089858483,0ecaa5967403d082aa24f35e1b516d23)
Start importing Assets/ModernSupermarket/Models/Props/Products/EggBox12x_7zw3j2/Textures/EggBox12x_7zw3j2_mask.png using Guid(c40e0ef31c98f554f988e9cd8bf64185) Importer(2089858483,0ecaa5967403d082aa24f35e1b516d23) [PhysX] Initialized MultithreadedTaskDispatcher with 10 workers.
 -> (artifact id: 'd1807e445f5966d4d294c9dbd4521fec') in 0.004876 seconds
Number of updated asset objects reloaded before import = 0
Number of asset objects unloaded after import = 1
========================================================================
Received Import Request.
  Time since last request: 0.000052 seconds.
  path: Assets/ModernSupermarket/Models/Props/Products/Bleach_c6nm2t/Textures/Can_Bleach_c6nm2t_a.png
  artifactKey: Guid(38127c28abc773249a247679792e1e92) Importer(2089858483,0ecaa5967403d082aa24f35e1b516d23)
Start importing Assets/ModernSupermarket/Models/Props/Products/Bleach_c6nm2t/Textures/Can_Bleach_c6nm2t_a.png using Guid(38127c28abc773249a247679792e1e92) Importer(2089858483,0ecaa5967403d082aa24f35e1b516d23) [PhysX] Initialized MultithreadedTaskDispatcher with 10 workers.
 -> (artifact id: '1afe83a2874f5db927f9cf57bb6bccb2') in 0.007782 seconds
Number of updated asset objects reloaded before import = 0
Number of asset objects unloaded after import = 1
========================================================================
Received Import Request.
  Time since last request: 0.000062 seconds.
  path: Assets/ModernSupermarket/Models/Props/Products/Flour_ckgfmu/Textures/FlourPack_ckgfmu_o.png
  artifactKey: Guid(2f735b372bf479d429922ce80a620021) Importer(2089858483,0ecaa5967403d082aa24f35e1b516d23)
Start importing Assets/ModernSupermarket/Models/Props/Products/Flour_ckgfmu/Textures/FlourPack_ckgfmu_o.png using Guid(2f735b372bf479d429922ce80a620021) Importer(2089858483,0ecaa5967403d082aa24f35e1b516d23) [PhysX] Initialized MultithreadedTaskDispatcher with 10 workers.
 -> (artifact id: '7319d4a141c8bb3e037a2f0937e984c9') in 0.005509 seconds
Number of updated asset objects reloaded before import = 0
Number of asset objects unloaded after import = 1
========================================================================
Received Import Request.
  Time since last request: 0.000087 seconds.
  path: Assets/ModernSupermarket/Models/Props/Products/EggBox12x_7zw3j2/Textures/EggBox12x_7zw3j2_n.png
  artifactKey: Guid(e523a881a80b09e409ca9d5e2aa40864) Importer(2089858483,0ecaa5967403d082aa24f35e1b516d23)
Start importing Assets/ModernSupermarket/Models/Props/Products/EggBox12x_7zw3j2/Textures/EggBox12x_7zw3j2_n.png using Guid(e523a881a80b09e409ca9d5e2aa40864) Importer(2089858483,0ecaa5967403d082aa24f35e1b516d23) [PhysX] Initialized MultithreadedTaskDispatcher with 10 workers.
 -> (artifact id: '6b9ee7c7d70b6f7477168fcdbf5ac278') in 0.005632 seconds
Number of updated asset objects reloaded before import = 0
Number of asset objects unloaded after import = 1
========================================================================
Received Import Request.
  Time since last request: 0.000079 seconds.
  path: Assets/ModernSupermarket/Models/Props/Products/MeatTray_fbw8xf/Textures/MeatTray_fbw8xf_o.png
  artifactKey: Guid(0fc0eeb7387f01a4b97f7942eee81ac8) Importer(2089858483,0ecaa5967403d082aa24f35e1b516d23)
Start importing Assets/ModernSupermarket/Models/Props/Products/MeatTray_fbw8xf/Textures/MeatTray_fbw8xf_o.png using Guid(0fc0eeb7387f01a4b97f7942eee81ac8) Importer(2089858483,0ecaa5967403d082aa24f35e1b516d23) [PhysX] Initialized MultithreadedTaskDispatcher with 10 workers.
 -> (artifact id: '9b976edfc9ffb0df345561894c2dbab9') in 0.004877 seconds
Number of updated asset objects reloaded before import = 0
Number of asset objects unloaded after import = 1
========================================================================
Received Import Request.
  Time since last request: 0.000069 seconds.
  path: Assets/ModernSupermarket/Models/Props/Products/Cake_p6lebj/Textures/BoxCake_p6lebj_Var01.png
  artifactKey: Guid(ad8df3f06a51f8c4db5fc988d0162c2c) Importer(2089858483,0ecaa5967403d082aa24f35e1b516d23)
Start importing Assets/ModernSupermarket/Models/Props/Products/Cake_p6lebj/Textures/BoxCake_p6lebj_Var01.png using Guid(ad8df3f06a51f8c4db5fc988d0162c2c) Importer(2089858483,0ecaa5967403d082aa24f35e1b516d23) [PhysX] Initialized MultithreadedTaskDispatcher with 10 workers.
 -> (artifact id: 'a4b9b6b16050b133dfd4cdefd69f11eb') in 0.004730 seconds
Number of updated asset objects reloaded before import = 0
Number of asset objects unloaded after import = 1
========================================================================
Received Import Request.
  Time since last request: 0.000079 seconds.
  path: Assets/ModernSupermarket/Models/Props/Products/Alcohol_eoojba/Textures/Whisky_eoojba_m.png
  artifactKey: Guid(de2b2fc0b26378f4daa681bea1e4826c) Importer(2089858483,0ecaa5967403d082aa24f35e1b516d23)
Start importing Assets/ModernSupermarket/Models/Props/Products/Alcohol_eoojba/Textures/Whisky_eoojba_m.png using Guid(de2b2fc0b26378f4daa681bea1e4826c) Importer(2089858483,0ecaa5967403d082aa24f35e1b516d23) [PhysX] Initialized MultithreadedTaskDispatcher with 10 workers.
 -> (artifact id: 'b5bb3a03fdba8e294bf47867093c933d') in 0.007659 seconds
Number of updated asset objects reloaded before import = 0
Number of asset objects unloaded after import = 1
========================================================================
Received Import Request.
  Time since last request: 0.000129 seconds.
  path: Assets/ModernSupermarket/Models/Props/Products/BeerPack_74mugc/Textures/BeerPack_74mugc_Var01_a.png
  artifactKey: Guid(1b6b87ef1c1ff264db27b10d02b81275) Importer(2089858483,0ecaa5967403d082aa24f35e1b516d23)
Start importing Assets/ModernSupermarket/Models/Props/Products/BeerPack_74mugc/Textures/BeerPack_74mugc_Var01_a.png using Guid(1b6b87ef1c1ff264db27b10d02b81275) Importer(2089858483,0ecaa5967403d082aa24f35e1b516d23) [PhysX] Initialized MultithreadedTaskDispatcher with 10 workers.
 -> (artifact id: '6a923beec5c1f7e0651c2560dd82f33c') in 0.005530 seconds
Number of updated asset objects reloaded before import = 0
Number of asset objects unloaded after import = 1
========================================================================
Received Import Request.
  Time since last request: 0.000096 seconds.
  path: Assets/ModernSupermarket/Models/Props/Products/Capsule_rk7lsf/Textures/Capsule_rk7lsf_n.png
  artifactKey: Guid(7dae78788fc90a749b63b35ab578ba4d) Importer(2089858483,0ecaa5967403d082aa24f35e1b516d23)
Start importing Assets/ModernSupermarket/Models/Props/Products/Capsule_rk7lsf/Textures/Capsule_rk7lsf_n.png using Guid(7dae78788fc90a749b63b35ab578ba4d) Importer(2089858483,0ecaa5967403d082aa24f35e1b516d23) [PhysX] Initialized MultithreadedTaskDispatcher with 10 workers.
 -> (artifact id: '8acec4993bd65d06fd4b5dbc14d5b872') in 0.006017 seconds
Number of updated asset objects reloaded before import = 0
Number of asset objects unloaded after import = 1
========================================================================
Received Import Request.
  Time since last request: 0.000053 seconds.
  path: Assets/ModernSupermarket/Models/Props/Products/MilkBrick_e8foxc/Textures/MilkBrick_e8foxc_o.png
  artifactKey: Guid(8f2683cd8d0760746b0ac776fd4ae379) Importer(2089858483,0ecaa5967403d082aa24f35e1b516d23)
Start importing Assets/ModernSupermarket/Models/Props/Products/MilkBrick_e8foxc/Textures/MilkBrick_e8foxc_o.png using Guid(8f2683cd8d0760746b0ac776fd4ae379) Importer(2089858483,0ecaa5967403d082aa24f35e1b516d23) [PhysX] Initialized MultithreadedTaskDispatcher with 10 workers.
 -> (artifact id: 'a4bb830087a382adcb1172be3054d620') in 0.005286 seconds
Number of updated asset objects reloaded before import = 0
Number of asset objects unloaded after import = 1
========================================================================
Received Import Request.
  Time since last request: 0.000061 seconds.
  path: Assets/ModernSupermarket/Models/Props/Products/MashPotatoe_3n44xc/Textures/MashPotatoe_3n44xc_a.png
  artifactKey: Guid(87670d66a2d33224585d2c19da0ae2ab) Importer(2089858483,0ecaa5967403d082aa24f35e1b516d23)
Start importing Assets/ModernSupermarket/Models/Props/Products/MashPotatoe_3n44xc/Textures/MashPotatoe_3n44xc_a.png using Guid(87670d66a2d33224585d2c19da0ae2ab) Importer(2089858483,0ecaa5967403d082aa24f35e1b516d23) [PhysX] Initialized MultithreadedTaskDispatcher with 10 workers.
 -> (artifact id: 'f2d87c8439445620a8d1fe3ab2d46b71') in 0.005136 seconds
Number of updated asset objects reloaded before import = 0
Number of asset objects unloaded after import = 1
========================================================================
Received Import Request.
  Time since last request: 0.000056 seconds.
  path: Assets/ModernSupermarket/Models/Props/Products/FrozenPack_xp713y/Textures/FrozenPack_xp713y.png
  artifactKey: Guid(6196505357b2d0945b5dfc4efa037c98) Importer(2089858483,0ecaa5967403d082aa24f35e1b516d23)
Start importing Assets/ModernSupermarket/Models/Props/Products/FrozenPack_xp713y/Textures/FrozenPack_xp713y.png using Guid(6196505357b2d0945b5dfc4efa037c98) Importer(2089858483,0ecaa5967403d082aa24f35e1b516d23) [PhysX] Initialized MultithreadedTaskDispatcher with 10 workers.
 -> (artifact id: 'a859212b63f67242391ee84d348b2f6c') in 0.007359 seconds
Number of updated asset objects reloaded before import = 0
Number of asset objects unloaded after import = 1
========================================================================
Received Import Request.
  Time since last request: 0.000114 seconds.
  path: Assets/ModernSupermarket/Models/Props/Products/Cleanser_o964qg/Textures/Cleanser_o964qg_a.png
  artifactKey: Guid(222fb7e02ef62a94897723fcf623746d) Importer(2089858483,0ecaa5967403d082aa24f35e1b516d23)
Start importing Assets/ModernSupermarket/Models/Props/Products/Cleanser_o964qg/Textures/Cleanser_o964qg_a.png using Guid(222fb7e02ef62a94897723fcf623746d) Importer(2089858483,0ecaa5967403d082aa24f35e1b516d23) [PhysX] Initialized MultithreadedTaskDispatcher with 10 workers.
 -> (artifact id: 'fcd331456d64001528d35a1a31504be4') in 0.005863 seconds
Number of updated asset objects reloaded before import = 0
Number of asset objects unloaded after import = 1
========================================================================
Received Import Request.
  Time since last request: 0.000079 seconds.
  path: Assets/ModernSupermarket/Models/Props/Products/Chips_w4tja8/Textures/Chips_w4tja8_Var02_a.png
  artifactKey: Guid(58dffccf473c6bd4d8f93a8d9c526459) Importer(2089858483,0ecaa5967403d082aa24f35e1b516d23)
Start importing Assets/ModernSupermarket/Models/Props/Products/Chips_w4tja8/Textures/Chips_w4tja8_Var02_a.png using Guid(58dffccf473c6bd4d8f93a8d9c526459) Importer(2089858483,0ecaa5967403d082aa24f35e1b516d23) [PhysX] Initialized MultithreadedTaskDispatcher with 10 workers.
 -> (artifact id: 'c4aead59f976fa7a4ce6563c005175c1') in 0.005885 seconds
Number of updated asset objects reloaded before import = 0
Number of asset objects unloaded after import = 1
========================================================================
Received Import Request.
  Time since last request: 0.000047 seconds.
  path: Assets/ModernSupermarket/Models/Props/Products/Alcohol_qi7uqvr/Textures/Alcohol_qi7uqv_o.png
  artifactKey: Guid(e8b3a3fd007b6fd469b505f0a144585a) Importer(2089858483,0ecaa5967403d082aa24f35e1b516d23)
Start importing Assets/ModernSupermarket/Models/Props/Products/Alcohol_qi7uqvr/Textures/Alcohol_qi7uqv_o.png using Guid(e8b3a3fd007b6fd469b505f0a144585a) Importer(2089858483,0ecaa5967403d082aa24f35e1b516d23) [PhysX] Initialized MultithreadedTaskDispatcher with 10 workers.
 -> (artifact id: '5ff2afae8f8f74938edff394297068fa') in 0.005002 seconds
Number of updated asset objects reloaded before import = 0
Number of asset objects unloaded after import = 1
========================================================================
Received Import Request.
  Time since last request: 0.000064 seconds.
  path: Assets/ModernSupermarket/Models/Props/Products/Ham_wplnxm/Textures/Ham_wplnxm_Var01_n.png
  artifactKey: Guid(b5d72ba878d4f094f947ed9c8f144bf9) Importer(2089858483,0ecaa5967403d082aa24f35e1b516d23)
Start importing Assets/ModernSupermarket/Models/Props/Products/Ham_wplnxm/Textures/Ham_wplnxm_Var01_n.png using Guid(b5d72ba878d4f094f947ed9c8f144bf9) Importer(2089858483,0ecaa5967403d082aa24f35e1b516d23) [PhysX] Initialized MultithreadedTaskDispatcher with 10 workers.
 -> (artifact id: 'd192dadddca3a33740925a5bec8f3949') in 0.005348 seconds
Number of updated asset objects reloaded before import = 0
Number of asset objects unloaded after import = 1
========================================================================
Received Import Request.
  Time since last request: 0.000054 seconds.
  path: Assets/ModernSupermarket/Models/Props/Products/Coffee_5uj6zk/Textures/Coffee_5uj6zk_o.png
  artifactKey: Guid(7c994cc816aa2164ca9bf1ee7cd7c40c) Importer(2089858483,0ecaa5967403d082aa24f35e1b516d23)
Start importing Assets/ModernSupermarket/Models/Props/Products/Coffee_5uj6zk/Textures/Coffee_5uj6zk_o.png using Guid(7c994cc816aa2164ca9bf1ee7cd7c40c) Importer(2089858483,0ecaa5967403d082aa24f35e1b516d23) [PhysX] Initialized MultithreadedTaskDispatcher with 10 workers.
 -> (artifact id: '1e34fa1c02ced632dac9e7f4fc94213a') in 0.005338 seconds
Number of updated asset objects reloaded before import = 0
Number of asset objects unloaded after import = 1
========================================================================
Received Import Request.
  Time since last request: 0.000087 seconds.
  path: Assets/ModernSupermarket/Models/Props/Products/Capsule_dchvzi/Textures/Capsule_dchvzi_n.png
  artifactKey: Guid(044e92bda3a9bb142b6687c1778a6f6b) Importer(2089858483,0ecaa5967403d082aa24f35e1b516d23)
Start importing Assets/ModernSupermarket/Models/Props/Products/Capsule_dchvzi/Textures/Capsule_dchvzi_n.png using Guid(044e92bda3a9bb142b6687c1778a6f6b) Importer(2089858483,0ecaa5967403d082aa24f35e1b516d23) [PhysX] Initialized MultithreadedTaskDispatcher with 10 workers.
 -> (artifact id: 'f111c23e18989b7f7ef874aea37fcd1f') in 0.007749 seconds
Number of updated asset objects reloaded before import = 0
Number of asset objects unloaded after import = 1
========================================================================
Received Import Request.
  Time since last request: 0.000064 seconds.
  path: Assets/ModernSupermarket/Models/Props/Produce/Perry_fhz4xg/Textures/Perry_fhz4xg_a.png
  artifactKey: Guid(4b8a173c21f87a243a0a9fc617f517d5) Importer(2089858483,0ecaa5967403d082aa24f35e1b516d23)
Start importing Assets/ModernSupermarket/Models/Props/Produce/Perry_fhz4xg/Textures/Perry_fhz4xg_a.png using Guid(4b8a173c21f87a243a0a9fc617f517d5) Importer(2089858483,0ecaa5967403d082aa24f35e1b516d23) [PhysX] Initialized MultithreadedTaskDispatcher with 10 workers.
 -> (artifact id: '71de192e6c5112f36c6e084309b6d8ba') in 0.005186 seconds
Number of updated asset objects reloaded before import = 0
Number of asset objects unloaded after import = 1
========================================================================
Received Import Request.
  Time since last request: 0.000053 seconds.
  path: Assets/ModernSupermarket/Models/Props/Products/Bleach_irrpnt/Textures/Bleach_irrpnt_Var02_a.png
  artifactKey: Guid(cc5957d06f540e541a0645752bb948d9) Importer(2089858483,0ecaa5967403d082aa24f35e1b516d23)
Start importing Assets/ModernSupermarket/Models/Props/Products/Bleach_irrpnt/Textures/Bleach_irrpnt_Var02_a.png using Guid(cc5957d06f540e541a0645752bb948d9) Importer(2089858483,0ecaa5967403d082aa24f35e1b516d23) [PhysX] Initialized MultithreadedTaskDispatcher with 10 workers.
 -> (artifact id: '75200e695220736ceace597f80faebb6') in 0.005324 seconds
Number of updated asset objects reloaded before import = 0
Number of asset objects unloaded after import = 1
========================================================================
Received Import Request.
  Time since last request: 0.000046 seconds.
  path: Assets/ModernSupermarket/Models/Props/Produce/Perry_fhz4xg/Textures/Perry_fhz4xg_m.png
  artifactKey: Guid(c83172d9cd348224a9be3038025d793c) Importer(2089858483,0ecaa5967403d082aa24f35e1b516d23)
Start importing Assets/ModernSupermarket/Models/Props/Produce/Perry_fhz4xg/Textures/Perry_fhz4xg_m.png using Guid(c83172d9cd348224a9be3038025d793c) Importer(2089858483,0ecaa5967403d082aa24f35e1b516d23) [PhysX] Initialized MultithreadedTaskDispatcher with 10 workers.
 -> (artifact id: '2de69a46dbc639c2f08c73cca9aa138f') in 0.005026 seconds
Number of updated asset objects reloaded before import = 0
Number of asset objects unloaded after import = 1
========================================================================
Received Import Request.
  Time since last request: 0.000071 seconds.
  path: Assets/ModernSupermarket/Models/Props/Products/ChocolateSpread_xhkyij/Textures/ChocolateSpread_xhkyij_m.png
  artifactKey: Guid(71d1dcb7e88fb814ca40a837ef9b8bcb) Importer(2089858483,0ecaa5967403d082aa24f35e1b516d23)
Start importing Assets/ModernSupermarket/Models/Props/Products/ChocolateSpread_xhkyij/Textures/ChocolateSpread_xhkyij_m.png using Guid(71d1dcb7e88fb814ca40a837ef9b8bcb) Importer(2089858483,0ecaa5967403d082aa24f35e1b516d23) [PhysX] Initialized MultithreadedTaskDispatcher with 10 workers.
 -> (artifact id: 'fb420ed744d0a33ba6a7abca8b2fbc46') in 0.005523 seconds
Number of updated asset objects reloaded before import = 0
Number of asset objects unloaded after import = 1
========================================================================
Received Import Request.
  Time since last request: 0.000058 seconds.
  path: Assets/ModernSupermarket/Models/Props/Products/JuiceBrick_6ljfy3/Textures/JuiceBrick_6ljfy3_n.png
  artifactKey: Guid(e040eaffdb6ac26489eb96181bb1e53a) Importer(2089858483,0ecaa5967403d082aa24f35e1b516d23)
Start importing Assets/ModernSupermarket/Models/Props/Products/JuiceBrick_6ljfy3/Textures/JuiceBrick_6ljfy3_n.png using Guid(e040eaffdb6ac26489eb96181bb1e53a) Importer(2089858483,0ecaa5967403d082aa24f35e1b516d23) [PhysX] Initialized MultithreadedTaskDispatcher with 10 workers.
 -> (artifact id: '8f9a96f57d90a8915ac7f4f97a7415e9') in 0.008309 seconds
Number of updated asset objects reloaded before import = 0
Number of asset objects unloaded after import = 1
========================================================================
Received Import Request.
  Time since last request: 0.000085 seconds.
  path: Assets/ModernSupermarket/Models/Props/Products/Cake_p6lebj/Textures/BoxCake_p6lebj_o.png
  artifactKey: Guid(d86081154e4c1d443be3f6d720e54d76) Importer(2089858483,0ecaa5967403d082aa24f35e1b516d23)
Start importing Assets/ModernSupermarket/Models/Props/Products/Cake_p6lebj/Textures/BoxCake_p6lebj_o.png using Guid(d86081154e4c1d443be3f6d720e54d76) Importer(2089858483,0ecaa5967403d082aa24f35e1b516d23) [PhysX] Initialized MultithreadedTaskDispatcher with 10 workers.
 -> (artifact id: 'a346fa9b89af6e6c891f4832a4b8e283') in 0.005041 seconds
Number of updated asset objects reloaded before import = 0
Number of asset objects unloaded after import = 1
========================================================================
Received Import Request.
  Time since last request: 0.000053 seconds.
  path: Assets/ModernSupermarket/Models/Props/Produce/Papaya_xt7unv/Textures/Papaya_xt7unv_o.png
  artifactKey: Guid(2e7fbe4e3ebb4cc49a7f16896c9307d0) Importer(2089858483,0ecaa5967403d082aa24f35e1b516d23)
Start importing Assets/ModernSupermarket/Models/Props/Produce/Papaya_xt7unv/Textures/Papaya_xt7unv_o.png using Guid(2e7fbe4e3ebb4cc49a7f16896c9307d0) Importer(2089858483,0ecaa5967403d082aa24f35e1b516d23) [PhysX] Initialized MultithreadedTaskDispatcher with 10 workers.
 -> (artifact id: '51ab993604ad0b2a374622a58e75d19d') in 0.006253 seconds
Number of updated asset objects reloaded before import = 0
Number of asset objects unloaded after import = 1
========================================================================
Received Import Request.
  Time since last request: 0.000101 seconds.
  path: Assets/ModernSupermarket/Models/Props/Products/Chicken_ozj6pn/Textures/Chicken_ozj6pn_Meat_m.png
  artifactKey: Guid(e6c53c66ac92c4e48a04db336519187f) Importer(2089858483,0ecaa5967403d082aa24f35e1b516d23)
Start importing Assets/ModernSupermarket/Models/Props/Products/Chicken_ozj6pn/Textures/Chicken_ozj6pn_Meat_m.png using Guid(e6c53c66ac92c4e48a04db336519187f) Importer(2089858483,0ecaa5967403d082aa24f35e1b516d23) [PhysX] Initialized MultithreadedTaskDispatcher with 10 workers.
 -> (artifact id: '95bfb0ef2f37a476a20245700471784f') in 0.005397 seconds
Number of updated asset objects reloaded before import = 0
Number of asset objects unloaded after import = 1
========================================================================
Received Import Request.
  Time since last request: 0.000062 seconds.
  path: Assets/ModernSupermarket/Models/Props/Products/Alcohol_eoojba/Textures/Whisky_eoojba_o.png
  artifactKey: Guid(193bf006a4dd16344bd2820c5587e9f7) Importer(2089858483,0ecaa5967403d082aa24f35e1b516d23)
Start importing Assets/ModernSupermarket/Models/Props/Products/Alcohol_eoojba/Textures/Whisky_eoojba_o.png using Guid(193bf006a4dd16344bd2820c5587e9f7) Importer(2089858483,0ecaa5967403d082aa24f35e1b516d23) [PhysX] Initialized MultithreadedTaskDispatcher with 10 workers.
 -> (artifact id: 'acdfdcf003fa18bde4633c9c32101eb1') in 0.004744 seconds
Number of updated asset objects reloaded before import = 0
Number of asset objects unloaded after import = 1
========================================================================
Received Import Request.
  Time since last request: 0.000073 seconds.
  path: Assets/ModernSupermarket/Models/Props/Products/CandyPack_qkmq5d/Textures/CandyPack_qkmq5d_n.png
  artifactKey: Guid(3183c16f247b7a245952669b0e71cdd4) Importer(2089858483,0ecaa5967403d082aa24f35e1b516d23)
Start importing Assets/ModernSupermarket/Models/Props/Products/CandyPack_qkmq5d/Textures/CandyPack_qkmq5d_n.png using Guid(3183c16f247b7a245952669b0e71cdd4) Importer(2089858483,0ecaa5967403d082aa24f35e1b516d23) [PhysX] Initialized MultithreadedTaskDispatcher with 10 workers.
 -> (artifact id: 'fdf7749eb0d70dc7be23951b6c272bb3') in 0.005157 seconds
Number of updated asset objects reloaded before import = 0
Number of asset objects unloaded after import = 1
========================================================================
Received Import Request.
  Time since last request: 0.000062 seconds.
  path: Assets/ModernSupermarket/Models/Props/Products/Chips_w4tja8/Textures/Chips_w4tja8_m.png
  artifactKey: Guid(613017fa86dc1d74db17d33b65bf709e) Importer(2089858483,0ecaa5967403d082aa24f35e1b516d23)
Start importing Assets/ModernSupermarket/Models/Props/Products/Chips_w4tja8/Textures/Chips_w4tja8_m.png using Guid(613017fa86dc1d74db17d33b65bf709e) Importer(2089858483,0ecaa5967403d082aa24f35e1b516d23) [PhysX] Initialized MultithreadedTaskDispatcher with 10 workers.
 -> (artifact id: '9e884d34d25a4665a26b6d4f30e2e718') in 0.008503 seconds
Number of updated asset objects reloaded before import = 0
Number of asset objects unloaded after import = 1
========================================================================
Received Import Request.
  Time since last request: 0.000059 seconds.
  path: Assets/ModernSupermarket/Models/Props/Products/EggBox4x_nbzek2/Textures/EggBox4x_nbzek2_o.png
  artifactKey: Guid(0057f3b4207c1a54fa002fd9fca6dd38) Importer(2089858483,0ecaa5967403d082aa24f35e1b516d23)
Start importing Assets/ModernSupermarket/Models/Props/Products/EggBox4x_nbzek2/Textures/EggBox4x_nbzek2_o.png using Guid(0057f3b4207c1a54fa002fd9fca6dd38) Importer(2089858483,0ecaa5967403d082aa24f35e1b516d23) [PhysX] Initialized MultithreadedTaskDispatcher with 10 workers.
 -> (artifact id: '7a6210c3143fe016c36fa1571b13cf61') in 0.005062 seconds
Number of updated asset objects reloaded before import = 0
Number of asset objects unloaded after import = 1
========================================================================
Received Import Request.
  Time since last request: 0.000126 seconds.
  path: Assets/ModernSupermarket/Models/Props/Products/EggBox4x_nbzek2/Textures/EggBox4x_nbzek2_Mask.png
  artifactKey: Guid(008e16c500ea751479534f12ffb3a1c5) Importer(2089858483,0ecaa5967403d082aa24f35e1b516d23)
Start importing Assets/ModernSupermarket/Models/Props/Products/EggBox4x_nbzek2/Textures/EggBox4x_nbzek2_Mask.png using Guid(008e16c500ea751479534f12ffb3a1c5) Importer(2089858483,0ecaa5967403d082aa24f35e1b516d23) [PhysX] Initialized MultithreadedTaskDispatcher with 10 workers.
 -> (artifact id: '3c55b485ea6b3bd0a74d90abf493c8b6') in 0.005079 seconds
Number of updated asset objects reloaded before import = 0
Number of asset objects unloaded after import = 1
========================================================================
Received Import Request.
  Time since last request: 0.000074 seconds.
  path: Assets/ModernSupermarket/Models/Props/Products/Cream_jatl5h/Textures/Cream_jatl5h_n.png
  artifactKey: Guid(acf9a8708455b604cb242d5d7ae8eec0) Importer(2089858483,0ecaa5967403d082aa24f35e1b516d23)
Start importing Assets/ModernSupermarket/Models/Props/Products/Cream_jatl5h/Textures/Cream_jatl5h_n.png using Guid(acf9a8708455b604cb242d5d7ae8eec0) Importer(2089858483,0ecaa5967403d082aa24f35e1b516d23) [PhysX] Initialized MultithreadedTaskDispatcher with 10 workers.
 -> (artifact id: '654fa8854c1968b0474ec47d79eba27b') in 0.005436 seconds
Number of updated asset objects reloaded before import = 0
Number of asset objects unloaded after import = 1
========================================================================
Received Import Request.
  Time since last request: 0.000076 seconds.
  path: Assets/ModernSupermarket/Models/Props/Products/Capsule_xrahaz/Textures/Capsule_xrahaz_m.png
  artifactKey: Guid(f87c5de918ed21543b6a463cede7eb23) Importer(2089858483,0ecaa5967403d082aa24f35e1b516d23)
Start importing Assets/ModernSupermarket/Models/Props/Products/Capsule_xrahaz/Textures/Capsule_xrahaz_m.png using Guid(f87c5de918ed21543b6a463cede7eb23) Importer(2089858483,0ecaa5967403d082aa24f35e1b516d23) [PhysX] Initialized MultithreadedTaskDispatcher with 10 workers.
 -> (artifact id: '502f5067431a1f9c7371b54b88b39289') in 0.005393 seconds
Number of updated asset objects reloaded before import = 0
Number of asset objects unloaded after import = 1
========================================================================
Received Import Request.
  Time since last request: 0.000091 seconds.
  path: Assets/ModernSupermarket/Models/Props/Products/Capsule_rk7lsf/Textures/Capsule_rk7lsf_a.png
  artifactKey: Guid(f6405fef00eecab4fa364987e785f0a6) Importer(2089858483,0ecaa5967403d082aa24f35e1b516d23)
Start importing Assets/ModernSupermarket/Models/Props/Products/Capsule_rk7lsf/Textures/Capsule_rk7lsf_a.png using Guid(f6405fef00eecab4fa364987e785f0a6) Importer(2089858483,0ecaa5967403d082aa24f35e1b516d23) [PhysX] Initialized MultithreadedTaskDispatcher with 10 workers.
 -> (artifact id: 'bab84378cf6ef3f78a402de57d22d1d3') in 0.007749 seconds
Number of updated asset objects reloaded before import = 0
Number of asset objects unloaded after import = 1
========================================================================
Received Import Request.
  Time since last request: 0.000110 seconds.
  path: Assets/ModernSupermarket/Models/Props/Products/Flour_ckgfmu/Textures/FlourPack_ckgfmu_a.png
  artifactKey: Guid(90d7be5380414e8439b71fa1a38d6139) Importer(2089858483,0ecaa5967403d082aa24f35e1b516d23)
Start importing Assets/ModernSupermarket/Models/Props/Products/Flour_ckgfmu/Textures/FlourPack_ckgfmu_a.png using Guid(90d7be5380414e8439b71fa1a38d6139) Importer(2089858483,0ecaa5967403d082aa24f35e1b516d23) [PhysX] Initialized MultithreadedTaskDispatcher with 10 workers.
 -> (artifact id: '3e2b2ef63194a4ec9601094ca5c17762') in 0.005569 seconds
Number of updated asset objects reloaded before import = 0
Number of asset objects unloaded after import = 1
========================================================================
Received Import Request.
  Time since last request: 0.000055 seconds.
  path: Assets/ModernSupermarket/Models/Props/Products/Bag_s45li3/Textures/Bag_s45li3_Var01_a.png
  artifactKey: Guid(e0ca16117ac59624e9d7e152e0edafd6) Importer(2089858483,0ecaa5967403d082aa24f35e1b516d23)
Start importing Assets/ModernSupermarket/Models/Props/Products/Bag_s45li3/Textures/Bag_s45li3_Var01_a.png using Guid(e0ca16117ac59624e9d7e152e0edafd6) Importer(2089858483,0ecaa5967403d082aa24f35e1b516d23) [PhysX] Initialized MultithreadedTaskDispatcher with 10 workers.
 -> (artifact id: '5d53bee4375db298fb389a32bfceb69d') in 0.005339 seconds
Number of updated asset objects reloaded before import = 0
Number of asset objects unloaded after import = 1
========================================================================
Received Import Request.
  Time since last request: 0.000063 seconds.
  path: Assets/ModernSupermarket/Models/Props/Products/Cereal_me9j99/Textures/Cereal_me9j99_n.png
  artifactKey: Guid(e97ca00c946506042908f27a3ec65bec) Importer(2089858483,0ecaa5967403d082aa24f35e1b516d23)
Start importing Assets/ModernSupermarket/Models/Props/Products/Cereal_me9j99/Textures/Cereal_me9j99_n.png using Guid(e97ca00c946506042908f27a3ec65bec) Importer(2089858483,0ecaa5967403d082aa24f35e1b516d23) [PhysX] Initialized MultithreadedTaskDispatcher with 10 workers.
 -> (artifact id: '27927f906610e005295d5625a4bbb91c') in 0.005446 seconds
Number of updated asset objects reloaded before import = 0
Number of asset objects unloaded after import = 1
========================================================================
Received Import Request.
  Time since last request: 0.000033 seconds.
  path: Assets/ModernSupermarket/Models/Props/Products/Cake_a3h87k/Textures/Cake_a3h87k_m.png
  artifactKey: Guid(fc0d94f3631908640814fcb021907078) Importer(2089858483,0ecaa5967403d082aa24f35e1b516d23)
Start importing Assets/ModernSupermarket/Models/Props/Products/Cake_a3h87k/Textures/Cake_a3h87k_m.png using Guid(fc0d94f3631908640814fcb021907078) Importer(2089858483,0ecaa5967403d082aa24f35e1b516d23) [PhysX] Initialized MultithreadedTaskDispatcher with 10 workers.
 -> (artifact id: '348d1a178bd27d2c67691cad882e80c1') in 0.004984 seconds
Number of updated asset objects reloaded before import = 0
Number of asset objects unloaded after import = 1
========================================================================
Received Import Request.
  Time since last request: 0.000108 seconds.
  path: Assets/ModernSupermarket/Models/Props/Produce/Potato_px2ht4/Textures/Potato_px2ht4_o.png
  artifactKey: Guid(fde9ea8b6ef88c84aace37f566dbabcb) Importer(2089858483,0ecaa5967403d082aa24f35e1b516d23)
Start importing Assets/ModernSupermarket/Models/Props/Produce/Potato_px2ht4/Textures/Potato_px2ht4_o.png using Guid(fde9ea8b6ef88c84aace37f566dbabcb) Importer(2089858483,0ecaa5967403d082aa24f35e1b516d23) [PhysX] Initialized MultithreadedTaskDispatcher with 10 workers.
 -> (artifact id: '04ee88b2d535d359bde094d09077270a') in 0.005264 seconds
Number of updated asset objects reloaded before import = 0
Number of asset objects unloaded after import = 1
========================================================================
Received Import Request.
  Time since last request: 0.000071 seconds.
  path: Assets/ModernSupermarket/Models/Props/Products/MeatTray_bbcwdq/Textures/MeatTray_qm4z4l_a.png
  artifactKey: Guid(8f5f4ae9518c18f4dbda8a2d12fb6a84) Importer(2089858483,0ecaa5967403d082aa24f35e1b516d23)
Start importing Assets/ModernSupermarket/Models/Props/Products/MeatTray_bbcwdq/Textures/MeatTray_qm4z4l_a.png using Guid(8f5f4ae9518c18f4dbda8a2d12fb6a84) Importer(2089858483,0ecaa5967403d082aa24f35e1b516d23) [PhysX] Initialized MultithreadedTaskDispatcher with 10 workers.
 -> (artifact id: '98f8336cf658c65600a7dca0d18ada26') in 0.007388 seconds
Number of updated asset objects reloaded before import = 0
Number of asset objects unloaded after import = 1
========================================================================
Received Import Request.
  Time since last request: 0.000085 seconds.
  path: Assets/ModernSupermarket/Models/Props/Products/Alcohol_ao62w4/Textures/Alcool_ao62w4_a_Var01.png
  artifactKey: Guid(b0d25021a6b83a24fb7ee46bca447e6a) Importer(2089858483,0ecaa5967403d082aa24f35e1b516d23)
Start importing Assets/ModernSupermarket/Models/Props/Products/Alcohol_ao62w4/Textures/Alcool_ao62w4_a_Var01.png using Guid(b0d25021a6b83a24fb7ee46bca447e6a) Importer(2089858483,0ecaa5967403d082aa24f35e1b516d23) [PhysX] Initialized MultithreadedTaskDispatcher with 10 workers.
 -> (artifact id: '5ba98eee51797ae411321e0ba4fff7e1') in 0.005756 seconds
Number of updated asset objects reloaded before import = 0
Number of asset objects unloaded after import = 1
========================================================================
Received Import Request.
  Time since last request: 0.000092 seconds.
  path: Assets/ModernSupermarket/Models/Props/Products/Cheese_bn26cq/Textures/Cheese_bn26cq_m.png
  artifactKey: Guid(a47db71facf55174e8f5eb22602d8fea) Importer(2089858483,0ecaa5967403d082aa24f35e1b516d23)
Start importing Assets/ModernSupermarket/Models/Props/Products/Cheese_bn26cq/Textures/Cheese_bn26cq_m.png using Guid(a47db71facf55174e8f5eb22602d8fea) Importer(2089858483,0ecaa5967403d082aa24f35e1b516d23) [PhysX] Initialized MultithreadedTaskDispatcher with 10 workers.
 -> (artifact id: '07320d13ba7323d1003d61ae9c1336f8') in 0.005071 seconds
Number of updated asset objects reloaded before import = 0
Number of asset objects unloaded after import = 1
========================================================================
Received Import Request.
  Time since last request: 0.000079 seconds.
  path: Assets/ModernSupermarket/Models/Props/Products/Flour_ckgfmu/Textures/FlourPack_ckgfmu_Var01_n.png
  artifactKey: Guid(c01410273f4a9bd49b7cbb9521d5fdd2) Importer(2089858483,0ecaa5967403d082aa24f35e1b516d23)
Start importing Assets/ModernSupermarket/Models/Props/Products/Flour_ckgfmu/Textures/FlourPack_ckgfmu_Var01_n.png using Guid(c01410273f4a9bd49b7cbb9521d5fdd2) Importer(2089858483,0ecaa5967403d082aa24f35e1b516d23) [PhysX] Initialized MultithreadedTaskDispatcher with 10 workers.
 -> (artifact id: '2782c237ce609e5a3514678c504b92da') in 0.006051 seconds
Number of updated asset objects reloaded before import = 0
Number of asset objects unloaded after import = 1
========================================================================
Received Import Request.
  Time since last request: 0.000139 seconds.
  path: Assets/ModernSupermarket/Models/Props/Products/Milk_l6slvx/Textures/Milk_l6slvx_o.png
  artifactKey: Guid(775f4134151b22b44b40f73a7cf3fae2) Importer(2089858483,0ecaa5967403d082aa24f35e1b516d23)
Start importing Assets/ModernSupermarket/Models/Props/Products/Milk_l6slvx/Textures/Milk_l6slvx_o.png using Guid(775f4134151b22b44b40f73a7cf3fae2) Importer(2089858483,0ecaa5967403d082aa24f35e1b516d23) [PhysX] Initialized MultithreadedTaskDispatcher with 10 workers.
 -> (artifact id: 'b54ad356237fdc73ff19c06357d2369f') in 0.005628 seconds
Number of updated asset objects reloaded before import = 0
Number of asset objects unloaded after import = 1
========================================================================
Received Import Request.
  Time since last request: 0.000049 seconds.
  path: Assets/ModernSupermarket/Models/Props/Products/FrozenPack_t7wenh/Textures/FrozenPack_t7wenh_Var03_a.png
  artifactKey: Guid(6df08ee316b178546b6b0a5430322fe6) Importer(2089858483,0ecaa5967403d082aa24f35e1b516d23)
Start importing Assets/ModernSupermarket/Models/Props/Products/FrozenPack_t7wenh/Textures/FrozenPack_t7wenh_Var03_a.png using Guid(6df08ee316b178546b6b0a5430322fe6) Importer(2089858483,0ecaa5967403d082aa24f35e1b516d23) [PhysX] Initialized MultithreadedTaskDispatcher with 10 workers.
 -> (artifact id: '55d9fe47e854c7aca8d517070c894f3b') in 0.007723 seconds
Number of updated asset objects reloaded before import = 0
Number of asset objects unloaded after import = 1
========================================================================
Received Import Request.
  Time since last request: 0.000062 seconds.
  path: Assets/ModernSupermarket/Models/Props/Products/FrozenPack_t7wenh/Textures/FrozenPack_t7wenh_Var02_a.png
  artifactKey: Guid(157580dec11cad843a852bde5c05e558) Importer(2089858483,0ecaa5967403d082aa24f35e1b516d23)
Start importing Assets/ModernSupermarket/Models/Props/Products/FrozenPack_t7wenh/Textures/FrozenPack_t7wenh_Var02_a.png using Guid(157580dec11cad843a852bde5c05e558) Importer(2089858483,0ecaa5967403d082aa24f35e1b516d23) [PhysX] Initialized MultithreadedTaskDispatcher with 10 workers.
 -> (artifact id: 'bcbcedffebfef9faf41e3e7a2a5e7add') in 0.004879 seconds
Number of updated asset objects reloaded before import = 0
Number of asset objects unloaded after import = 1
========================================================================
Received Import Request.
  Time since last request: 0.000055 seconds.
  path: Assets/ModernSupermarket/Models/Props/Products/Cleanser_7dsib5/Textures/Cleanser_7dsib5_n.png
  artifactKey: Guid(abda72db9edfe6d41825ae2f7142f1f8) Importer(2089858483,0ecaa5967403d082aa24f35e1b516d23)
Start importing Assets/ModernSupermarket/Models/Props/Products/Cleanser_7dsib5/Textures/Cleanser_7dsib5_n.png using Guid(abda72db9edfe6d41825ae2f7142f1f8) Importer(2089858483,0ecaa5967403d082aa24f35e1b516d23) [PhysX] Initialized MultithreadedTaskDispatcher with 10 workers.
 -> (artifact id: '5a6ae9c90490f2aacb7521dea035b233') in 0.005042 seconds
Number of updated asset objects reloaded before import = 0
Number of asset objects unloaded after import = 1
========================================================================
Received Import Request.
  Time since last request: 0.000059 seconds.
  path: Assets/ModernSupermarket/Models/Props/Products/Ham_wplnxm/Textures/Ham_wplnxm_n.png
  artifactKey: Guid(2ea66d1d1deceee4197843d04077a757) Importer(2089858483,0ecaa5967403d082aa24f35e1b516d23)
Start importing Assets/ModernSupermarket/Models/Props/Products/Ham_wplnxm/Textures/Ham_wplnxm_n.png using Guid(2ea66d1d1deceee4197843d04077a757) Importer(2089858483,0ecaa5967403d082aa24f35e1b516d23) [PhysX] Initialized MultithreadedTaskDispatcher with 10 workers.
 -> (artifact id: 'c0f75456998bcf441dc57aee191b7b49') in 0.010272 seconds
Number of updated asset objects reloaded before import = 0
Number of asset objects unloaded after import = 1
========================================================================
Received Import Request.
  Time since last request: 0.000099 seconds.
  path: Assets/ModernSupermarket/Models/Props/Products/Coffee_5uj6zk/Textures/Coffee_5uj6zk_m.png
  artifactKey: Guid(e70c7a1bf22169b49b225297e710ee0b) Importer(2089858483,0ecaa5967403d082aa24f35e1b516d23)
Start importing Assets/ModernSupermarket/Models/Props/Products/Coffee_5uj6zk/Textures/Coffee_5uj6zk_m.png using Guid(e70c7a1bf22169b49b225297e710ee0b) Importer(2089858483,0ecaa5967403d082aa24f35e1b516d23) [PhysX] Initialized MultithreadedTaskDispatcher with 10 workers.
 -> (artifact id: '2f02d3170988dfc4a9a45dd74d3e7e79') in 0.005935 seconds
Number of updated asset objects reloaded before import = 0
Number of asset objects unloaded after import = 1
========================================================================
Received Import Request.
  Time since last request: 0.000056 seconds.
  path: Assets/ModernSupermarket/Models/Props/Products/Bag_s45li3/Textures/Bag_s45li3_Var02_a.png
  artifactKey: Guid(d6fa5ccbd4864044cbd57f66b11872ef) Importer(2089858483,0ecaa5967403d082aa24f35e1b516d23)
Start importing Assets/ModernSupermarket/Models/Props/Products/Bag_s45li3/Textures/Bag_s45li3_Var02_a.png using Guid(d6fa5ccbd4864044cbd57f66b11872ef) Importer(2089858483,0ecaa5967403d082aa24f35e1b516d23) [PhysX] Initialized MultithreadedTaskDispatcher with 10 workers.
 -> (artifact id: '00cb953fc256b855e995175529c268c9') in 0.005443 seconds
Number of updated asset objects reloaded before import = 0
Number of asset objects unloaded after import = 1
========================================================================
Received Import Request.
  Time since last request: 0.000064 seconds.
  path: Assets/ModernSupermarket/Models/Props/Products/ChocolatePowder_yqoigt/Textures/ChocolatePowder_yqoigt_m.png
  artifactKey: Guid(c6d0cf987a6efaa4abb52e1520a8c98a) Importer(2089858483,0ecaa5967403d082aa24f35e1b516d23)
Start importing Assets/ModernSupermarket/Models/Props/Products/ChocolatePowder_yqoigt/Textures/ChocolatePowder_yqoigt_m.png using Guid(c6d0cf987a6efaa4abb52e1520a8c98a) Importer(2089858483,0ecaa5967403d082aa24f35e1b516d23) [PhysX] Initialized MultithreadedTaskDispatcher with 10 workers.
 -> (artifact id: 'a1d69c15b437d59ec12c2c746cc869fe') in 0.008735 seconds
Number of updated asset objects reloaded before import = 0
Number of asset objects unloaded after import = 1
========================================================================
Received Import Request.
  Time since last request: 0.000088 seconds.
  path: Assets/ModernSupermarket/Models/Props/Produce/Potato_px2ht4/Textures/Potato_px2ht4_a.png
  artifactKey: Guid(a989558e92aa8c4428d3875eca466ba2) Importer(2089858483,0ecaa5967403d082aa24f35e1b516d23)
Start importing Assets/ModernSupermarket/Models/Props/Produce/Potato_px2ht4/Textures/Potato_px2ht4_a.png using Guid(a989558e92aa8c4428d3875eca466ba2) Importer(2089858483,0ecaa5967403d082aa24f35e1b516d23) [PhysX] Initialized MultithreadedTaskDispatcher with 10 workers.
 -> (artifact id: 'cc7a180a6cc9fc48eee6b76a193b02a3') in 0.005426 seconds
Number of updated asset objects reloaded before import = 0
Number of asset objects unloaded after import = 1
========================================================================
Received Import Request.
  Time since last request: 0.000054 seconds.
  path: Assets/ModernSupermarket/Models/Props/Products/Alcohol_qi7uqvr/Textures/Alcohol_qi7uqv_n.png
  artifactKey: Guid(fcee76d4f49bc4547babace483861f8c) Importer(2089858483,0ecaa5967403d082aa24f35e1b516d23)
Start importing Assets/ModernSupermarket/Models/Props/Products/Alcohol_qi7uqvr/Textures/Alcohol_qi7uqv_n.png using Guid(fcee76d4f49bc4547babace483861f8c) Importer(2089858483,0ecaa5967403d082aa24f35e1b516d23) [PhysX] Initialized MultithreadedTaskDispatcher with 10 workers.
 -> (artifact id: '3dc850c8d8328186dc942005b909f929') in 0.005068 seconds
Number of updated asset objects reloaded before import = 0
Number of asset objects unloaded after import = 1
========================================================================
Received Import Request.
  Time since last request: 0.000056 seconds.
  path: Assets/ModernSupermarket/Models/Props/Products/Cake_a3h87k/Textures/Cake_a3h87k.png
  artifactKey: Guid(b03c8e39d1d716a47ad6a0b6b9ff9b1f) Importer(2089858483,0ecaa5967403d082aa24f35e1b516d23)
Start importing Assets/ModernSupermarket/Models/Props/Products/Cake_a3h87k/Textures/Cake_a3h87k.png using Guid(b03c8e39d1d716a47ad6a0b6b9ff9b1f) Importer(2089858483,0ecaa5967403d082aa24f35e1b516d23) [PhysX] Initialized MultithreadedTaskDispatcher with 10 workers.
 -> (artifact id: '0b33d0e7e774481254f61b3a0845c4e8') in 0.004657 seconds
Number of updated asset objects reloaded before import = 0
Number of asset objects unloaded after import = 1
========================================================================
Received Import Request.
  Time since last request: 0.000087 seconds.
  path: Assets/ModernSupermarket/Models/Props/Products/Ham_wplnxm/Textures/Ham_wplnxm_Var01_m.png
  artifactKey: Guid(b9f4e30468c9f774397b23e0debc7d58) Importer(2089858483,0ecaa5967403d082aa24f35e1b516d23)
Start importing Assets/ModernSupermarket/Models/Props/Products/Ham_wplnxm/Textures/Ham_wplnxm_Var01_m.png using Guid(b9f4e30468c9f774397b23e0debc7d58) Importer(2089858483,0ecaa5967403d082aa24f35e1b516d23) [PhysX] Initialized MultithreadedTaskDispatcher with 10 workers.
 -> (artifact id: 'ab3bed389493e1e9b9f66d6db95ff202') in 0.005440 seconds
Number of updated asset objects reloaded before import = 0
Number of asset objects unloaded after import = 1
========================================================================
Received Import Request.
  Time since last request: 0.000087 seconds.
  path: Assets/ModernSupermarket/Models/Props/Products/Books_bpxngl/Textures/Books_bpxngl_a.psd
  artifactKey: Guid(9c00b00fde2967d468ef12fb0473664f) Importer(2089858483,0ecaa5967403d082aa24f35e1b516d23)
Start importing Assets/ModernSupermarket/Models/Props/Products/Books_bpxngl/Textures/Books_bpxngl_a.psd using Guid(9c00b00fde2967d468ef12fb0473664f) Importer(2089858483,0ecaa5967403d082aa24f35e1b516d23) [PhysX] Initialized MultithreadedTaskDispatcher with 10 workers.
 -> (artifact id: '4815362a34eb41208a32c963508e94ba') in 0.013539 seconds
Number of updated asset objects reloaded before import = 0
Number of asset objects unloaded after import = 1
========================================================================
Received Import Request.
  Time since last request: 0.000098 seconds.
  path: Assets/ModernSupermarket/Models/Props/Products/Bag_s45li3/Textures/Bag_s45li3_n.png
  artifactKey: Guid(7ca833a30ffb6364591d26b0d71c4852) Importer(2089858483,0ecaa5967403d082aa24f35e1b516d23)
Start importing Assets/ModernSupermarket/Models/Props/Products/Bag_s45li3/Textures/Bag_s45li3_n.png using Guid(7ca833a30ffb6364591d26b0d71c4852) Importer(2089858483,0ecaa5967403d082aa24f35e1b516d23) [PhysX] Initialized MultithreadedTaskDispatcher with 10 workers.
 -> (artifact id: '3762c68f7c033ea7724227b1701a45ce') in 0.005872 seconds
Number of updated asset objects reloaded before import = 0
Number of asset objects unloaded after import = 1
========================================================================
Received Import Request.
  Time since last request: 0.000055 seconds.
  path: Assets/ModernSupermarket/Models/Props/Products/BeerPack_74mugc/Textures/BeerPack_74mugc_n.png
  artifactKey: Guid(e89a9725c0dfc004c960591568c5dc79) Importer(2089858483,0ecaa5967403d082aa24f35e1b516d23)
Start importing Assets/ModernSupermarket/Models/Props/Products/BeerPack_74mugc/Textures/BeerPack_74mugc_n.png using Guid(e89a9725c0dfc004c960591568c5dc79) Importer(2089858483,0ecaa5967403d082aa24f35e1b516d23) [PhysX] Initialized MultithreadedTaskDispatcher with 10 workers.
 -> (artifact id: '9ed8fd5b495b34cb9796663bb270041e') in 0.005654 seconds
Number of updated asset objects reloaded before import = 0
Number of asset objects unloaded after import = 1
========================================================================
Received Import Request.
  Time since last request: 0.000061 seconds.
  path: Assets/ModernSupermarket/Models/Props/Products/Cheese_dx1ygk/Textures/Cheese_dx1ygk_n.png
  artifactKey: Guid(76313b29af7f602468a6105ab226a29f) Importer(2089858483,0ecaa5967403d082aa24f35e1b516d23)
Start importing Assets/ModernSupermarket/Models/Props/Products/Cheese_dx1ygk/Textures/Cheese_dx1ygk_n.png using Guid(76313b29af7f602468a6105ab226a29f) Importer(2089858483,0ecaa5967403d082aa24f35e1b516d23) [PhysX] Initialized MultithreadedTaskDispatcher with 10 workers.
 -> (artifact id: 'ead279c2a350189e867584581c5529e7') in 0.004957 seconds
Number of updated asset objects reloaded before import = 0
Number of asset objects unloaded after import = 1
========================================================================
Received Import Request.
  Time since last request: 0.000094 seconds.
  path: Assets/ModernSupermarket/Models/Props/Products/Bleach_irrpnt/Textures/Bleach_irrpnt_n.png
  artifactKey: Guid(402eefa10aefc3e40bf1eec21dfc6dcc) Importer(2089858483,0ecaa5967403d082aa24f35e1b516d23)
Start importing Assets/ModernSupermarket/Models/Props/Products/Bleach_irrpnt/Textures/Bleach_irrpnt_n.png using Guid(402eefa10aefc3e40bf1eec21dfc6dcc) Importer(2089858483,0ecaa5967403d082aa24f35e1b516d23) [PhysX] Initialized MultithreadedTaskDispatcher with 10 workers.
 -> (artifact id: '196cf87189111421e1246261147e5134') in 0.005459 seconds
Number of updated asset objects reloaded before import = 0
Number of asset objects unloaded after import = 1
========================================================================
Received Import Request.
  Time since last request: 0.000165 seconds.
  path: Assets/ModernSupermarket/Models/Props/Products/Cream_jatl5h/Textures/Cream_jatl5h_a_Var02.png
  artifactKey: Guid(ca2465aa2ff0e33468263a2e73f1229f) Importer(2089858483,0ecaa5967403d082aa24f35e1b516d23)
Start importing Assets/ModernSupermarket/Models/Props/Products/Cream_jatl5h/Textures/Cream_jatl5h_a_Var02.png using Guid(ca2465aa2ff0e33468263a2e73f1229f) Importer(2089858483,0ecaa5967403d082aa24f35e1b516d23) [PhysX] Initialized MultithreadedTaskDispatcher with 10 workers.
 -> (artifact id: 'a1e5f03d7065032350f5d1702978f44a') in 0.008323 seconds
Number of updated asset objects reloaded before import = 0
Number of asset objects unloaded after import = 1
========================================================================
Received Import Request.
  Time since last request: 0.000056 seconds.
  path: Assets/ModernSupermarket/Models/Props/Products/CandyPack_qkmq5d/Textures/CandyPack_qkmq5d_m.png
  artifactKey: Guid(1fc1ed743fb5c584d984d65534bab840) Importer(2089858483,0ecaa5967403d082aa24f35e1b516d23)
Start importing Assets/ModernSupermarket/Models/Props/Products/CandyPack_qkmq5d/Textures/CandyPack_qkmq5d_m.png using Guid(1fc1ed743fb5c584d984d65534bab840) Importer(2089858483,0ecaa5967403d082aa24f35e1b516d23) [PhysX] Initialized MultithreadedTaskDispatcher with 10 workers.
 -> (artifact id: '8f819390d42d5dc72a342a4e3a4ed0f4') in 0.005353 seconds
Number of updated asset objects reloaded before import = 0
Number of asset objects unloaded after import = 1
========================================================================
Received Import Request.
  Time since last request: 0.000095 seconds.
  path: Assets/ModernSupermarket/Models/Props/Products/MeatTray_qm4z4l/Textures/MeatTray_qm4z4l_m.png
  artifactKey: Guid(8faf349c8dd560a4887bbe123bf03119) Importer(2089858483,0ecaa5967403d082aa24f35e1b516d23)
Start importing Assets/ModernSupermarket/Models/Props/Products/MeatTray_qm4z4l/Textures/MeatTray_qm4z4l_m.png using Guid(8faf349c8dd560a4887bbe123bf03119) Importer(2089858483,0ecaa5967403d082aa24f35e1b516d23) [PhysX] Initialized MultithreadedTaskDispatcher with 10 workers.
 -> (artifact id: '46db7ffdaac624cf96210b38c8d278ae') in 0.005095 seconds
Number of updated asset objects reloaded before import = 0
Number of asset objects unloaded after import = 1
========================================================================
Received Import Request.
  Time since last request: 0.000074 seconds.
  path: Assets/ModernSupermarket/Models/Props/Products/FrozenPack_xp713y/Textures/FrozenPack_xp713y_m.png
  artifactKey: Guid(50cac6732a90a184b90f1f1ac4719678) Importer(2089858483,0ecaa5967403d082aa24f35e1b516d23)
Start importing Assets/ModernSupermarket/Models/Props/Products/FrozenPack_xp713y/Textures/FrozenPack_xp713y_m.png using Guid(50cac6732a90a184b90f1f1ac4719678) Importer(2089858483,0ecaa5967403d082aa24f35e1b516d23) [PhysX] Initialized MultithreadedTaskDispatcher with 10 workers.
 -> (artifact id: '3a4d817f8d66f94182f00ca51d058146') in 0.004889 seconds
Number of updated asset objects reloaded before import = 0
Number of asset objects unloaded after import = 1
========================================================================
Received Import Request.
  Time since last request: 0.000085 seconds.
  path: Assets/ModernSupermarket/Models/Props/Products/EggBox4x_nbzek2/Textures/EggBox4x_nbzek2_n.png
  artifactKey: Guid(f692183860919c844ab8d49260d1db1b) Importer(2089858483,0ecaa5967403d082aa24f35e1b516d23)
Start importing Assets/ModernSupermarket/Models/Props/Products/EggBox4x_nbzek2/Textures/EggBox4x_nbzek2_n.png using Guid(f692183860919c844ab8d49260d1db1b) Importer(2089858483,0ecaa5967403d082aa24f35e1b516d23) [PhysX] Initialized MultithreadedTaskDispatcher with 10 workers.
 -> (artifact id: 'db51218cc91c8cd435e006657d242767') in 0.005255 seconds
Number of updated asset objects reloaded before import = 0
Number of asset objects unloaded after import = 1
========================================================================
Received Import Request.
  Time since last request: 0.000083 seconds.
  path: Assets/ModernSupermarket/Models/Props/Products/Cleanser_7dsib5/Textures/Cleanser_7dsib5_o.png
  artifactKey: Guid(aef80e24ef8903c419024b5c3b562644) Importer(2089858483,0ecaa5967403d082aa24f35e1b516d23)
Start importing Assets/ModernSupermarket/Models/Props/Products/Cleanser_7dsib5/Textures/Cleanser_7dsib5_o.png using Guid(aef80e24ef8903c419024b5c3b562644) Importer(2089858483,0ecaa5967403d082aa24f35e1b516d23) [PhysX] Initialized MultithreadedTaskDispatcher with 10 workers.
 -> (artifact id: 'a6706d5f33a9515b3a0df00844df961c') in 0.005055 seconds
Number of updated asset objects reloaded before import = 0
Number of asset objects unloaded after import = 1
========================================================================
Received Import Request.
  Time since last request: 0.000130 seconds.
  path: Assets/ModernSupermarket/Models/Props/Products/Cake_a3h87k/Textures/Cake_a3h87k_Var02.png
  artifactKey: Guid(4e51720f9517f0d45a14646a95639a43) Importer(2089858483,0ecaa5967403d082aa24f35e1b516d23)
Start importing Assets/ModernSupermarket/Models/Props/Products/Cake_a3h87k/Textures/Cake_a3h87k_Var02.png using Guid(4e51720f9517f0d45a14646a95639a43) Importer(2089858483,0ecaa5967403d082aa24f35e1b516d23) [PhysX] Initialized MultithreadedTaskDispatcher with 10 workers.
 -> (artifact id: 'c8b43b249691efa51bc42c7d9456650c') in 0.007575 seconds
Number of updated asset objects reloaded before import = 0
Number of asset objects unloaded after import = 1
========================================================================
Received Import Request.
  Time since last request: 0.000069 seconds.
  path: Assets/ModernSupermarket/Models/Props/Products/ChocolatePowder_yqoigt/Textures/ChocolatePowder_yqoigt_o.png
  artifactKey: Guid(54c4eea181ad8744a94539ad76097d72) Importer(2089858483,0ecaa5967403d082aa24f35e1b516d23)
Start importing Assets/ModernSupermarket/Models/Props/Products/ChocolatePowder_yqoigt/Textures/ChocolatePowder_yqoigt_o.png using Guid(54c4eea181ad8744a94539ad76097d72) Importer(2089858483,0ecaa5967403d082aa24f35e1b516d23) [PhysX] Initialized MultithreadedTaskDispatcher with 10 workers.
 -> (artifact id: '8ba187535befdb9e1df94c3f57ba8117') in 0.005481 seconds
Number of updated asset objects reloaded before import = 0
Number of asset objects unloaded after import = 1
========================================================================
Received Import Request.
  Time since last request: 0.000067 seconds.
  path: Assets/ModernSupermarket/Models/Props/Products/MeatTray_qm4z4l/Textures/MeatTray_qm4z4l_a.png
  artifactKey: Guid(210bd6ad3d12eac4d8b9ea5663beeefc) Importer(2089858483,0ecaa5967403d082aa24f35e1b516d23)
Start importing Assets/ModernSupermarket/Models/Props/Products/MeatTray_qm4z4l/Textures/MeatTray_qm4z4l_a.png using Guid(210bd6ad3d12eac4d8b9ea5663beeefc) Importer(2089858483,0ecaa5967403d082aa24f35e1b516d23) [PhysX] Initialized MultithreadedTaskDispatcher with 10 workers.
 -> (artifact id: '12c870edfa5037739129fe197362e003') in 0.004860 seconds
Number of updated asset objects reloaded before import = 0
Number of asset objects unloaded after import = 1
========================================================================
Received Import Request.
  Time since last request: 0.000070 seconds.
  path: Assets/ModernSupermarket/Models/Props/Products/FrozenBox_vhvpd4/Textures/FrozenBox_vhvpd4_a.png
  artifactKey: Guid(1011b3e0cc4e9eb40b469c6cfe121249) Importer(2089858483,0ecaa5967403d082aa24f35e1b516d23)
Start importing Assets/ModernSupermarket/Models/Props/Products/FrozenBox_vhvpd4/Textures/FrozenBox_vhvpd4_a.png using Guid(1011b3e0cc4e9eb40b469c6cfe121249) Importer(2089858483,0ecaa5967403d082aa24f35e1b516d23) [PhysX] Initialized MultithreadedTaskDispatcher with 10 workers.
 -> (artifact id: '555e7f10267e8fa33c537a250cad0154') in 0.005307 seconds
Number of updated asset objects reloaded before import = 0
Number of asset objects unloaded after import = 1
========================================================================
Received Import Request.
  Time since last request: 0.000098 seconds.
  path: Assets/ModernSupermarket/Models/Props/Products/Bag_s45li3/Textures/Bag_s45li3_a.png
  artifactKey: Guid(8bf877d5243b42d4dbc4f756db77599b) Importer(2089858483,0ecaa5967403d082aa24f35e1b516d23)
Start importing Assets/ModernSupermarket/Models/Props/Products/Bag_s45li3/Textures/Bag_s45li3_a.png using Guid(8bf877d5243b42d4dbc4f756db77599b) Importer(2089858483,0ecaa5967403d082aa24f35e1b516d23) [PhysX] Initialized MultithreadedTaskDispatcher with 10 workers.
 -> (artifact id: '8f249768aad108d0aeb75fec940860b4') in 0.005221 seconds
Number of updated asset objects reloaded before import = 0
Number of asset objects unloaded after import = 1
========================================================================
Received Import Request.
  Time since last request: 0.000126 seconds.
  path: Assets/ModernSupermarket/Models/Props/Products/Bag_s45li3/Textures/Bag_s45li3_m.png
  artifactKey: Guid(08e39400c41e4e745956d0ab2c5b49a4) Importer(2089858483,0ecaa5967403d082aa24f35e1b516d23)
Start importing Assets/ModernSupermarket/Models/Props/Products/Bag_s45li3/Textures/Bag_s45li3_m.png using Guid(08e39400c41e4e745956d0ab2c5b49a4) Importer(2089858483,0ecaa5967403d082aa24f35e1b516d23) [PhysX] Initialized MultithreadedTaskDispatcher with 10 workers.
 -> (artifact id: '36bda186d03ff3afef58846d847498b3') in 0.008037 seconds
Number of updated asset objects reloaded before import = 0
Number of asset objects unloaded after import = 1
========================================================================
Received Import Request.
  Time since last request: 0.000075 seconds.
  path: Assets/ModernSupermarket/Models/Props/Products/FrozenBox_vhvpd4/Textures/FrozenBox_vhvpd4_o.png
  artifactKey: Guid(1ede626f3da5ae94e853783e08a9c3a7) Importer(2089858483,0ecaa5967403d082aa24f35e1b516d23)
Start importing Assets/ModernSupermarket/Models/Props/Products/FrozenBox_vhvpd4/Textures/FrozenBox_vhvpd4_o.png using Guid(1ede626f3da5ae94e853783e08a9c3a7) Importer(2089858483,0ecaa5967403d082aa24f35e1b516d23) [PhysX] Initialized MultithreadedTaskDispatcher with 10 workers.
 -> (artifact id: '4de3ed48fec660b20cc4723a433d1e28') in 0.005378 seconds
Number of updated asset objects reloaded before import = 0
Number of asset objects unloaded after import = 1
========================================================================
Received Import Request.
  Time since last request: 0.000070 seconds.
  path: Assets/ModernSupermarket/Models/Props/Products/ChocolateBox_b94wj0/Textures/ChocolatBox_b94wj0_a.png
  artifactKey: Guid(8ecbffe406e0d0f4e9385cef4cbd163a) Importer(2089858483,0ecaa5967403d082aa24f35e1b516d23)
Start importing Assets/ModernSupermarket/Models/Props/Products/ChocolateBox_b94wj0/Textures/ChocolatBox_b94wj0_a.png using Guid(8ecbffe406e0d0f4e9385cef4cbd163a) Importer(2089858483,0ecaa5967403d082aa24f35e1b516d23) [PhysX] Initialized MultithreadedTaskDispatcher with 10 workers.
 -> (artifact id: 'ce8a19bb095919e0f95745b7d05b9bb5') in 0.005447 seconds
Number of updated asset objects reloaded before import = 0
Number of asset objects unloaded after import = 1
========================================================================
Received Import Request.
  Time since last request: 0.000155 seconds.
  path: Assets/ModernSupermarket/Models/Props/Products/Alcohol_ao62w4/Textures/Alcool_ao62w4_o.png
  artifactKey: Guid(6191c3f03dc33d041819e9d1232fd339) Importer(2089858483,0ecaa5967403d082aa24f35e1b516d23)
Start importing Assets/ModernSupermarket/Models/Props/Products/Alcohol_ao62w4/Textures/Alcool_ao62w4_o.png using Guid(6191c3f03dc33d041819e9d1232fd339) Importer(2089858483,0ecaa5967403d082aa24f35e1b516d23) [PhysX] Initialized MultithreadedTaskDispatcher with 10 workers.
 -> (artifact id: 'e4070ba2fe706f43c493b87c39c40c6c') in 0.005513 seconds
Number of updated asset objects reloaded before import = 0
Number of asset objects unloaded after import = 1
========================================================================
Received Import Request.
  Time since last request: 0.000076 seconds.
  path: Assets/ModernSupermarket/Models/Props/Produce/Squash_0r6m5l/Textures/Squash_0r6m5l_o.png
  artifactKey: Guid(239c48bd56d172e4f9714515800034d5) Importer(2089858483,0ecaa5967403d082aa24f35e1b516d23)
Start importing Assets/ModernSupermarket/Models/Props/Produce/Squash_0r6m5l/Textures/Squash_0r6m5l_o.png using Guid(239c48bd56d172e4f9714515800034d5) Importer(2089858483,0ecaa5967403d082aa24f35e1b516d23) [PhysX] Initialized MultithreadedTaskDispatcher with 10 workers.
 -> (artifact id: 'fe593b502ed754402d76afe6bd830153') in 0.005446 seconds
Number of updated asset objects reloaded before import = 0
Number of asset objects unloaded after import = 1
========================================================================
Received Import Request.
  Time since last request: 0.000072 seconds.
  path: Assets/ModernSupermarket/Models/Props/Products/Chips_w4tja8/Textures/Chips_w4tja8_a.png
  artifactKey: Guid(b62f19942cc66134c822bb225ebeae30) Importer(2089858483,0ecaa5967403d082aa24f35e1b516d23)
Start importing Assets/ModernSupermarket/Models/Props/Products/Chips_w4tja8/Textures/Chips_w4tja8_a.png using Guid(b62f19942cc66134c822bb225ebeae30) Importer(2089858483,0ecaa5967403d082aa24f35e1b516d23) [PhysX] Initialized MultithreadedTaskDispatcher with 10 workers.
 -> (artifact id: '06650ba679c4423445f965c74155c04a') in 0.005428 seconds
Number of updated asset objects reloaded before import = 0
Number of asset objects unloaded after import = 1
========================================================================
Received Import Request.
  Time since last request: 0.000090 seconds.
  path: Assets/ModernSupermarket/Models/Props/Products/MeatTray_qm4z4l/Textures/MeatTray_qm4z4l_Meat_h.png
  artifactKey: Guid(2545d24560e847345abae07b4ed1f357) Importer(2089858483,0ecaa5967403d082aa24f35e1b516d23)
Start importing Assets/ModernSupermarket/Models/Props/Products/MeatTray_qm4z4l/Textures/MeatTray_qm4z4l_Meat_h.png using Guid(2545d24560e847345abae07b4ed1f357) Importer(2089858483,0ecaa5967403d082aa24f35e1b516d23) [PhysX] Initialized MultithreadedTaskDispatcher with 10 workers.
 -> (artifact id: '25c0db3b0bb1bb8bdad28fcaf7efd1b1') in 0.007225 seconds
Number of updated asset objects reloaded before import = 0
Number of asset objects unloaded after import = 1
========================================================================
Received Import Request.
  Time since last request: 0.000049 seconds.
  path: Assets/ModernSupermarket/Models/Props/Products/Laundry_mm7gx5/Textures/Laundry_mm7gx5_o.png
  artifactKey: Guid(e9bc82fd0938b034f82ba70fce43f05b) Importer(2089858483,0ecaa5967403d082aa24f35e1b516d23)
Start importing Assets/ModernSupermarket/Models/Props/Products/Laundry_mm7gx5/Textures/Laundry_mm7gx5_o.png using Guid(e9bc82fd0938b034f82ba70fce43f05b) Importer(2089858483,0ecaa5967403d082aa24f35e1b516d23) [PhysX] Initialized MultithreadedTaskDispatcher with 10 workers.
 -> (artifact id: '99a323d3bec14965f3f7ac828a71cd29') in 0.005455 seconds
Number of updated asset objects reloaded before import = 0
Number of asset objects unloaded after import = 1
========================================================================
Received Import Request.
  Time since last request: 0.000064 seconds.
  path: Assets/ModernSupermarket/Models/Props/Products/Books_bpxngl/Textures/Books_bpxngl_n.png
  artifactKey: Guid(4abebf6e89a46564da35a91fdbcdcbce) Importer(2089858483,0ecaa5967403d082aa24f35e1b516d23)
Start importing Assets/ModernSupermarket/Models/Props/Products/Books_bpxngl/Textures/Books_bpxngl_n.png using Guid(4abebf6e89a46564da35a91fdbcdcbce) Importer(2089858483,0ecaa5967403d082aa24f35e1b516d23) [PhysX] Initialized MultithreadedTaskDispatcher with 10 workers.
 -> (artifact id: '5bf03884228dcea126261dba95328b07') in 0.008254 seconds
Number of updated asset objects reloaded before import = 0
Number of asset objects unloaded after import = 1
========================================================================
Received Import Request.
  Time since last request: 0.000113 seconds.
  path: Assets/ModernSupermarket/Models/Props/Produce/Pumpkin_hjtgsa/Textures/Pumpkin_hjtgsa_a.png
  artifactKey: Guid(ba652f7b5cf98994fa6d10dab7810bf5) Importer(2089858483,0ecaa5967403d082aa24f35e1b516d23)
Start importing Assets/ModernSupermarket/Models/Props/Produce/Pumpkin_hjtgsa/Textures/Pumpkin_hjtgsa_a.png using Guid(ba652f7b5cf98994fa6d10dab7810bf5) Importer(2089858483,0ecaa5967403d082aa24f35e1b516d23) [PhysX] Initialized MultithreadedTaskDispatcher with 10 workers.
 -> (artifact id: '355ab148b3dc0287f834a2b3cb692f84') in 0.005689 seconds
Number of updated asset objects reloaded before import = 0
Number of asset objects unloaded after import = 1
========================================================================
Received Import Request.
  Time since last request: 0.000087 seconds.
  path: Assets/ModernSupermarket/Models/Props/Products/MeatTray_bbcwdq/Textures/MeatTray_qm4z4l_o.png
  artifactKey: Guid(0c84841c3430af842b55b93db86c5c1c) Importer(2089858483,0ecaa5967403d082aa24f35e1b516d23)
Start importing Assets/ModernSupermarket/Models/Props/Products/MeatTray_bbcwdq/Textures/MeatTray_qm4z4l_o.png using Guid(0c84841c3430af842b55b93db86c5c1c) Importer(2089858483,0ecaa5967403d082aa24f35e1b516d23) [PhysX] Initialized MultithreadedTaskDispatcher with 10 workers.
 -> (artifact id: '36edeab3fa195c9f44d1ed73fcfa72da') in 0.005283 seconds
Number of updated asset objects reloaded before import = 0
Number of asset objects unloaded after import = 1
========================================================================
Received Import Request.
  Time since last request: 0.000098 seconds.
  path: Assets/ModernSupermarket/Models/Props/Products/JuiceBrick_6ljfy3/Textures/JuiceBrick_6ljfy3_a.png
  artifactKey: Guid(862b538967c6cb94887c67d166e7c46d) Importer(2089858483,0ecaa5967403d082aa24f35e1b516d23)
Start importing Assets/ModernSupermarket/Models/Props/Products/JuiceBrick_6ljfy3/Textures/JuiceBrick_6ljfy3_a.png using Guid(862b538967c6cb94887c67d166e7c46d) Importer(2089858483,0ecaa5967403d082aa24f35e1b516d23) [PhysX] Initialized MultithreadedTaskDispatcher with 10 workers.
 -> (artifact id: '0464178d67430cf5a6bc291dedc8b6f8') in 0.008098 seconds
Number of updated asset objects reloaded before import = 0
Number of asset objects unloaded after import = 1
========================================================================
Received Import Request.
  Time since last request: 0.000072 seconds.
  path: Assets/ModernSupermarket/Models/Props/Products/Ham_wplnxm/Textures/Ham_wplnxm_m.png
  artifactKey: Guid(d4817249657fa5541849fda1aba6570f) Importer(2089858483,0ecaa5967403d082aa24f35e1b516d23)
Start importing Assets/ModernSupermarket/Models/Props/Products/Ham_wplnxm/Textures/Ham_wplnxm_m.png using Guid(d4817249657fa5541849fda1aba6570f) Importer(2089858483,0ecaa5967403d082aa24f35e1b516d23) [PhysX] Initialized MultithreadedTaskDispatcher with 10 workers.
 -> (artifact id: '4efb672826e2a39fc2667901c8a694d8') in 0.005762 seconds
Number of updated asset objects reloaded before import = 0
Number of asset objects unloaded after import = 1
========================================================================
Received Import Request.
  Time since last request: 0.000061 seconds.
  path: Assets/ModernSupermarket/Models/Props/Products/FrozenPack_xp713y/Textures/FrozenPack_xp713y_a_Var02.png
  artifactKey: Guid(9172b02c0b7553b4889997b85429633c) Importer(2089858483,0ecaa5967403d082aa24f35e1b516d23)
Start importing Assets/ModernSupermarket/Models/Props/Products/FrozenPack_xp713y/Textures/FrozenPack_xp713y_a_Var02.png using Guid(9172b02c0b7553b4889997b85429633c) Importer(2089858483,0ecaa5967403d082aa24f35e1b516d23) [PhysX] Initialized MultithreadedTaskDispatcher with 10 workers.
 -> (artifact id: '4f551f3abed831c49b194a91b3276a00') in 0.005405 seconds
Number of updated asset objects reloaded before import = 0
Number of asset objects unloaded after import = 1
========================================================================
Received Import Request.
  Time since last request: 0.000035 seconds.
  path: Assets/ModernSupermarket/Models/Props/Products/MeatTray_fbw8xf/Textures/MeatTray_fbw8xf_m.png
  artifactKey: Guid(1b5f291526233894090db5ea4a564442) Importer(2089858483,0ecaa5967403d082aa24f35e1b516d23)
Start importing Assets/ModernSupermarket/Models/Props/Products/MeatTray_fbw8xf/Textures/MeatTray_fbw8xf_m.png using Guid(1b5f291526233894090db5ea4a564442) Importer(2089858483,0ecaa5967403d082aa24f35e1b516d23) [PhysX] Initialized MultithreadedTaskDispatcher with 10 workers.
 -> (artifact id: '9f1a622c190b69d738f408afcd7dd560') in 0.004489 seconds
Number of updated asset objects reloaded before import = 0
Number of asset objects unloaded after import = 1
========================================================================
Received Import Request.
  Time since last request: 0.000083 seconds.
  path: Assets/ModernSupermarket/Models/Props/Products/Chips_w4tja8/Textures/Chips_w4tja8_o.png
  artifactKey: Guid(bcddd099df96672418c55cd9fec735cf) Importer(2089858483,0ecaa5967403d082aa24f35e1b516d23)
Start importing Assets/ModernSupermarket/Models/Props/Products/Chips_w4tja8/Textures/Chips_w4tja8_o.png using Guid(bcddd099df96672418c55cd9fec735cf) Importer(2089858483,0ecaa5967403d082aa24f35e1b516d23) [PhysX] Initialized MultithreadedTaskDispatcher with 10 workers.
 -> (artifact id: 'd940ec413db2d616379529471675c2e5') in 0.005300 seconds
Number of updated asset objects reloaded before import = 0
Number of asset objects unloaded after import = 1
========================================================================
Received Import Request.
  Time since last request: 0.000063 seconds.
  path: Assets/ModernSupermarket/Models/Props/Products/Cheese_ipc281/Textures/Cheese_ipc281_n.png
  artifactKey: Guid(b20a4259482f1744b96995f9fec46f6d) Importer(2089858483,0ecaa5967403d082aa24f35e1b516d23)
Start importing Assets/ModernSupermarket/Models/Props/Products/Cheese_ipc281/Textures/Cheese_ipc281_n.png using Guid(b20a4259482f1744b96995f9fec46f6d) Importer(2089858483,0ecaa5967403d082aa24f35e1b516d23) [PhysX] Initialized MultithreadedTaskDispatcher with 10 workers.
 -> (artifact id: '9091ef3af20a1510d88e0f34978f6ffd') in 0.004890 seconds
Number of updated asset objects reloaded before import = 0
Number of asset objects unloaded after import = 1
========================================================================
Received Import Request.
  Time since last request: 0.000079 seconds.
  path: Assets/ModernSupermarket/Models/Props/Products/FrozenPack_t7wenh/Textures/FrozenPack_t7wenh_n.png
  artifactKey: Guid(6a271d0392d2f1d42af920bae29b2ce6) Importer(2089858483,0ecaa5967403d082aa24f35e1b516d23)
Start importing Assets/ModernSupermarket/Models/Props/Products/FrozenPack_t7wenh/Textures/FrozenPack_t7wenh_n.png using Guid(6a271d0392d2f1d42af920bae29b2ce6) Importer(2089858483,0ecaa5967403d082aa24f35e1b516d23) [PhysX] Initialized MultithreadedTaskDispatcher with 10 workers.
 -> (artifact id: 'b41e3abb8dcb54c8e293699055c1281e') in 0.007892 seconds
Number of updated asset objects reloaded before import = 0
Number of asset objects unloaded after import = 1
========================================================================
Received Import Request.
  Time since last request: 0.000082 seconds.
  path: Assets/ModernSupermarket/Models/Props/Products/EggBox4x_nbzek2/Textures/EggBox4x_nbzek2_m.png
  artifactKey: Guid(3d20f037e806a8c438a72a3f9e716ac8) Importer(2089858483,0ecaa5967403d082aa24f35e1b516d23)
Start importing Assets/ModernSupermarket/Models/Props/Products/EggBox4x_nbzek2/Textures/EggBox4x_nbzek2_m.png using Guid(3d20f037e806a8c438a72a3f9e716ac8) Importer(2089858483,0ecaa5967403d082aa24f35e1b516d23) [PhysX] Initialized MultithreadedTaskDispatcher with 10 workers.
 -> (artifact id: '35cbd5dbc64493c8fd8812a84748d3bf') in 0.005474 seconds
Number of updated asset objects reloaded before import = 0
Number of asset objects unloaded after import = 1
========================================================================
Received Import Request.
  Time since last request: 0.000113 seconds.
  path: Assets/ModernSupermarket/Models/Props/Products/Chicken_ozj6pn/Textures/Chicken_ozj6pn_m.png
  artifactKey: Guid(79cbf3acaad459d43b56471c49b1ca91) Importer(2089858483,0ecaa5967403d082aa24f35e1b516d23)
Start importing Assets/ModernSupermarket/Models/Props/Products/Chicken_ozj6pn/Textures/Chicken_ozj6pn_m.png using Guid(79cbf3acaad459d43b56471c49b1ca91) Importer(2089858483,0ecaa5967403d082aa24f35e1b516d23) [PhysX] Initialized MultithreadedTaskDispatcher with 10 workers.
 -> (artifact id: '2c02b5c101a7bb5e7cc43000fe642485') in 0.005661 seconds
Number of updated asset objects reloaded before import = 0
Number of asset objects unloaded after import = 1
========================================================================
Received Import Request.
  Time since last request: 0.000078 seconds.
  path: Assets/ModernSupermarket/Models/Props/Products/ChocolatePowder_yqoigt/Textures/ChocolatePowder_yqoigt_n.png
  artifactKey: Guid(0ddab39a300c09340870d1d035012abb) Importer(2089858483,0ecaa5967403d082aa24f35e1b516d23)
Start importing Assets/ModernSupermarket/Models/Props/Products/ChocolatePowder_yqoigt/Textures/ChocolatePowder_yqoigt_n.png using Guid(0ddab39a300c09340870d1d035012abb) Importer(2089858483,0ecaa5967403d082aa24f35e1b516d23) [PhysX] Initialized MultithreadedTaskDispatcher with 10 workers.
 -> (artifact id: '0c801c6a39da6a4b6231158ee2c0def5') in 0.005766 seconds
Number of updated asset objects reloaded before import = 0
Number of asset objects unloaded after import = 1
========================================================================
Received Import Request.
  Time since last request: 0.000066 seconds.
  path: Assets/ModernSupermarket/Models/Props/Products/Coffee_5uj6zk/Textures/Coffee_5uj6zk_a.png
  artifactKey: Guid(2cbe6b1162faac34ca33038601c07144) Importer(2089858483,0ecaa5967403d082aa24f35e1b516d23)
Start importing Assets/ModernSupermarket/Models/Props/Products/Coffee_5uj6zk/Textures/Coffee_5uj6zk_a.png using Guid(2cbe6b1162faac34ca33038601c07144) Importer(2089858483,0ecaa5967403d082aa24f35e1b516d23) [PhysX] Initialized MultithreadedTaskDispatcher with 10 workers.
 -> (artifact id: '23d0779c8ece3c5a79ad0947571fea82') in 0.005434 seconds
Number of updated asset objects reloaded before import = 0
Number of asset objects unloaded after import = 1
========================================================================
Received Import Request.
  Time since last request: 0.000119 seconds.
  path: Assets/ModernSupermarket/Models/Props/Products/Alcohol_tqkp8c/Textures/Whisky_tqkp8c_a.png
  artifactKey: Guid(66f23d4f97d98374b94f989f2a4a1bad) Importer(2089858483,0ecaa5967403d082aa24f35e1b516d23)
Start importing Assets/ModernSupermarket/Models/Props/Products/Alcohol_tqkp8c/Textures/Whisky_tqkp8c_a.png using Guid(66f23d4f97d98374b94f989f2a4a1bad) Importer(2089858483,0ecaa5967403d082aa24f35e1b516d23) [PhysX] Initialized MultithreadedTaskDispatcher with 10 workers.
 -> (artifact id: 'e3ee72ec4cdd2aeab31dbbd2d11ce8ef') in 0.007569 seconds
Number of updated asset objects reloaded before import = 0
Number of asset objects unloaded after import = 1
========================================================================
Received Import Request.
  Time since last request: 0.000122 seconds.
  path: Assets/ModernSupermarket/Models/Props/Products/Butter_5ttny6/Textures/Butters_5ttny6_low_o.png
  artifactKey: Guid(45d4c489f106cf449ad83b175fe67c19) Importer(2089858483,0ecaa5967403d082aa24f35e1b516d23)
Start importing Assets/ModernSupermarket/Models/Props/Products/Butter_5ttny6/Textures/Butters_5ttny6_low_o.png using Guid(45d4c489f106cf449ad83b175fe67c19) Importer(2089858483,0ecaa5967403d082aa24f35e1b516d23) [PhysX] Initialized MultithreadedTaskDispatcher with 10 workers.
 -> (artifact id: '8e11b9d55243ba79b6582f6759960db4') in 0.005340 seconds
Number of updated asset objects reloaded before import = 0
Number of asset objects unloaded after import = 1
========================================================================
Received Import Request.
  Time since last request: 0.000048 seconds.
  path: Assets/ModernSupermarket/Models/Props/Produce/Pineapple_c1vx80/Textures/Pineapple_c1vx80_a.png
  artifactKey: Guid(711f19111c2c0bc468bb2ca08bfe1b9d) Importer(2089858483,0ecaa5967403d082aa24f35e1b516d23)
Start importing Assets/ModernSupermarket/Models/Props/Produce/Pineapple_c1vx80/Textures/Pineapple_c1vx80_a.png using Guid(711f19111c2c0bc468bb2ca08bfe1b9d) Importer(2089858483,0ecaa5967403d082aa24f35e1b516d23) [PhysX] Initialized MultithreadedTaskDispatcher with 10 workers.
 -> (artifact id: '45666abc7a251ce7f3c7c22a1b4ecc7a') in 0.005438 seconds
Number of updated asset objects reloaded before import = 0
Number of asset objects unloaded after import = 1
========================================================================
Received Import Request.
  Time since last request: 0.000073 seconds.
  path: Assets/ModernSupermarket/Models/Props/Products/EggBox8x_2zgq4h/Textures/EggBox8x_2zgq4h_n.png
  artifactKey: Guid(8aa2c32ffd70a4d428384d37f0d1b61b) Importer(2089858483,0ecaa5967403d082aa24f35e1b516d23)
Start importing Assets/ModernSupermarket/Models/Props/Products/EggBox8x_2zgq4h/Textures/EggBox8x_2zgq4h_n.png using Guid(8aa2c32ffd70a4d428384d37f0d1b61b) Importer(2089858483,0ecaa5967403d082aa24f35e1b516d23) [PhysX] Initialized MultithreadedTaskDispatcher with 10 workers.
 -> (artifact id: '2d062944bfcc97411672d007839462bc') in 0.005531 seconds
Number of updated asset objects reloaded before import = 0
Number of asset objects unloaded after import = 1
========================================================================
Received Import Request.
  Time since last request: 0.000057 seconds.
  path: Assets/ModernSupermarket/Models/Props/Produce/Watermelon_z0o9y3/Textures/Watermelon_z0o9y3_n.png
  artifactKey: Guid(6fb5486d52cf060439814c54637bb982) Importer(2089858483,0ecaa5967403d082aa24f35e1b516d23)
Start importing Assets/ModernSupermarket/Models/Props/Produce/Watermelon_z0o9y3/Textures/Watermelon_z0o9y3_n.png using Guid(6fb5486d52cf060439814c54637bb982) Importer(2089858483,0ecaa5967403d082aa24f35e1b516d23) [PhysX] Initialized MultithreadedTaskDispatcher with 10 workers.
 -> (artifact id: '4f0765091ffc1048330e55ba14278528') in 0.005749 seconds
Number of updated asset objects reloaded before import = 0
Number of asset objects unloaded after import = 1
========================================================================
Received Import Request.
  Time since last request: 0.000060 seconds.
  path: Assets/ModernSupermarket/Models/Props/Produce/Zucchini_z21819/Textures/Zucchini_z21819_o.png
  artifactKey: Guid(55bb4b8b8d7765f46a839c83fe786d50) Importer(2089858483,0ecaa5967403d082aa24f35e1b516d23)
Start importing Assets/ModernSupermarket/Models/Props/Produce/Zucchini_z21819/Textures/Zucchini_z21819_o.png using Guid(55bb4b8b8d7765f46a839c83fe786d50) Importer(2089858483,0ecaa5967403d082aa24f35e1b516d23) [PhysX] Initialized MultithreadedTaskDispatcher with 10 workers.
 -> (artifact id: '44b11830dfa4cbfa33b2b4dc9453674b') in 0.007373 seconds
Number of updated asset objects reloaded before import = 0
Number of asset objects unloaded after import = 1
========================================================================
Received Import Request.
  Time since last request: 0.000146 seconds.
  path: Assets/ModernSupermarket/Models/Props/Products/Ham_wplnxm/Textures/Ham_wplnxm_a.png
  artifactKey: Guid(085542422a1f86d44a537fc09459881c) Importer(2089858483,0ecaa5967403d082aa24f35e1b516d23)
Start importing Assets/ModernSupermarket/Models/Props/Products/Ham_wplnxm/Textures/Ham_wplnxm_a.png using Guid(085542422a1f86d44a537fc09459881c) Importer(2089858483,0ecaa5967403d082aa24f35e1b516d23) [PhysX] Initialized MultithreadedTaskDispatcher with 10 workers.
 -> (artifact id: '43a5987e7bc794f5375fbeb0fe01eeaf') in 0.005995 seconds
Number of updated asset objects reloaded before import = 0
Number of asset objects unloaded after import = 1
========================================================================
Received Import Request.
  Time since last request: 0.000045 seconds.
  path: Assets/ModernSupermarket/Models/Props/Products/FrozenBox_vhvpd4/Textures/FrozenBox_vhvpd4_Var02_a.png
  artifactKey: Guid(fda4359e616751140aac8e2ca1ab82a0) Importer(2089858483,0ecaa5967403d082aa24f35e1b516d23)
Start importing Assets/ModernSupermarket/Models/Props/Products/FrozenBox_vhvpd4/Textures/FrozenBox_vhvpd4_Var02_a.png using Guid(fda4359e616751140aac8e2ca1ab82a0) Importer(2089858483,0ecaa5967403d082aa24f35e1b516d23) [PhysX] Initialized MultithreadedTaskDispatcher with 10 workers.
 -> (artifact id: '61d6eeb049b1b4f4e2071cb780eb1ab2') in 0.005494 seconds
Number of updated asset objects reloaded before import = 0
Number of asset objects unloaded after import = 1
========================================================================
Received Import Request.
  Time since last request: 0.000046 seconds.
  path: Assets/ModernSupermarket/Models/Props/Products/EggBox8x_2zgq4h/Textures/EggBox8x_2zgq4h_m.png
  artifactKey: Guid(06d41f23ea9131c4f90b98783c67e792) Importer(2089858483,0ecaa5967403d082aa24f35e1b516d23)
Start importing Assets/ModernSupermarket/Models/Props/Products/EggBox8x_2zgq4h/Textures/EggBox8x_2zgq4h_m.png using Guid(06d41f23ea9131c4f90b98783c67e792) Importer(2089858483,0ecaa5967403d082aa24f35e1b516d23) [PhysX] Initialized MultithreadedTaskDispatcher with 10 workers.
 -> (artifact id: 'c66889b12ec4925f45488b548cd51c2d') in 0.004841 seconds
Number of updated asset objects reloaded before import = 0
Number of asset objects unloaded after import = 1
========================================================================
Received Import Request.
  Time since last request: 0.000056 seconds.
  path: Assets/ModernSupermarket/Models/Props/Products/Cereal_me9j99/Textures/Cereal_me9j99_a_Var01.png
  artifactKey: Guid(fddf6bc735730d4479af6a15e914f3cf) Importer(2089858483,0ecaa5967403d082aa24f35e1b516d23)
Start importing Assets/ModernSupermarket/Models/Props/Products/Cereal_me9j99/Textures/Cereal_me9j99_a_Var01.png using Guid(fddf6bc735730d4479af6a15e914f3cf) Importer(2089858483,0ecaa5967403d082aa24f35e1b516d23) [PhysX] Initialized MultithreadedTaskDispatcher with 10 workers.
 -> (artifact id: '2a22017ba47a2cc260342c7e70ff6a65') in 0.005391 seconds
Number of updated asset objects reloaded before import = 0
Number of asset objects unloaded after import = 1
========================================================================
Received Import Request.
  Time since last request: 0.000082 seconds.
  path: Assets/ModernSupermarket/Models/Props/Produce/Potato_px2ht4/Textures/Potato_px2ht4_n.png
  artifactKey: Guid(2be78978ac65a5548a0302951936aaff) Importer(2089858483,0ecaa5967403d082aa24f35e1b516d23)
Start importing Assets/ModernSupermarket/Models/Props/Produce/Potato_px2ht4/Textures/Potato_px2ht4_n.png using Guid(2be78978ac65a5548a0302951936aaff) Importer(2089858483,0ecaa5967403d082aa24f35e1b516d23) [PhysX] Initialized MultithreadedTaskDispatcher with 10 workers.
 -> (artifact id: '1231674b3f8aeb36b48d082411d5fe5c') in 0.005280 seconds
Number of updated asset objects reloaded before import = 0
Number of asset objects unloaded after import = 1
========================================================================
Received Import Request.
  Time since last request: 0.000066 seconds.
  path: Assets/ModernSupermarket/Models/Props/Products/EggBox12x_7zw3j2/Textures/EggBox12x_7zw3j2_m.png
  artifactKey: Guid(73373dd592a747949a2d7bec68bc2d94) Importer(2089858483,0ecaa5967403d082aa24f35e1b516d23)
Start importing Assets/ModernSupermarket/Models/Props/Products/EggBox12x_7zw3j2/Textures/EggBox12x_7zw3j2_m.png using Guid(73373dd592a747949a2d7bec68bc2d94) Importer(2089858483,0ecaa5967403d082aa24f35e1b516d23) [PhysX] Initialized MultithreadedTaskDispatcher with 10 workers.
 -> (artifact id: 'fd34d3042ed3182cdf9557152327d28b') in 0.007608 seconds
Number of updated asset objects reloaded before import = 0
Number of asset objects unloaded after import = 1
========================================================================
Received Import Request.
  Time since last request: 0.000079 seconds.
  path: Assets/ModernSupermarket/Models/Props/Products/ChocolateBox_b94wj0/Textures/ChocolatBox_b94wj0_o.png
  artifactKey: Guid(cd82179fad263cd4db1ac9a05f12f66e) Importer(2089858483,0ecaa5967403d082aa24f35e1b516d23)
Start importing Assets/ModernSupermarket/Models/Props/Products/ChocolateBox_b94wj0/Textures/ChocolatBox_b94wj0_o.png using Guid(cd82179fad263cd4db1ac9a05f12f66e) Importer(2089858483,0ecaa5967403d082aa24f35e1b516d23) [PhysX] Initialized MultithreadedTaskDispatcher with 10 workers.
 -> (artifact id: 'd051e6931fdcd74c3cc1ca828a27be58') in 0.005713 seconds
Number of updated asset objects reloaded before import = 0
Number of asset objects unloaded after import = 1
========================================================================
Received Import Request.
  Time since last request: 0.000077 seconds.
  path: Assets/ModernSupermarket/Models/Props/Products/Cheese_bn26cq/Textures/Cheese_bn26cq_o.png
  artifactKey: Guid(4248c8ed4d39c2243bd859489db4c4d1) Importer(2089858483,0ecaa5967403d082aa24f35e1b516d23)
Start importing Assets/ModernSupermarket/Models/Props/Products/Cheese_bn26cq/Textures/Cheese_bn26cq_o.png using Guid(4248c8ed4d39c2243bd859489db4c4d1) Importer(2089858483,0ecaa5967403d082aa24f35e1b516d23) [PhysX] Initialized MultithreadedTaskDispatcher with 10 workers.
 -> (artifact id: '9fc8a899df621ad6c91764054c9ac1b3') in 0.004860 seconds
Number of updated asset objects reloaded before import = 0
Number of asset objects unloaded after import = 1
========================================================================
Received Import Request.
  Time since last request: 0.000129 seconds.
  path: Assets/ModernSupermarket/Models/Props/Products/FrozenPack_xp713y/Textures/FrozenPack_xp713y_n.png
  artifactKey: Guid(80b1cb101e7b11c46af7c5a43dee4d37) Importer(2089858483,0ecaa5967403d082aa24f35e1b516d23)
Start importing Assets/ModernSupermarket/Models/Props/Products/FrozenPack_xp713y/Textures/FrozenPack_xp713y_n.png using Guid(80b1cb101e7b11c46af7c5a43dee4d37) Importer(2089858483,0ecaa5967403d082aa24f35e1b516d23) [PhysX] Initialized MultithreadedTaskDispatcher with 10 workers.
 -> (artifact id: '8954a4943019fc2f1efa3cbb9e1833ec') in 0.004923 seconds
Number of updated asset objects reloaded before import = 0
Number of asset objects unloaded after import = 1
========================================================================
Received Import Request.
  Time since last request: 0.000078 seconds.
  path: Assets/ModernSupermarket/Models/Props/Products/Pasta_9duit2/Textures/PastaPack_9duit2_Penne_a.png
  artifactKey: Guid(b27fdfeff0902a84c8ad6448bc659092) Importer(2089858483,0ecaa5967403d082aa24f35e1b516d23)
Start importing Assets/ModernSupermarket/Models/Props/Products/Pasta_9duit2/Textures/PastaPack_9duit2_Penne_a.png using Guid(b27fdfeff0902a84c8ad6448bc659092) Importer(2089858483,0ecaa5967403d082aa24f35e1b516d23) [PhysX] Initialized MultithreadedTaskDispatcher with 10 workers.
 -> (artifact id: 'b1a8f3a50af6b150991fb9070cb7caf7') in 0.005223 seconds
Number of updated asset objects reloaded before import = 0
Number of asset objects unloaded after import = 1
========================================================================
Received Import Request.
  Time since last request: 0.000062 seconds.
  path: Assets/ModernSupermarket/Models/Props/Products/SlicedBread_tp7aom/Textures/SlicedBread_tp7aom_n.png
  artifactKey: Guid(e5f8e88e542af45458cdd332ea079245) Importer(2089858483,0ecaa5967403d082aa24f35e1b516d23)
Start importing Assets/ModernSupermarket/Models/Props/Products/SlicedBread_tp7aom/Textures/SlicedBread_tp7aom_n.png using Guid(e5f8e88e542af45458cdd332ea079245) Importer(2089858483,0ecaa5967403d082aa24f35e1b516d23) [PhysX] Initialized MultithreadedTaskDispatcher with 10 workers.
 -> (artifact id: '4e79e5eb2b9ffe9dc8246374ae6db9ad') in 0.008351 seconds
Number of updated asset objects reloaded before import = 0
Number of asset objects unloaded after import = 1
========================================================================
Received Import Request.
  Time since last request: 0.000054 seconds.
  path: Assets/ModernSupermarket/Models/Props/Produce/Banana_zjs4oz/Textures/Materials/Banana_zjs4oz.mat
  artifactKey: Guid(2635c6db7f2f7be4fa07fb8cfc02c0b4) Importer(2089858483,0ecaa5967403d082aa24f35e1b516d23)
Start importing Assets/ModernSupermarket/Models/Props/Produce/Banana_zjs4oz/Textures/Materials/Banana_zjs4oz.mat using Guid(2635c6db7f2f7be4fa07fb8cfc02c0b4) Importer(2089858483,0ecaa5967403d082aa24f35e1b516d23) [PhysX] Initialized MultithreadedTaskDispatcher with 10 workers.
 -> (artifact id: '0d67263e80f9ba84a1fd8ab21407a068') in 0.003330 seconds
Number of updated asset objects reloaded before import = 0
Number of asset objects unloaded after import = 5
========================================================================
Received Import Request.
  Time since last request: 0.000032 seconds.
  path: Assets/ModernSupermarket/Models/Props/Products/Vase_enq19o/Textures/Vase_enq19o_a.png
  artifactKey: Guid(27eff04646a23c1459ecce34c08579d5) Importer(2089858483,0ecaa5967403d082aa24f35e1b516d23)
Start importing Assets/ModernSupermarket/Models/Props/Products/Vase_enq19o/Textures/Vase_enq19o_a.png using Guid(27eff04646a23c1459ecce34c08579d5) Importer(2089858483,0ecaa5967403d082aa24f35e1b516d23) [PhysX] Initialized MultithreadedTaskDispatcher with 10 workers.
 -> (artifact id: 'a2d28c64e4266e50a08e805dd8548233') in 0.005396 seconds
Number of updated asset objects reloaded before import = 0
Number of asset objects unloaded after import = 1
========================================================================
Received Import Request.
  Time since last request: 0.000080 seconds.
  path: Assets/ModernSupermarket/Models/Props/Products/Cake_a3h87k/Textures/Materials/Cake_a3h87k_Var01.mat
  artifactKey: Guid(946db6bd1ab00dc488776572c1d9a957) Importer(2089858483,0ecaa5967403d082aa24f35e1b516d23)
Start importing Assets/ModernSupermarket/Models/Props/Products/Cake_a3h87k/Textures/Materials/Cake_a3h87k_Var01.mat using Guid(946db6bd1ab00dc488776572c1d9a957) Importer(2089858483,0ecaa5967403d082aa24f35e1b516d23) [PhysX] Initialized MultithreadedTaskDispatcher with 10 workers.
 -> (artifact id: '95d226af7432734483b2099a7013a7f6') in 0.003526 seconds
Number of updated asset objects reloaded before import = 0
Number of asset objects unloaded after import = 5
========================================================================
Received Import Request.
  Time since last request: 0.000037 seconds.
  path: Assets/ModernSupermarket/Models/Props/Products/Teabox_l5w9ll/Textures/Teabox_l5w9ll_o.png
  artifactKey: Guid(7302547ca9ad8324e94cd046a44915e7) Importer(2089858483,0ecaa5967403d082aa24f35e1b516d23)
Start importing Assets/ModernSupermarket/Models/Props/Products/Teabox_l5w9ll/Textures/Teabox_l5w9ll_o.png using Guid(7302547ca9ad8324e94cd046a44915e7) Importer(2089858483,0ecaa5967403d082aa24f35e1b516d23) [PhysX] Initialized MultithreadedTaskDispatcher with 10 workers.
 -> (artifact id: '1c55fd710aa1f9ff0554a9bbe43898ea') in 0.005257 seconds
Number of updated asset objects reloaded before import = 0
Number of asset objects unloaded after import = 1
========================================================================
Received Import Request.
  Time since last request: 0.000070 seconds.
  path: Assets/ModernSupermarket/Models/Props/Utility/Anti-thefhtDoor_9qs8y9/Textures/Anti-theftDoor_9qs8y9_n.png
  artifactKey: Guid(4f763b911916ab04aaa1f12b493fbc2c) Importer(2089858483,0ecaa5967403d082aa24f35e1b516d23)
Start importing Assets/ModernSupermarket/Models/Props/Utility/Anti-thefhtDoor_9qs8y9/Textures/Anti-theftDoor_9qs8y9_n.png using Guid(4f763b911916ab04aaa1f12b493fbc2c) Importer(2089858483,0ecaa5967403d082aa24f35e1b516d23) [PhysX] Initialized MultithreadedTaskDispatcher with 10 workers.
 -> (artifact id: '376ebf7f8071de4f451a0aa0669a894f') in 0.007775 seconds
Number of updated asset objects reloaded before import = 0
Number of asset objects unloaded after import = 1
========================================================================
Received Import Request.
  Time since last request: 0.000064 seconds.
  path: Assets/ModernSupermarket/Models/Props/Products/Rice_rewt3q/Textures/RicePack_rewt3q_Var02_a.png
  artifactKey: Guid(7e4d192d33be66440a5d998e5788fc5f) Importer(2089858483,0ecaa5967403d082aa24f35e1b516d23)
Start importing Assets/ModernSupermarket/Models/Props/Products/Rice_rewt3q/Textures/RicePack_rewt3q_Var02_a.png using Guid(7e4d192d33be66440a5d998e5788fc5f) Importer(2089858483,0ecaa5967403d082aa24f35e1b516d23) [PhysX] Initialized MultithreadedTaskDispatcher with 10 workers.
 -> (artifact id: 'd15ed5c21f9baf5ea5daeea18c06896a') in 0.008078 seconds
Number of updated asset objects reloaded before import = 0
Number of asset objects unloaded after import = 1
========================================================================
Received Import Request.
  Time since last request: 0.000072 seconds.
  path: Assets/ModernSupermarket/Models/Props/Products/Salt_9we170/Textures/Salt_9we170_m.png
  artifactKey: Guid(45a559e19b18fdd419cc83c6cb6fed37) Importer(2089858483,0ecaa5967403d082aa24f35e1b516d23)
Start importing Assets/ModernSupermarket/Models/Props/Products/Salt_9we170/Textures/Salt_9we170_m.png using Guid(45a559e19b18fdd419cc83c6cb6fed37) Importer(2089858483,0ecaa5967403d082aa24f35e1b516d23) [PhysX] Initialized MultithreadedTaskDispatcher with 10 workers.
 -> (artifact id: '220854027a78ea6b86d8b3c4cb407d19') in 0.005202 seconds
Number of updated asset objects reloaded before import = 0
Number of asset objects unloaded after import = 1
========================================================================
Received Import Request.
  Time since last request: 0.000071 seconds.
  path: Assets/ModernSupermarket/Models/Props/Products/SlicedBread_6zus31/Textures/SliceBread_6zus31_o.png
  artifactKey: Guid(0b8f00c2b9c92c846951dc47fbf6bd80) Importer(2089858483,0ecaa5967403d082aa24f35e1b516d23)
Start importing Assets/ModernSupermarket/Models/Props/Products/SlicedBread_6zus31/Textures/SliceBread_6zus31_o.png using Guid(0b8f00c2b9c92c846951dc47fbf6bd80) Importer(2089858483,0ecaa5967403d082aa24f35e1b516d23) [PhysX] Initialized MultithreadedTaskDispatcher with 10 workers.
 -> (artifact id: '28ac100e11369d55ce3f180bded5c5c8') in 0.005244 seconds
Number of updated asset objects reloaded before import = 0
Number of asset objects unloaded after import = 1
========================================================================
Received Import Request.
  Time since last request: 0.000071 seconds.
  path: Assets/ModernSupermarket/Models/Props/Produce/Artichoke_fdde0u/Textures/Materials/Artichoke_fdde0u.mat
  artifactKey: Guid(60f70eeebe389c84fb953afb34562e79) Importer(2089858483,0ecaa5967403d082aa24f35e1b516d23)
Start importing Assets/ModernSupermarket/Models/Props/Produce/Artichoke_fdde0u/Textures/Materials/Artichoke_fdde0u.mat using Guid(60f70eeebe389c84fb953afb34562e79) Importer(2089858483,0ecaa5967403d082aa24f35e1b516d23) [PhysX] Initialized MultithreadedTaskDispatcher with 10 workers.
 -> (artifact id: '3d19992c0a5df304098399c02b7e1e82') in 0.003335 seconds
Number of updated asset objects reloaded before import = 0
Number of asset objects unloaded after import = 5
========================================================================
Received Import Request.
  Time since last request: 0.000048 seconds.
  path: Assets/ModernSupermarket/Models/Props/Products/Soda_7gwg2t/Textures/Soda_7gwg2t_a_Var02.png
  artifactKey: Guid(75373d14742dd6845bb0c9eae31a67c4) Importer(2089858483,0ecaa5967403d082aa24f35e1b516d23)
Start importing Assets/ModernSupermarket/Models/Props/Products/Soda_7gwg2t/Textures/Soda_7gwg2t_a_Var02.png using Guid(75373d14742dd6845bb0c9eae31a67c4) Importer(2089858483,0ecaa5967403d082aa24f35e1b516d23) [PhysX] Initialized MultithreadedTaskDispatcher with 10 workers.
 -> (artifact id: '97c79291f026a1f489c6d2d5a287d7e5') in 0.005372 seconds
Number of updated asset objects reloaded before import = 0
Number of asset objects unloaded after import = 1
========================================================================
Received Import Request.
  Time since last request: 0.000051 seconds.
  path: Assets/ModernSupermarket/Models/Props/Utility/Basket_o52iei/Textures/Basket_o52iei_o.png
  artifactKey: Guid(fc35703544a48a6448a4105bbcfcd390) Importer(2089858483,0ecaa5967403d082aa24f35e1b516d23)
Start importing Assets/ModernSupermarket/Models/Props/Utility/Basket_o52iei/Textures/Basket_o52iei_o.png using Guid(fc35703544a48a6448a4105bbcfcd390) Importer(2089858483,0ecaa5967403d082aa24f35e1b516d23) [PhysX] Initialized MultithreadedTaskDispatcher with 10 workers.
 -> (artifact id: '139bdba3d33995533f262afb3d8932aa') in 0.005209 seconds
Number of updated asset objects reloaded before import = 0
Number of asset objects unloaded after import = 1
========================================================================
Received Import Request.
  Time since last request: 0.000085 seconds.
  path: Assets/ModernSupermarket/Models/Props/Utility/Basket_o52iei/Textures/Basket_o52iei_condiments04_o.png
  artifactKey: Guid(9bfd4dbc683d9bb46af8a0f0c7517d8a) Importer(2089858483,0ecaa5967403d082aa24f35e1b516d23)
Start importing Assets/ModernSupermarket/Models/Props/Utility/Basket_o52iei/Textures/Basket_o52iei_condiments04_o.png using Guid(9bfd4dbc683d9bb46af8a0f0c7517d8a) Importer(2089858483,0ecaa5967403d082aa24f35e1b516d23) [PhysX] Initialized MultithreadedTaskDispatcher with 10 workers.
 -> (artifact id: 'dba6142c07b9f44a3050273a4d2dcdae') in 0.008028 seconds
Number of updated asset objects reloaded before import = 0
Number of asset objects unloaded after import = 1
========================================================================
Received Import Request.
  Time since last request: 0.000039 seconds.
  path: Assets/ModernSupermarket/Models/Props/Products/ToyCar_t5i4lw/Textures/ToyCar_t5i4lw_o.png
  artifactKey: Guid(bfac1c1e48b1574489962e68e2c3f4ef) Importer(2089858483,0ecaa5967403d082aa24f35e1b516d23)
Start importing Assets/ModernSupermarket/Models/Props/Products/ToyCar_t5i4lw/Textures/ToyCar_t5i4lw_o.png using Guid(bfac1c1e48b1574489962e68e2c3f4ef) Importer(2089858483,0ecaa5967403d082aa24f35e1b516d23) [PhysX] Initialized MultithreadedTaskDispatcher with 10 workers.
 -> (artifact id: '43cd0ee575990663886b0860e96c481e') in 0.006396 seconds
Number of updated asset objects reloaded before import = 0
Number of asset objects unloaded after import = 1
========================================================================
Received Import Request.
  Time since last request: 0.000091 seconds.
  path: Assets/ModernSupermarket/Models/Props/Products/Bleach_irrpnt/Textures/Materials/Bleach_irrpnt_Var02.mat
  artifactKey: Guid(5b0e4efe5cbec994a9b18a008042a732) Importer(2089858483,0ecaa5967403d082aa24f35e1b516d23)
Start importing Assets/ModernSupermarket/Models/Props/Products/Bleach_irrpnt/Textures/Materials/Bleach_irrpnt_Var02.mat using Guid(5b0e4efe5cbec994a9b18a008042a732) Importer(2089858483,0ecaa5967403d082aa24f35e1b516d23) [PhysX] Initialized MultithreadedTaskDispatcher with 10 workers.
 -> (artifact id: '7aaa16bdefd04a8c2074b24b277ff0c5') in 0.004090 seconds
Number of updated asset objects reloaded before import = 0
Number of asset objects unloaded after import = 5
========================================================================
Received Import Request.
  Time since last request: 0.000104 seconds.
  path: Assets/ModernSupermarket/Models/Props/Utility/Crate_omgea6/Textures/Crate_omgea6_o.png
  artifactKey: Guid(22e9d540432615c448c4750633242037) Importer(2089858483,0ecaa5967403d082aa24f35e1b516d23)
Start importing Assets/ModernSupermarket/Models/Props/Utility/Crate_omgea6/Textures/Crate_omgea6_o.png using Guid(22e9d540432615c448c4750633242037) Importer(2089858483,0ecaa5967403d082aa24f35e1b516d23) [PhysX] Initialized MultithreadedTaskDispatcher with 10 workers.
 -> (artifact id: '5c3b2890804109d5df7c0bf634e94695') in 0.005575 seconds
Number of updated asset objects reloaded before import = 0
Number of asset objects unloaded after import = 1
========================================================================
Received Import Request.
  Time since last request: 0.000126 seconds.
  path: Assets/ModernSupermarket/Models/Props/Products/Butter_5ttny6/Textures/Materials/Butters_5ttny6_low_a.mat
  artifactKey: Guid(6a8e4993cedefd1428bd84da01609867) Importer(2089858483,0ecaa5967403d082aa24f35e1b516d23)
Start importing Assets/ModernSupermarket/Models/Props/Products/Butter_5ttny6/Textures/Materials/Butters_5ttny6_low_a.mat using Guid(6a8e4993cedefd1428bd84da01609867) Importer(2089858483,0ecaa5967403d082aa24f35e1b516d23) [PhysX] Initialized MultithreadedTaskDispatcher with 10 workers.
 -> (artifact id: 'cb41830abecbca5bffbd7a88f356f892') in 0.003340 seconds
Number of updated asset objects reloaded before import = 0
Number of asset objects unloaded after import = 5
========================================================================
Received Import Request.
  Time since last request: 0.000039 seconds.
  path: Assets/ModernSupermarket/Models/Props/Products/Pasta_9duit2/Textures/PastaPack_9duit2_Farfalle_m.png
  artifactKey: Guid(a6744bf37a1904148b9e6804dd33dbff) Importer(2089858483,0ecaa5967403d082aa24f35e1b516d23)
Start importing Assets/ModernSupermarket/Models/Props/Products/Pasta_9duit2/Textures/PastaPack_9duit2_Farfalle_m.png using Guid(a6744bf37a1904148b9e6804dd33dbff) Importer(2089858483,0ecaa5967403d082aa24f35e1b516d23) [PhysX] Initialized MultithreadedTaskDispatcher with 10 workers.
 -> (artifact id: '3b29778c345d8987527f6d109916701b') in 0.005638 seconds
Number of updated asset objects reloaded before import = 0
Number of asset objects unloaded after import = 1
========================================================================
Received Import Request.
  Time since last request: 0.000068 seconds.
  path: Assets/ModernSupermarket/Models/Props/Products/ToiletPaper_tunz3i/Textures/ToiletPaper_tunz3i_Var02_a.png
  artifactKey: Guid(acb805caf1902e04893487f346e34dc7) Importer(2089858483,0ecaa5967403d082aa24f35e1b516d23)
Start importing Assets/ModernSupermarket/Models/Props/Products/ToiletPaper_tunz3i/Textures/ToiletPaper_tunz3i_Var02_a.png using Guid(acb805caf1902e04893487f346e34dc7) Importer(2089858483,0ecaa5967403d082aa24f35e1b516d23) [PhysX] Initialized MultithreadedTaskDispatcher with 10 workers.
 -> (artifact id: '4c2cebdb81bc0d0ebb897fab3adedc4a') in 0.007945 seconds
Number of updated asset objects reloaded before import = 0
Number of asset objects unloaded after import = 1
========================================================================
Received Import Request.
  Time since last request: 0.000081 seconds.
  path: Assets/ModernSupermarket/Models/Props/Products/Cheese_bn26cq/Textures/Materials/Cheese_bn26cq_Var02_Label.mat
  artifactKey: Guid(8e8ea7b5a7f4ebb4b9b68065fdf7e208) Importer(2089858483,0ecaa5967403d082aa24f35e1b516d23)
Start importing Assets/ModernSupermarket/Models/Props/Products/Cheese_bn26cq/Textures/Materials/Cheese_bn26cq_Var02_Label.mat using Guid(8e8ea7b5a7f4ebb4b9b68065fdf7e208) Importer(2089858483,0ecaa5967403d082aa24f35e1b516d23) [PhysX] Initialized MultithreadedTaskDispatcher with 10 workers.
 -> (artifact id: 'ff72a683127f13d91ad348c86c6439e9') in 0.003936 seconds
Number of updated asset objects reloaded before import = 0
Number of asset objects unloaded after import = 5
========================================================================
Received Import Request.
  Time since last request: 0.000035 seconds.
  path: Assets/ModernSupermarket/Models/Props/Products/Shampoo_u15m67/Textures/Shampoo_u15m67.png
  artifactKey: Guid(5200513484edad349904b6463cce411b) Importer(2089858483,0ecaa5967403d082aa24f35e1b516d23)
Start importing Assets/ModernSupermarket/Models/Props/Products/Shampoo_u15m67/Textures/Shampoo_u15m67.png using Guid(5200513484edad349904b6463cce411b) Importer(2089858483,0ecaa5967403d082aa24f35e1b516d23) [PhysX] Initialized MultithreadedTaskDispatcher with 10 workers.
 -> (artifact id: '57eecd15856f06a23894c224728bd0ae') in 0.005019 seconds
Number of updated asset objects reloaded before import = 0
Number of asset objects unloaded after import = 1
========================================================================
Received Import Request.
  Time since last request: 0.000203 seconds.
  path: Assets/ModernSupermarket/Models/Props/Utility/Anti-thefhtDoor_9qs8y9/Textures/Anti-theftDoor_9qs8y9_m.png
  artifactKey: Guid(48d4e5a5279a79f4f9e94e2a8a060ded) Importer(2089858483,0ecaa5967403d082aa24f35e1b516d23)
Start importing Assets/ModernSupermarket/Models/Props/Utility/Anti-thefhtDoor_9qs8y9/Textures/Anti-theftDoor_9qs8y9_m.png using Guid(48d4e5a5279a79f4f9e94e2a8a060ded) Importer(2089858483,0ecaa5967403d082aa24f35e1b516d23) [PhysX] Initialized MultithreadedTaskDispatcher with 10 workers.
 -> (artifact id: 'bfc45635d2d356786c9565063710a7f6') in 0.007986 seconds
Number of updated asset objects reloaded before import = 0
Number of asset objects unloaded after import = 1
========================================================================
Received Import Request.
  Time since last request: 0.000084 seconds.
  path: Assets/ModernSupermarket/Models/Props/Utility/Camera_9m4m3y/Textures/Camera_9m4m3y_n.png
  artifactKey: Guid(6aca41aceb9a86f4e8adb9f7b9e353c4) Importer(2089858483,0ecaa5967403d082aa24f35e1b516d23)
Start importing Assets/ModernSupermarket/Models/Props/Utility/Camera_9m4m3y/Textures/Camera_9m4m3y_n.png using Guid(6aca41aceb9a86f4e8adb9f7b9e353c4) Importer(2089858483,0ecaa5967403d082aa24f35e1b516d23) [PhysX] Initialized MultithreadedTaskDispatcher with 10 workers.
 -> (artifact id: '3ee4bf8330ad3a2ead036bffc8fe9677') in 0.005100 seconds
Number of updated asset objects reloaded before import = 0
Number of asset objects unloaded after import = 1
========================================================================
Received Import Request.
  Time since last request: 0.000133 seconds.
  path: Assets/ModernSupermarket/Models/Props/Utility/Cart_nabnuh/Textures/Cart_nabnuh_o.png
  artifactKey: Guid(ee84a88eb476e5e4dae5d5c57971b1a2) Importer(2089858483,0ecaa5967403d082aa24f35e1b516d23)
Start importing Assets/ModernSupermarket/Models/Props/Utility/Cart_nabnuh/Textures/Cart_nabnuh_o.png using Guid(ee84a88eb476e5e4dae5d5c57971b1a2) Importer(2089858483,0ecaa5967403d082aa24f35e1b516d23) [PhysX] Initialized MultithreadedTaskDispatcher with 10 workers.
 -> (artifact id: '3df1aac3925b634d85200d34ba49c0d5') in 0.006453 seconds
Number of updated asset objects reloaded before import = 0
Number of asset objects unloaded after import = 1
========================================================================
Received Import Request.
  Time since last request: 0.000051 seconds.
  path: Assets/ModernSupermarket/Models/Props/Products/WaterPack_mqmuh7/Textures/WaterPack_mqmuh7_Var02_a.png
  artifactKey: Guid(2e202824d06871f4a968a69c83acdc15) Importer(2089858483,0ecaa5967403d082aa24f35e1b516d23)
Start importing Assets/ModernSupermarket/Models/Props/Products/WaterPack_mqmuh7/Textures/WaterPack_mqmuh7_Var02_a.png using Guid(2e202824d06871f4a968a69c83acdc15) Importer(2089858483,0ecaa5967403d082aa24f35e1b516d23) [PhysX] Initialized MultithreadedTaskDispatcher with 10 workers.
 -> (artifact id: 'f49a0c9f4fc6f3e86a69a2d94ec0c588') in 0.008204 seconds
Number of updated asset objects reloaded before import = 0
Number of asset objects unloaded after import = 1
========================================================================
Received Import Request.
  Time since last request: 0.000101 seconds.
  path: Assets/ModernSupermarket/Models/Props/Products/Soda_f6b9gw/Textures/Soda_f6b9gw_n.png
  artifactKey: Guid(d0a08e790c559cd4a9a812498f657aa1) Importer(2089858483,0ecaa5967403d082aa24f35e1b516d23)
Start importing Assets/ModernSupermarket/Models/Props/Products/Soda_f6b9gw/Textures/Soda_f6b9gw_n.png using Guid(d0a08e790c559cd4a9a812498f657aa1) Importer(2089858483,0ecaa5967403d082aa24f35e1b516d23) [PhysX] Initialized MultithreadedTaskDispatcher with 10 workers.
 -> (artifact id: '78c3c3a7c0975a1a5019197c10460a76') in 0.005141 seconds
Number of updated asset objects reloaded before import = 0
Number of asset objects unloaded after import = 1
========================================================================
Received Import Request.
  Time since last request: 0.000204 seconds.
  path: Assets/ModernSupermarket/Models/Props/Products/Cake_p6lebj/Textures/Materials/BoxCake_p6lebj_Var02.mat
  artifactKey: Guid(2467f2fca4ddc73499c3f84d9ab52ebe) Importer(2089858483,0ecaa5967403d082aa24f35e1b516d23)
Start importing Assets/ModernSupermarket/Models/Props/Products/Cake_p6lebj/Textures/Materials/BoxCake_p6lebj_Var02.mat using Guid(2467f2fca4ddc73499c3f84d9ab52ebe) Importer(2089858483,0ecaa5967403d082aa24f35e1b516d23) [PhysX] Initialized MultithreadedTaskDispatcher with 10 workers.
 -> (artifact id: 'e3228eaba75d926bbf7d6cd76c715453') in 0.003823 seconds
Number of updated asset objects reloaded before import = 0
Number of asset objects unloaded after import = 5
========================================================================
Received Import Request.
  Time since last request: 0.000038 seconds.
  path: Assets/ModernSupermarket/Models/Props/Products/Vase_enq19o/Textures/Vase_enq19o_m.png
  artifactKey: Guid(d2b3f76e14cd7674f85cf1409979b4f6) Importer(2089858483,0ecaa5967403d082aa24f35e1b516d23)
Start importing Assets/ModernSupermarket/Models/Props/Products/Vase_enq19o/Textures/Vase_enq19o_m.png using Guid(d2b3f76e14cd7674f85cf1409979b4f6) Importer(2089858483,0ecaa5967403d082aa24f35e1b516d23) [PhysX] Initialized MultithreadedTaskDispatcher with 10 workers.
 -> (artifact id: '18af7e1d53601f43ecf771fe3b4e475c') in 0.005916 seconds
Number of updated asset objects reloaded before import = 0
Number of asset objects unloaded after import = 1
========================================================================
Received Import Request.
  Time since last request: 0.000096 seconds.
  path: Assets/ModernSupermarket/Models/Props/Products/PotatoBag_gcx3y2/Textures/PotatoeBag_gcx3y2_Fill_n.png
  artifactKey: Guid(70c6a8e0dbb4fa64395ff3c8ba7113c1) Importer(2089858483,0ecaa5967403d082aa24f35e1b516d23)
Start importing Assets/ModernSupermarket/Models/Props/Products/PotatoBag_gcx3y2/Textures/PotatoeBag_gcx3y2_Fill_n.png using Guid(70c6a8e0dbb4fa64395ff3c8ba7113c1) Importer(2089858483,0ecaa5967403d082aa24f35e1b516d23) [PhysX] Initialized MultithreadedTaskDispatcher with 10 workers.
 -> (artifact id: 'ceee192500d09589c079a52a748bebec') in 0.005533 seconds
Number of updated asset objects reloaded before import = 0
Number of asset objects unloaded after import = 1
========================================================================
Received Import Request.
  Time since last request: 0.000081 seconds.
  path: Assets/ModernSupermarket/Models/Props/Products/PetFood_2ujlf0/Textures/PetFood_2ujlf0_m.png
  artifactKey: Guid(0b3680ac4c29dea4fafcc87572714ba0) Importer(2089858483,0ecaa5967403d082aa24f35e1b516d23)
Start importing Assets/ModernSupermarket/Models/Props/Products/PetFood_2ujlf0/Textures/PetFood_2ujlf0_m.png using Guid(0b3680ac4c29dea4fafcc87572714ba0) Importer(2089858483,0ecaa5967403d082aa24f35e1b516d23) [PhysX] Initialized MultithreadedTaskDispatcher with 10 workers.
 -> (artifact id: '4e5278d3d2e6a5eba50117c851722673') in 0.005734 seconds
Number of updated asset objects reloaded before import = 0
Number of asset objects unloaded after import = 1
========================================================================
Received Import Request.
  Time since last request: 0.000084 seconds.
  path: Assets/ModernSupermarket/Models/Props/Products/Pepper_ybmiq9/Textures/Pepper_ybmiq9_n.png
  artifactKey: Guid(156212df441fc3d46a1f9edfaa1d78b2) Importer(2089858483,0ecaa5967403d082aa24f35e1b516d23)
Start importing Assets/ModernSupermarket/Models/Props/Products/Pepper_ybmiq9/Textures/Pepper_ybmiq9_n.png using Guid(156212df441fc3d46a1f9edfaa1d78b2) Importer(2089858483,0ecaa5967403d082aa24f35e1b516d23) [PhysX] Initialized MultithreadedTaskDispatcher with 10 workers.
 -> (artifact id: 'ca2c434d496824f193c2027c3b8b10c3') in 0.007813 seconds
Number of updated asset objects reloaded before import = 0
Number of asset objects unloaded after import = 1
========================================================================
Received Import Request.
  Time since last request: 0.000087 seconds.
  path: Assets/ModernSupermarket/Models/Props/Utility/Basket_o52iei/Textures/Basket_o52iei_condiments01_o.png
  artifactKey: Guid(75e09bd3404452a42abf3f3a05a611de) Importer(2089858483,0ecaa5967403d082aa24f35e1b516d23)
Start importing Assets/ModernSupermarket/Models/Props/Utility/Basket_o52iei/Textures/Basket_o52iei_condiments01_o.png using Guid(75e09bd3404452a42abf3f3a05a611de) Importer(2089858483,0ecaa5967403d082aa24f35e1b516d23) [PhysX] Initialized MultithreadedTaskDispatcher with 10 workers.
 -> (artifact id: '80f7631ec77495f5d1c16a5a6c980aa8') in 0.004910 seconds
Number of updated asset objects reloaded before import = 0
Number of asset objects unloaded after import = 1
========================================================================
Received Import Request.
  Time since last request: 0.000096 seconds.
  path: Assets/ModernSupermarket/Models/Props/Products/Bag_s45li3/Textures/Materials/Bag_s45li3_Var02.mat
  artifactKey: Guid(c6000bbc4fd8c5840948cf6e1f1bbbab) Importer(2089858483,0ecaa5967403d082aa24f35e1b516d23)
Start importing Assets/ModernSupermarket/Models/Props/Products/Bag_s45li3/Textures/Materials/Bag_s45li3_Var02.mat using Guid(c6000bbc4fd8c5840948cf6e1f1bbbab) Importer(2089858483,0ecaa5967403d082aa24f35e1b516d23) [PhysX] Initialized MultithreadedTaskDispatcher with 10 workers.
 -> (artifact id: '2cd55260b3a1e46166f6a8583ac41694') in 0.004355 seconds
Number of updated asset objects reloaded before import = 0
Number of asset objects unloaded after import = 5
========================================================================
Received Import Request.
  Time since last request: 0.000031 seconds.
  path: Assets/ModernSupermarket/Models/Props/Products/BeerPack_74mugc/Textures/Materials/BeerPack_74mugc.mat
  artifactKey: Guid(4f7679d7afaffce49b16a7b47e39bf15) Importer(2089858483,0ecaa5967403d082aa24f35e1b516d23)
Start importing Assets/ModernSupermarket/Models/Props/Products/BeerPack_74mugc/Textures/Materials/BeerPack_74mugc.mat using Guid(4f7679d7afaffce49b16a7b47e39bf15) Importer(2089858483,0ecaa5967403d082aa24f35e1b516d23) [PhysX] Initialized MultithreadedTaskDispatcher with 10 workers.
 -> (artifact id: '1dc7ec29847e3ba66a81087454e38e01') in 0.004439 seconds
Number of updated asset objects reloaded before import = 0
Number of asset objects unloaded after import = 5
========================================================================
Received Import Request.
  Time since last request: 0.000035 seconds.
  path: Assets/ModernSupermarket/Models/Props/Products/CandyPack_qkmq5d/Textures/Materials/CandyPack_qkmq5d_Candy.mat
  artifactKey: Guid(d014b1b2873f1ae4287aac2e4a0b0b3b) Importer(2089858483,0ecaa5967403d082aa24f35e1b516d23)
Start importing Assets/ModernSupermarket/Models/Props/Products/CandyPack_qkmq5d/Textures/Materials/CandyPack_qkmq5d_Candy.mat using Guid(d014b1b2873f1ae4287aac2e4a0b0b3b) Importer(2089858483,0ecaa5967403d082aa24f35e1b516d23) [PhysX] Initialized MultithreadedTaskDispatcher with 10 workers.
 -> (artifact id: '393a79c5dbfc2b89cc966b9087634426') in 0.003705 seconds
Number of updated asset objects reloaded before import = 0
Number of asset objects unloaded after import = 5
========================================================================
Received Import Request.
  Time since last request: 0.000032 seconds.
  path: Assets/ModernSupermarket/Models/Props/Utility/Crate_7qf4hw/Textures/Crate_7qf4hw_a.png
  artifactKey: Guid(4d9ff43c701f422468719be4eaa08e3f) Importer(2089858483,0ecaa5967403d082aa24f35e1b516d23)
Start importing Assets/ModernSupermarket/Models/Props/Utility/Crate_7qf4hw/Textures/Crate_7qf4hw_a.png using Guid(4d9ff43c701f422468719be4eaa08e3f) Importer(2089858483,0ecaa5967403d082aa24f35e1b516d23) [PhysX] Initialized MultithreadedTaskDispatcher with 10 workers.
 -> (artifact id: '0914f858d4caed6c48c67f4550ab0f3e') in 0.005344 seconds
Number of updated asset objects reloaded before import = 0
Number of asset objects unloaded after import = 1
========================================================================
Received Import Request.
  Time since last request: 0.000091 seconds.
  path: Assets/ModernSupermarket/Models/Props/Products/CansPack_f98qxo/Textures/Materials/CansPack_f98qxo_Var01.mat
  artifactKey: Guid(007036007bd4bb64e878f8d7726a08f4) Importer(2089858483,0ecaa5967403d082aa24f35e1b516d23)
Start importing Assets/ModernSupermarket/Models/Props/Products/CansPack_f98qxo/Textures/Materials/CansPack_f98qxo_Var01.mat using Guid(007036007bd4bb64e878f8d7726a08f4) Importer(2089858483,0ecaa5967403d082aa24f35e1b516d23) [PhysX] Initialized MultithreadedTaskDispatcher with 10 workers.
 -> (artifact id: '9b186f28f50344e8dce347ef35d40da3') in 0.006974 seconds
Number of updated asset objects reloaded before import = 0
Number of asset objects unloaded after import = 4
========================================================================
Received Import Request.
  Time since last request: 0.000041 seconds.
  path: Assets/ModernSupermarket/Models/Props/Products/Oil_751tp2/Textures/Olive_Oil_751tp2_a.png
  artifactKey: Guid(6b32be942d510a44cbe36868cc83ce68) Importer(2089858483,0ecaa5967403d082aa24f35e1b516d23)
Start importing Assets/ModernSupermarket/Models/Props/Products/Oil_751tp2/Textures/Olive_Oil_751tp2_a.png using Guid(6b32be942d510a44cbe36868cc83ce68) Importer(2089858483,0ecaa5967403d082aa24f35e1b516d23) [PhysX] Initialized MultithreadedTaskDispatcher with 10 workers.
 -> (artifact id: '6368952192327d8df82964cb59dd0409') in 0.006139 seconds
Number of updated asset objects reloaded before import = 0
Number of asset objects unloaded after import = 1
========================================================================
Received Import Request.
  Time since last request: 0.000052 seconds.
  path: Assets/ModernSupermarket/Models/Props/Products/Sauce_cfrew8/Textures/Sauce_cfrew8_m.png
  artifactKey: Guid(6c44f2e82018c52478c1b23573121b18) Importer(2089858483,0ecaa5967403d082aa24f35e1b516d23)
Start importing Assets/ModernSupermarket/Models/Props/Products/Sauce_cfrew8/Textures/Sauce_cfrew8_m.png using Guid(6c44f2e82018c52478c1b23573121b18) Importer(2089858483,0ecaa5967403d082aa24f35e1b516d23) [PhysX] Initialized MultithreadedTaskDispatcher with 10 workers.
 -> (artifact id: 'e43849752ef24cf42082bc905646da6f') in 0.005982 seconds
Number of updated asset objects reloaded before import = 0
Number of asset objects unloaded after import = 1
========================================================================
Received Import Request.
  Time since last request: 0.000084 seconds.
  path: Assets/ModernSupermarket/Models/Props/Products/Teabox_fhe54d/Textures/Teabox_fhe54d_o.png
  artifactKey: Guid(0bba89791ec685b459e2652f18661ac3) Importer(2089858483,0ecaa5967403d082aa24f35e1b516d23)
Start importing Assets/ModernSupermarket/Models/Props/Products/Teabox_fhe54d/Textures/Teabox_fhe54d_o.png using Guid(0bba89791ec685b459e2652f18661ac3) Importer(2089858483,0ecaa5967403d082aa24f35e1b516d23) [PhysX] Initialized MultithreadedTaskDispatcher with 10 workers.
 -> (artifact id: 'f9d24513934042f5c861ab2aa4312d63') in 0.004935 seconds
Number of updated asset objects reloaded before import = 0
Number of asset objects unloaded after import = 1
========================================================================
Received Import Request.
  Time since last request: 0.000062 seconds.
  path: Assets/ModernSupermarket/Models/Props/Products/Vase_0p0iky/Textures/Vase_0p0iky_o.png
  artifactKey: Guid(b0a7b00a658f77f4c94b20a5d92cae5e) Importer(2089858483,0ecaa5967403d082aa24f35e1b516d23)
Start importing Assets/ModernSupermarket/Models/Props/Products/Vase_0p0iky/Textures/Vase_0p0iky_o.png using Guid(b0a7b00a658f77f4c94b20a5d92cae5e) Importer(2089858483,0ecaa5967403d082aa24f35e1b516d23) [PhysX] Initialized MultithreadedTaskDispatcher with 10 workers.
 -> (artifact id: '5dcc861e2678d0078f0f5b92151f9c0c') in 0.005358 seconds
Number of updated asset objects reloaded before import = 0
Number of asset objects unloaded after import = 1
========================================================================
Received Import Request.
  Time since last request: 0.000061 seconds.
  path: Assets/ModernSupermarket/Models/Props/Products/WaterPack_mqmuh7/Textures/WaterPack_mqmuh7_o.png
  artifactKey: Guid(fa4e3479c76d7b4488a84414076186cb) Importer(2089858483,0ecaa5967403d082aa24f35e1b516d23)
Start importing Assets/ModernSupermarket/Models/Props/Products/WaterPack_mqmuh7/Textures/WaterPack_mqmuh7_o.png using Guid(fa4e3479c76d7b4488a84414076186cb) Importer(2089858483,0ecaa5967403d082aa24f35e1b516d23) [PhysX] Initialized MultithreadedTaskDispatcher with 10 workers.
 -> (artifact id: '41382c4d5b72ebbdbde1813a5319daa2') in 0.005238 seconds
Number of updated asset objects reloaded before import = 0
Number of asset objects unloaded after import = 1
========================================================================
Received Import Request.
  Time since last request: 0.000078 seconds.
  path: Assets/ModernSupermarket/Models/Props/Products/Pepper_ybmiq9/Textures/Pepper_ybmiq9_m.png
  artifactKey: Guid(9dfe9b72c8d2caf4c8b57784b9752840) Importer(2089858483,0ecaa5967403d082aa24f35e1b516d23)
Start importing Assets/ModernSupermarket/Models/Props/Products/Pepper_ybmiq9/Textures/Pepper_ybmiq9_m.png using Guid(9dfe9b72c8d2caf4c8b57784b9752840) Importer(2089858483,0ecaa5967403d082aa24f35e1b516d23) [PhysX] Initialized MultithreadedTaskDispatcher with 10 workers.
 -> (artifact id: '89a96df19a0e3f91f092da4751f4a265') in 0.007953 seconds
Number of updated asset objects reloaded before import = 0
Number of asset objects unloaded after import = 1
========================================================================
Received Import Request.
  Time since last request: 0.000100 seconds.
  path: Assets/ModernSupermarket/Models/Props/Products/Pizza_ehb1pe/Textures/Pizza_ehb1pe_n.png
  artifactKey: Guid(fc729fda82bc8d54987ce5917b352c18) Importer(2089858483,0ecaa5967403d082aa24f35e1b516d23)
Start importing Assets/ModernSupermarket/Models/Props/Products/Pizza_ehb1pe/Textures/Pizza_ehb1pe_n.png using Guid(fc729fda82bc8d54987ce5917b352c18) Importer(2089858483,0ecaa5967403d082aa24f35e1b516d23) [PhysX] Initialized MultithreadedTaskDispatcher with 10 workers.
 -> (artifact id: 'c7412b442af55f9eb012824ad051d881') in 0.005812 seconds
Number of updated asset objects reloaded before import = 0
Number of asset objects unloaded after import = 1
========================================================================
Received Import Request.
  Time since last request: 0.000103 seconds.
  path: Assets/ModernSupermarket/Models/Props/Produce/Avocado_pd302k/Textures/Materials/Avocado_pd302k.mat
  artifactKey: Guid(0a9fecdf66e082e49a96fd4287981dd0) Importer(2089858483,0ecaa5967403d082aa24f35e1b516d23)
Start importing Assets/ModernSupermarket/Models/Props/Produce/Avocado_pd302k/Textures/Materials/Avocado_pd302k.mat using Guid(0a9fecdf66e082e49a96fd4287981dd0) Importer(2089858483,0ecaa5967403d082aa24f35e1b516d23) [PhysX] Initialized MultithreadedTaskDispatcher with 10 workers.
 -> (artifact id: 'cd8ca951f9d333e39d689b927f5bdd19') in 0.003265 seconds
Number of updated asset objects reloaded before import = 0
Number of asset objects unloaded after import = 5
========================================================================
Received Import Request.
  Time since last request: 0.000036 seconds.
  path: Assets/ModernSupermarket/Models/Props/Utility/Stool_6jdl8x/textures/Stool_6jdl8x_a.png
  artifactKey: Guid(669e15d98469d254db7cb3a090ec4413) Importer(2089858483,0ecaa5967403d082aa24f35e1b516d23)
Start importing Assets/ModernSupermarket/Models/Props/Utility/Stool_6jdl8x/textures/Stool_6jdl8x_a.png using Guid(669e15d98469d254db7cb3a090ec4413) Importer(2089858483,0ecaa5967403d082aa24f35e1b516d23) [PhysX] Initialized MultithreadedTaskDispatcher with 10 workers.
 -> (artifact id: '573ee2aa204ac5cf5cfc120ea12a6d07') in 0.006685 seconds
Number of updated asset objects reloaded before import = 0
Number of asset objects unloaded after import = 1
========================================================================
Received Import Request.
  Time since last request: 0.000066 seconds.
  path: Assets/ModernSupermarket/Models/Props/Products/Vase_x3wysg/Textures/Vase_x3wysg_o.png
  artifactKey: Guid(54b2d2ae71faa7e45848f8b93fce1a18) Importer(2089858483,0ecaa5967403d082aa24f35e1b516d23)
Start importing Assets/ModernSupermarket/Models/Props/Products/Vase_x3wysg/Textures/Vase_x3wysg_o.png using Guid(54b2d2ae71faa7e45848f8b93fce1a18) Importer(2089858483,0ecaa5967403d082aa24f35e1b516d23) [PhysX] Initialized MultithreadedTaskDispatcher with 10 workers.
 -> (artifact id: '58e903f8ed8978074d188e44d0929c29') in 0.005330 seconds
Number of updated asset objects reloaded before import = 0
Number of asset objects unloaded after import = 1
========================================================================
Received Import Request.
  Time since last request: 0.000064 seconds.
  path: Assets/ModernSupermarket/Models/Props/Produce/ChilliPepper_w388hm/Textures/Materials/ChilliPeppers_w388hm.mat
  artifactKey: Guid(d82fdfdcad4e8a945a6adef71782e4d0) Importer(2089858483,0ecaa5967403d082aa24f35e1b516d23)
Start importing Assets/ModernSupermarket/Models/Props/Produce/ChilliPepper_w388hm/Textures/Materials/ChilliPeppers_w388hm.mat using Guid(d82fdfdcad4e8a945a6adef71782e4d0) Importer(2089858483,0ecaa5967403d082aa24f35e1b516d23) [PhysX] Initialized MultithreadedTaskDispatcher with 10 workers.
 -> (artifact id: 'ddd6f391e284d43f034651c98d4a51bc') in 0.005016 seconds
Number of updated asset objects reloaded before import = 0
Number of asset objects unloaded after import = 6
========================================================================
Received Import Request.
  Time since last request: 0.000040 seconds.
  path: Assets/ModernSupermarket/Models/Props/Products/Cake_p6lebj/Textures/Materials/BoxCake_p6lebj.mat
  artifactKey: Guid(91fbd95bdb560f44a853268af1e4851e) Importer(2089858483,0ecaa5967403d082aa24f35e1b516d23)
Start importing Assets/ModernSupermarket/Models/Props/Products/Cake_p6lebj/Textures/Materials/BoxCake_p6lebj.mat using Guid(91fbd95bdb560f44a853268af1e4851e) Importer(2089858483,0ecaa5967403d082aa24f35e1b516d23) [PhysX] Initialized MultithreadedTaskDispatcher with 10 workers.
 -> (artifact id: '3991bc47a707c57df0eca35a09f9d48d') in 0.005870 seconds
Number of updated asset objects reloaded before import = 0
Number of asset objects unloaded after import = 5
========================================================================
Received Import Request.
  Time since last request: 0.000039 seconds.
  path: Assets/ModernSupermarket/Models/Props/Products/Alcohol_qi7uqvr/Textures/Label/Alcohol_qi7uqv_Label_a.png
  artifactKey: Guid(ef168019cd48e364abcd328f9e8554d9) Importer(2089858483,0ecaa5967403d082aa24f35e1b516d23)
Start importing Assets/ModernSupermarket/Models/Props/Products/Alcohol_qi7uqvr/Textures/Label/Alcohol_qi7uqv_Label_a.png using Guid(ef168019cd48e364abcd328f9e8554d9) Importer(2089858483,0ecaa5967403d082aa24f35e1b516d23) [PhysX] Initialized MultithreadedTaskDispatcher with 10 workers.
 -> (artifact id: '4df667045ff488bdce98c48c49bc767a') in 0.006701 seconds
Number of updated asset objects reloaded before import = 0
Number of asset objects unloaded after import = 1
========================================================================
Received Import Request.
  Time since last request: 0.000066 seconds.
  path: Assets/ModernSupermarket/Models/Props/Products/Sugar_o0f6pn/Textures/Sugar_o0f6pn_a.png
  artifactKey: Guid(040f2f6af9fdf6c4b9a65a6d98d07792) Importer(2089858483,0ecaa5967403d082aa24f35e1b516d23)
Start importing Assets/ModernSupermarket/Models/Props/Products/Sugar_o0f6pn/Textures/Sugar_o0f6pn_a.png using Guid(040f2f6af9fdf6c4b9a65a6d98d07792) Importer(2089858483,0ecaa5967403d082aa24f35e1b516d23) [PhysX] Initialized MultithreadedTaskDispatcher with 10 workers.
 -> (artifact id: '85a73860a52e2ef9a58c7f0ebd562e20') in 0.005062 seconds
Number of updated asset objects reloaded before import = 0
Number of asset objects unloaded after import = 1
========================================================================
Received Import Request.
  Time since last request: 0.000052 seconds.
  path: Assets/ModernSupermarket/Models/Props/Products/Oil_ nutmjk/Textures/Oil_nutmjk_n.png
  artifactKey: Guid(a5f1b31c7f26c0147b85c492524f74e8) Importer(2089858483,0ecaa5967403d082aa24f35e1b516d23)
Start importing Assets/ModernSupermarket/Models/Props/Products/Oil_ nutmjk/Textures/Oil_nutmjk_n.png using Guid(a5f1b31c7f26c0147b85c492524f74e8) Importer(2089858483,0ecaa5967403d082aa24f35e1b516d23) [PhysX] Initialized MultithreadedTaskDispatcher with 10 workers.
 -> (artifact id: '884528c2d1b5086e90c03e5ac5609f69') in 0.005572 seconds
Number of updated asset objects reloaded before import = 0
Number of asset objects unloaded after import = 1
========================================================================
Received Import Request.
  Time since last request: 0.000097 seconds.
  path: Assets/ModernSupermarket/Models/Props/Products/SlicedBread_6zus31/Textures/SliceBread_6zus31_Bread_o.png
  artifactKey: Guid(81eb41e0ec3f9fc48afa40dcfdfadebc) Importer(2089858483,0ecaa5967403d082aa24f35e1b516d23)
Start importing Assets/ModernSupermarket/Models/Props/Products/SlicedBread_6zus31/Textures/SliceBread_6zus31_Bread_o.png using Guid(81eb41e0ec3f9fc48afa40dcfdfadebc) Importer(2089858483,0ecaa5967403d082aa24f35e1b516d23) [PhysX] Initialized MultithreadedTaskDispatcher with 10 workers.
 -> (artifact id: 'f057c8a0af02e953d1ddaa903a92c6ef') in 0.005383 seconds
Number of updated asset objects reloaded before import = 0
Number of asset objects unloaded after import = 1
========================================================================
Received Import Request.
  Time since last request: 0.000054 seconds.
  path: Assets/ModernSupermarket/Models/Props/Products/Soda_f6b9gw/Materials/Soda_7gwg2t_a_Var01.mat
  artifactKey: Guid(a5e6d0feeeaa91547bbbaf1dae227ba2) Importer(2089858483,0ecaa5967403d082aa24f35e1b516d23)
Start importing Assets/ModernSupermarket/Models/Props/Products/Soda_f6b9gw/Materials/Soda_7gwg2t_a_Var01.mat using Guid(a5e6d0feeeaa91547bbbaf1dae227ba2) Importer(2089858483,0ecaa5967403d082aa24f35e1b516d23) [PhysX] Initialized MultithreadedTaskDispatcher with 10 workers.
 -> (artifact id: '83373b4236f6bf278af76962028fe803') in 0.002763 seconds
Number of updated asset objects reloaded before import = 0
Number of asset objects unloaded after import = 2
========================================================================
Received Import Request.
  Time since last request: 0.000068 seconds.
  path: Assets/ModernSupermarket/Models/Props/Utility/Stool_6jdl8x/textures/Stool_6jdl8x_m.png
  artifactKey: Guid(68b1b1f13ea1dae468e37111f78921ab) Importer(2089858483,0ecaa5967403d082aa24f35e1b516d23)
Start importing Assets/ModernSupermarket/Models/Props/Utility/Stool_6jdl8x/textures/Stool_6jdl8x_m.png using Guid(68b1b1f13ea1dae468e37111f78921ab) Importer(2089858483,0ecaa5967403d082aa24f35e1b516d23) [PhysX] Initialized MultithreadedTaskDispatcher with 10 workers.
 -> (artifact id: 'f789a3513f08862b7f18c241d3277a9d') in 0.010283 seconds
Number of updated asset objects reloaded before import = 0
Number of asset objects unloaded after import = 1
========================================================================
Received Import Request.
  Time since last request: 0.000057 seconds.
  path: Assets/ModernSupermarket/Models/Props/Products/Shampoo_lvhjkn/Textures/Shampoo_lvhjkn_n.png
  artifactKey: Guid(a64f4b81e5e1b924faca000595239f5d) Importer(2089858483,0ecaa5967403d082aa24f35e1b516d23)
Start importing Assets/ModernSupermarket/Models/Props/Products/Shampoo_lvhjkn/Textures/Shampoo_lvhjkn_n.png using Guid(a64f4b81e5e1b924faca000595239f5d) Importer(2089858483,0ecaa5967403d082aa24f35e1b516d23) [PhysX] Initialized MultithreadedTaskDispatcher with 10 workers.
 -> (artifact id: '97ac61baee7a60cc7d871f8f30776e15') in 0.007650 seconds
Number of updated asset objects reloaded before import = 0
Number of asset objects unloaded after import = 1
========================================================================
Received Import Request.
  Time since last request: 0.000090 seconds.
  path: Assets/ModernSupermarket/Models/Props/Products/Teabox_l5w9ll/Textures/Teabox_l5w9ll_n.png
  artifactKey: Guid(8d194e19f4a935847befdae03d9bbdcd) Importer(2089858483,0ecaa5967403d082aa24f35e1b516d23)
Start importing Assets/ModernSupermarket/Models/Props/Products/Teabox_l5w9ll/Textures/Teabox_l5w9ll_n.png using Guid(8d194e19f4a935847befdae03d9bbdcd) Importer(2089858483,0ecaa5967403d082aa24f35e1b516d23) [PhysX] Initialized MultithreadedTaskDispatcher with 10 workers.
 -> (artifact id: '9a119d0ad2d29b23cc53a74a676a2f2e') in 0.006142 seconds
Number of updated asset objects reloaded before import = 0
Number of asset objects unloaded after import = 1
========================================================================
Received Import Request.
  Time since last request: 0.000090 seconds.
  path: Assets/ModernSupermarket/Models/Props/Products/Pasta_9duit2/Textures/PastaPack_9duit2_a.png
  artifactKey: Guid(295881fb2a4a89944b4f738405a7b1e2) Importer(2089858483,0ecaa5967403d082aa24f35e1b516d23)
Start importing Assets/ModernSupermarket/Models/Props/Products/Pasta_9duit2/Textures/PastaPack_9duit2_a.png using Guid(295881fb2a4a89944b4f738405a7b1e2) Importer(2089858483,0ecaa5967403d082aa24f35e1b516d23) [PhysX] Initialized MultithreadedTaskDispatcher with 10 workers.
 -> (artifact id: '88556c158e1ddf51b9b8bab0d3954760') in 0.005822 seconds
Number of updated asset objects reloaded before import = 0
Number of asset objects unloaded after import = 1
========================================================================
Received Import Request.
  Time since last request: 0.000083 seconds.
  path: Assets/ModernSupermarket/Models/Props/Products/Pasta_g87jtq/Textures/PastaPack_g87jtq_n.png
  artifactKey: Guid(1558eff5b26784b4881181e6b287b6f5) Importer(2089858483,0ecaa5967403d082aa24f35e1b516d23)
Start importing Assets/ModernSupermarket/Models/Props/Products/Pasta_g87jtq/Textures/PastaPack_g87jtq_n.png using Guid(1558eff5b26784b4881181e6b287b6f5) Importer(2089858483,0ecaa5967403d082aa24f35e1b516d23) [PhysX] Initialized MultithreadedTaskDispatcher with 10 workers.
 -> (artifact id: '4638b6939b930511d673f8f9d8e6b932') in 0.005600 seconds
Number of updated asset objects reloaded before import = 0
Number of asset objects unloaded after import = 1
========================================================================
Received Import Request.
  Time since last request: 0.000083 seconds.
  path: Assets/ModernSupermarket/Models/Props/Utility/Computer_dfc1a9/Textures/Computer_dfc1a9_n.png
  artifactKey: Guid(007b338179723fb48a6df277f7914fa8) Importer(2089858483,0ecaa5967403d082aa24f35e1b516d23)
Start importing Assets/ModernSupermarket/Models/Props/Utility/Computer_dfc1a9/Textures/Computer_dfc1a9_n.png using Guid(007b338179723fb48a6df277f7914fa8) Importer(2089858483,0ecaa5967403d082aa24f35e1b516d23) [PhysX] Initialized MultithreadedTaskDispatcher with 10 workers.
 -> (artifact id: '903769770b9ce2f9edf20ed9cadef75f') in 0.006094 seconds
Number of updated asset objects reloaded before import = 0
Number of asset objects unloaded after import = 1
========================================================================
Received Import Request.
  Time since last request: 0.000076 seconds.
  path: Assets/ModernSupermarket/Models/Props/Products/Soap_eegrv7/Textures/Soap_eegrv7_m.png
  artifactKey: Guid(c14fd17f472203a4aa789a2ddb93b39a) Importer(2089858483,0ecaa5967403d082aa24f35e1b516d23)
Start importing Assets/ModernSupermarket/Models/Props/Products/Soap_eegrv7/Textures/Soap_eegrv7_m.png using Guid(c14fd17f472203a4aa789a2ddb93b39a) Importer(2089858483,0ecaa5967403d082aa24f35e1b516d23) [PhysX] Initialized MultithreadedTaskDispatcher with 10 workers.
 -> (artifact id: '9054774484cb45155b688180a1018045') in 0.007744 seconds
Number of updated asset objects reloaded before import = 0
Number of asset objects unloaded after import = 1
========================================================================
Received Import Request.
  Time since last request: 0.000065 seconds.
  path: Assets/ModernSupermarket/Models/Props/Products/Shampoo_vimakk/Textures/Shampoo_vimakk_a_Var02.png
  artifactKey: Guid(47ca1c71f71d67a48a620ab5d413d049) Importer(2089858483,0ecaa5967403d082aa24f35e1b516d23)
Start importing Assets/ModernSupermarket/Models/Props/Products/Shampoo_vimakk/Textures/Shampoo_vimakk_a_Var02.png using Guid(47ca1c71f71d67a48a620ab5d413d049) Importer(2089858483,0ecaa5967403d082aa24f35e1b516d23) [PhysX] Initialized MultithreadedTaskDispatcher with 10 workers.
 -> (artifact id: '4b748be45153ae6bc712505f2714f3ce') in 0.008097 seconds
Number of updated asset objects reloaded before import = 0
Number of asset objects unloaded after import = 1
========================================================================
Received Import Request.
  Time since last request: 0.000075 seconds.
  path: Assets/ModernSupermarket/Models/Props/Products/Soap_1rcsb1/Textures/Soap_1rcsb1_m.png
  artifactKey: Guid(a8542a164c860b24db832752f79a1cb7) Importer(2089858483,0ecaa5967403d082aa24f35e1b516d23)
Start importing Assets/ModernSupermarket/Models/Props/Products/Soap_1rcsb1/Textures/Soap_1rcsb1_m.png using Guid(a8542a164c860b24db832752f79a1cb7) Importer(2089858483,0ecaa5967403d082aa24f35e1b516d23) [PhysX] Initialized MultithreadedTaskDispatcher with 10 workers.
 -> (artifact id: 'c53f967be5280deae81729461e17a41b') in 0.005024 seconds
Number of updated asset objects reloaded before import = 0
Number of asset objects unloaded after import = 1
========================================================================
Received Import Request.
  Time since last request: 0.000050 seconds.
  path: Assets/ModernSupermarket/Models/Props/Products/Teabox_nokda4/Textures/Teabox_nokda4_a.png
  artifactKey: Guid(c25fea9020be12f46a0d000b9a37509b) Importer(2089858483,0ecaa5967403d082aa24f35e1b516d23)
Start importing Assets/ModernSupermarket/Models/Props/Products/Teabox_nokda4/Textures/Teabox_nokda4_a.png using Guid(c25fea9020be12f46a0d000b9a37509b) Importer(2089858483,0ecaa5967403d082aa24f35e1b516d23) [PhysX] Initialized MultithreadedTaskDispatcher with 10 workers.
 -> (artifact id: 'e383cf89097e0d2c342f97b21b0bde5b') in 0.004829 seconds
Number of updated asset objects reloaded before import = 0
Number of asset objects unloaded after import = 1
========================================================================
Received Import Request.
  Time since last request: 0.000083 seconds.
  path: Assets/ModernSupermarket/Models/Props/Products/Sugar_o0f6pn/Textures/Sugar_o0f6pn_a_Var02.png
  artifactKey: Guid(a1779a3166b420242b31a2e357d45aba) Importer(2089858483,0ecaa5967403d082aa24f35e1b516d23)
Start importing Assets/ModernSupermarket/Models/Props/Products/Sugar_o0f6pn/Textures/Sugar_o0f6pn_a_Var02.png using Guid(a1779a3166b420242b31a2e357d45aba) Importer(2089858483,0ecaa5967403d082aa24f35e1b516d23) [PhysX] Initialized MultithreadedTaskDispatcher with 10 workers.
 -> (artifact id: '1af3e05bee6d46a0ee327097e2b1141f') in 0.005158 seconds
Number of updated asset objects reloaded before import = 0
Number of asset objects unloaded after import = 1
========================================================================
Received Import Request.
  Time since last request: 0.000064 seconds.
  path: Assets/ModernSupermarket/Models/Props/Utility/Crate_3m39yz/Textures/Crate_3m39yzVar02_mask.png
  artifactKey: Guid(3d19eed09f264a24dbb5db85deff0550) Importer(2089858483,0ecaa5967403d082aa24f35e1b516d23)
Start importing Assets/ModernSupermarket/Models/Props/Utility/Crate_3m39yz/Textures/Crate_3m39yzVar02_mask.png using Guid(3d19eed09f264a24dbb5db85deff0550) Importer(2089858483,0ecaa5967403d082aa24f35e1b516d23) [PhysX] Initialized MultithreadedTaskDispatcher with 10 workers.
 -> (artifact id: '7b8df604161e0e52c7ae82dc418b5f69') in 0.008094 seconds
Number of updated asset objects reloaded before import = 0
Number of asset objects unloaded after import = 1
========================================================================
Received Import Request.
  Time since last request: 0.000044 seconds.
  path: Assets/ModernSupermarket/Models/Props/Products/TinCan_60afsy/Textures/TinCan_60afsy_a.png
  artifactKey: Guid(16f5e5082effdf94897abcf9fce5d74e) Importer(2089858483,0ecaa5967403d082aa24f35e1b516d23)
Start importing Assets/ModernSupermarket/Models/Props/Products/TinCan_60afsy/Textures/TinCan_60afsy_a.png using Guid(16f5e5082effdf94897abcf9fce5d74e) Importer(2089858483,0ecaa5967403d082aa24f35e1b516d23) [PhysX] Initialized MultithreadedTaskDispatcher with 10 workers.
 -> (artifact id: '87c0a0ce14e7238b2b30c21db2e86bf3') in 0.005957 seconds
Number of updated asset objects reloaded before import = 0
Number of asset objects unloaded after import = 1
========================================================================
Received Import Request.
  Time since last request: 0.000069 seconds.
  path: Assets/ModernSupermarket/Models/Props/Utility/Basket_o52iei/Textures/Basket_o52iei_condiments04_n.png
  artifactKey: Guid(c23fe3eada7453f439bdd4aa42f947e9) Importer(2089858483,0ecaa5967403d082aa24f35e1b516d23)
Start importing Assets/ModernSupermarket/Models/Props/Utility/Basket_o52iei/Textures/Basket_o52iei_condiments04_n.png using Guid(c23fe3eada7453f439bdd4aa42f947e9) Importer(2089858483,0ecaa5967403d082aa24f35e1b516d23) [PhysX] Initialized MultithreadedTaskDispatcher with 10 workers.
 -> (artifact id: '65fc79c7a62bfa96485e61d3b7192841') in 0.005336 seconds
Number of updated asset objects reloaded before import = 0
Number of asset objects unloaded after import = 1
========================================================================
Received Import Request.
  Time since last request: 0.000063 seconds.
  path: Assets/ModernSupermarket/Models/Props/Products/SweetJar_lpbii4/Textures/SweetJar_lpbii4_m.png
  artifactKey: Guid(7382786a4516d6746b60a3db82f74352) Importer(2089858483,0ecaa5967403d082aa24f35e1b516d23)
Start importing Assets/ModernSupermarket/Models/Props/Products/SweetJar_lpbii4/Textures/SweetJar_lpbii4_m.png using Guid(7382786a4516d6746b60a3db82f74352) Importer(2089858483,0ecaa5967403d082aa24f35e1b516d23) [PhysX] Initialized MultithreadedTaskDispatcher with 10 workers.
 -> (artifact id: '9055f07b84e0f78734c1177c85d08a50') in 0.005049 seconds
Number of updated asset objects reloaded before import = 0
Number of asset objects unloaded after import = 1
========================================================================
Received Import Request.
  Time since last request: 0.000075 seconds.
  path: Assets/ModernSupermarket/Models/Props/Utility/Cart_nabnuh/Textures/Cart_nabnuh_mask.png
  artifactKey: Guid(2d9f535914944d14bb42e77492f12f01) Importer(2089858483,0ecaa5967403d082aa24f35e1b516d23)
Start importing Assets/ModernSupermarket/Models/Props/Utility/Cart_nabnuh/Textures/Cart_nabnuh_mask.png using Guid(2d9f535914944d14bb42e77492f12f01) Importer(2089858483,0ecaa5967403d082aa24f35e1b516d23) [PhysX] Initialized MultithreadedTaskDispatcher with 10 workers.
 -> (artifact id: 'ef86b6e0c5a7bd85b52f6ca7211e9e5a') in 0.006140 seconds
Number of updated asset objects reloaded before import = 0
Number of asset objects unloaded after import = 1
========================================================================
Received Import Request.
  Time since last request: 0.000068 seconds.
  path: Assets/ModernSupermarket/Models/Props/Products/Teabox_nokda4/Textures/Teabox_nokda4_m.png
  artifactKey: Guid(d21289c1c43331649ad1fdaef407e104) Importer(2089858483,0ecaa5967403d082aa24f35e1b516d23)
Start importing Assets/ModernSupermarket/Models/Props/Products/Teabox_nokda4/Textures/Teabox_nokda4_m.png using Guid(d21289c1c43331649ad1fdaef407e104) Importer(2089858483,0ecaa5967403d082aa24f35e1b516d23) [PhysX] Initialized MultithreadedTaskDispatcher with 10 workers.
 -> (artifact id: 'c2fba77cf0acedfb35c45e5ed9a7e923') in 0.007948 seconds
Number of updated asset objects reloaded before import = 0
Number of asset objects unloaded after import = 1
========================================================================
Received Import Request.
  Time since last request: 0.000089 seconds.
  path: Assets/ModernSupermarket/Models/Props/Products/WineBottle_2b6kjh/Textures/WineBottle_2b6kjh_n.png
  artifactKey: Guid(b48bd2491e7f16b42990f7fbb3ad8abc) Importer(2089858483,0ecaa5967403d082aa24f35e1b516d23)
Start importing Assets/ModernSupermarket/Models/Props/Products/WineBottle_2b6kjh/Textures/WineBottle_2b6kjh_n.png using Guid(b48bd2491e7f16b42990f7fbb3ad8abc) Importer(2089858483,0ecaa5967403d082aa24f35e1b516d23) [PhysX] Initialized MultithreadedTaskDispatcher with 10 workers.
 -> (artifact id: '9e0de37afe4e17549faed51756659e5f') in 0.005704 seconds
Number of updated asset objects reloaded before import = 0
Number of asset objects unloaded after import = 1
========================================================================
Received Import Request.
  Time since last request: 0.000061 seconds.
  path: Assets/ModernSupermarket/Models/Props/Products/Paintings_wmgwnw/Textures/Paintings_wmgwnw_n.png
  artifactKey: Guid(d3ee3a659c6315245b754ea408384863) Importer(2089858483,0ecaa5967403d082aa24f35e1b516d23)
Start importing Assets/ModernSupermarket/Models/Props/Products/Paintings_wmgwnw/Textures/Paintings_wmgwnw_n.png using Guid(d3ee3a659c6315245b754ea408384863) Importer(2089858483,0ecaa5967403d082aa24f35e1b516d23) [PhysX] Initialized MultithreadedTaskDispatcher with 10 workers.
 -> (artifact id: 'fc7ec4996d6e651a2e971fa9c9d6c845') in 0.005608 seconds
Number of updated asset objects reloaded before import = 0
Number of asset objects unloaded after import = 1
========================================================================
Received Import Request.
  Time since last request: 0.000098 seconds.
  path: Assets/ModernSupermarket/Models/Props/Products/Toothpaste_duqkf2/Textures/Toothpaste_duqkf2_o.png
  artifactKey: Guid(5f4b88788d07de241848a64e19696cdf) Importer(2089858483,0ecaa5967403d082aa24f35e1b516d23)
Start importing Assets/ModernSupermarket/Models/Props/Products/Toothpaste_duqkf2/Textures/Toothpaste_duqkf2_o.png using Guid(5f4b88788d07de241848a64e19696cdf) Importer(2089858483,0ecaa5967403d082aa24f35e1b516d23) [PhysX] Initialized MultithreadedTaskDispatcher with 10 workers.
 -> (artifact id: 'c3de88fa7be6dccf4c7647b5f62aafc9') in 0.004796 seconds
Number of updated asset objects reloaded before import = 0
Number of asset objects unloaded after import = 1
========================================================================
Received Import Request.
  Time since last request: 0.000083 seconds.
  path: Assets/ModernSupermarket/Models/Props/Products/Sugar_prsmvy/Textures/Sugar_prsmvy_a.png
  artifactKey: Guid(fe4d1478210812545ba7630d01f38dbf) Importer(2089858483,0ecaa5967403d082aa24f35e1b516d23)
Start importing Assets/ModernSupermarket/Models/Props/Products/Sugar_prsmvy/Textures/Sugar_prsmvy_a.png using Guid(fe4d1478210812545ba7630d01f38dbf) Importer(2089858483,0ecaa5967403d082aa24f35e1b516d23) [PhysX] Initialized MultithreadedTaskDispatcher with 10 workers.
 -> (artifact id: '0d7be325b5c30274af1cf8382c1c7762') in 0.005072 seconds
Number of updated asset objects reloaded before import = 0
Number of asset objects unloaded after import = 1
========================================================================
Received Import Request.
  Time since last request: 0.000073 seconds.
  path: Assets/ModernSupermarket/Models/Props/Products/Sugar_prsmvy/Textures/Sugar_prsmvy_n.png
  artifactKey: Guid(c0c37ba0a1e0e464ebb1d2de43dab6d3) Importer(2089858483,0ecaa5967403d082aa24f35e1b516d23)
Start importing Assets/ModernSupermarket/Models/Props/Products/Sugar_prsmvy/Textures/Sugar_prsmvy_n.png using Guid(c0c37ba0a1e0e464ebb1d2de43dab6d3) Importer(2089858483,0ecaa5967403d082aa24f35e1b516d23) [PhysX] Initialized MultithreadedTaskDispatcher with 10 workers.
 -> (artifact id: 'e40bc7d669908512f812d847e2cbcb3c') in 0.005221 seconds
Number of updated asset objects reloaded before import = 0
Number of asset objects unloaded after import = 1
========================================================================
Received Import Request.
  Time since last request: 0.000116 seconds.
  path: Assets/ModernSupermarket/Models/Props/Products/Sugar_ffc568/Textures/Sugar_ffc568_n.png
  artifactKey: Guid(bab65320b2465a246a79749cd3149f61) Importer(2089858483,0ecaa5967403d082aa24f35e1b516d23)
Start importing Assets/ModernSupermarket/Models/Props/Products/Sugar_ffc568/Textures/Sugar_ffc568_n.png using Guid(bab65320b2465a246a79749cd3149f61) Importer(2089858483,0ecaa5967403d082aa24f35e1b516d23) [PhysX] Initialized MultithreadedTaskDispatcher with 10 workers.
 -> (artifact id: '50d34fc05a59c88ac57894adc5b4953f') in 0.008008 seconds
Number of updated asset objects reloaded before import = 0
Number of asset objects unloaded after import = 1
========================================================================
Received Import Request.
  Time since last request: 0.000055 seconds.
  path: Assets/ModernSupermarket/Models/Props/Products/Rooflight_ll6qt0/textures/RoofLight_ll6qt0_a.png
  artifactKey: Guid(ab0d23963f3cc30478ef587fc18dc2e2) Importer(2089858483,0ecaa5967403d082aa24f35e1b516d23)
Start importing Assets/ModernSupermarket/Models/Props/Products/Rooflight_ll6qt0/textures/RoofLight_ll6qt0_a.png using Guid(ab0d23963f3cc30478ef587fc18dc2e2) Importer(2089858483,0ecaa5967403d082aa24f35e1b516d23) [PhysX] Initialized MultithreadedTaskDispatcher with 10 workers.
 -> (artifact id: '3f216360f2464e426f959cd4841a9b86') in 0.005520 seconds
Number of updated asset objects reloaded before import = 0
Number of asset objects unloaded after import = 1
========================================================================
Received Import Request.
  Time since last request: 0.000063 seconds.
  path: Assets/ModernSupermarket/Models/Props/Products/Shampoo_lvhjkn/Textures/Shampoo_lvhjkn_o.png
  artifactKey: Guid(42503c445f4f9e6449756375b6c32633) Importer(2089858483,0ecaa5967403d082aa24f35e1b516d23)
Start importing Assets/ModernSupermarket/Models/Props/Products/Shampoo_lvhjkn/Textures/Shampoo_lvhjkn_o.png using Guid(42503c445f4f9e6449756375b6c32633) Importer(2089858483,0ecaa5967403d082aa24f35e1b516d23) [PhysX] Initialized MultithreadedTaskDispatcher with 10 workers.
 -> (artifact id: '23744cde54e2c7ba80b57d3e61f89377') in 0.006529 seconds
Number of updated asset objects reloaded before import = 0
Number of asset objects unloaded after import = 1
========================================================================
Received Import Request.
  Time since last request: 0.000144 seconds.
  path: Assets/ModernSupermarket/Models/Props/Utility/Bag_my9wcp/Textures/Bag_my9wcp_m.png
  artifactKey: Guid(6779ea547d4e3a24d86751bcbc0268db) Importer(2089858483,0ecaa5967403d082aa24f35e1b516d23)
Start importing Assets/ModernSupermarket/Models/Props/Utility/Bag_my9wcp/Textures/Bag_my9wcp_m.png using Guid(6779ea547d4e3a24d86751bcbc0268db) Importer(2089858483,0ecaa5967403d082aa24f35e1b516d23) [PhysX] Initialized MultithreadedTaskDispatcher with 10 workers.
 -> (artifact id: '0f3d9e3d355db3b76694f5aee25263cb') in 0.005494 seconds
Number of updated asset objects reloaded before import = 0
Number of asset objects unloaded after import = 1
========================================================================
Received Import Request.
  Time since last request: 0.000071 seconds.
  path: Assets/ModernSupermarket/Models/Props/Products/Shampoo_vimakk/Textures/Shampoo_vimakk_m.png
  artifactKey: Guid(f2cd6ff47d57d2f4f9a590f5be65a1fc) Importer(2089858483,0ecaa5967403d082aa24f35e1b516d23)
Start importing Assets/ModernSupermarket/Models/Props/Products/Shampoo_vimakk/Textures/Shampoo_vimakk_m.png using Guid(f2cd6ff47d57d2f4f9a590f5be65a1fc) Importer(2089858483,0ecaa5967403d082aa24f35e1b516d23) [PhysX] Initialized MultithreadedTaskDispatcher with 10 workers.
 -> (artifact id: '097355e68cce37d5263c02dc87e04004') in 0.007815 seconds
Number of updated asset objects reloaded before import = 0
Number of asset objects unloaded after import = 1
========================================================================
Received Import Request.
  Time since last request: 0.000076 seconds.
  path: Assets/ModernSupermarket/Models/Props/Products/Alcohol_qi7uqvr/Textures/Label/Alcohol_qi7uqv_Label_m.png
  artifactKey: Guid(6181c678974da2c44bd62851a30617d9) Importer(2089858483,0ecaa5967403d082aa24f35e1b516d23)
Start importing Assets/ModernSupermarket/Models/Props/Products/Alcohol_qi7uqvr/Textures/Label/Alcohol_qi7uqv_Label_m.png using Guid(6181c678974da2c44bd62851a30617d9) Importer(2089858483,0ecaa5967403d082aa24f35e1b516d23) [PhysX] Initialized MultithreadedTaskDispatcher with 10 workers.
 -> (artifact id: '3bc4527a99b037fa79b3535e136c6d67') in 0.010246 seconds
Number of updated asset objects reloaded before import = 0
Number of asset objects unloaded after import = 1
========================================================================
Received Import Request.
  Time since last request: 0.000045 seconds.
  path: Assets/ModernSupermarket/Models/Props/Products/Cereal_me9j99/Textures/Materials/Cereal_me9j99_Var01.mat
  artifactKey: Guid(d6c02b1a8ec018144a23498f5e56902f) Importer(2089858483,0ecaa5967403d082aa24f35e1b516d23)
Start importing Assets/ModernSupermarket/Models/Props/Products/Cereal_me9j99/Textures/Materials/Cereal_me9j99_Var01.mat using Guid(d6c02b1a8ec018144a23498f5e56902f) Importer(2089858483,0ecaa5967403d082aa24f35e1b516d23) [PhysX] Initialized MultithreadedTaskDispatcher with 10 workers.
 -> (artifact id: '9db02b50d2f8366cf42648018cbce08c') in 0.003682 seconds
Number of updated asset objects reloaded before import = 0
Number of asset objects unloaded after import = 4
========================================================================
Received Import Request.
  Time since last request: 0.000049 seconds.
  path: Assets/ModernSupermarket/Models/Props/Utility/Basket_o52iei/Textures/Basket_o52iei_h.png
  artifactKey: Guid(9889087c92e086d4bb29ba8b38c26e9f) Importer(2089858483,0ecaa5967403d082aa24f35e1b516d23)
Start importing Assets/ModernSupermarket/Models/Props/Utility/Basket_o52iei/Textures/Basket_o52iei_h.png using Guid(9889087c92e086d4bb29ba8b38c26e9f) Importer(2089858483,0ecaa5967403d082aa24f35e1b516d23) [PhysX] Initialized MultithreadedTaskDispatcher with 10 workers.
 -> (artifact id: '7afd52a8805385e538a4061cdfcdae42') in 0.005490 seconds
Number of updated asset objects reloaded before import = 0
Number of asset objects unloaded after import = 1
========================================================================
Received Import Request.
  Time since last request: 0.000309 seconds.
  path: Assets/ModernSupermarket/Models/Props/Products/Rice_rewt3q/Textures/RicePack_rewt3q_o.png
  artifactKey: Guid(b023af32805e17a47b7495f8de4ffd50) Importer(2089858483,0ecaa5967403d082aa24f35e1b516d23)
Start importing Assets/ModernSupermarket/Models/Props/Products/Rice_rewt3q/Textures/RicePack_rewt3q_o.png using Guid(b023af32805e17a47b7495f8de4ffd50) Importer(2089858483,0ecaa5967403d082aa24f35e1b516d23) [PhysX] Initialized MultithreadedTaskDispatcher with 10 workers.
 -> (artifact id: '2db444e9d265bac63955246e18e9f789') in 0.006387 seconds
Number of updated asset objects reloaded before import = 0
Number of asset objects unloaded after import = 1
========================================================================
Received Import Request.
  Time since last request: 0.000039 seconds.
  path: Assets/ModernSupermarket/Models/Props/Utility/WetFloor_fxi59q/Textures/WetFloor_fxi59q_sss.png
  artifactKey: Guid(0647237866834794095cb0ca43bfd8a6) Importer(2089858483,0ecaa5967403d082aa24f35e1b516d23)
Start importing Assets/ModernSupermarket/Models/Props/Utility/WetFloor_fxi59q/Textures/WetFloor_fxi59q_sss.png using Guid(0647237866834794095cb0ca43bfd8a6) Importer(2089858483,0ecaa5967403d082aa24f35e1b516d23) [PhysX] Initialized MultithreadedTaskDispatcher with 10 workers.
 -> (artifact id: '25e4af850ad9eb1454423287d6fdc1e9') in 0.006383 seconds
Number of updated asset objects reloaded before import = 0
Number of asset objects unloaded after import = 1
========================================================================
Received Import Request.
  Time since last request: 0.000089 seconds.
  path: Assets/ModernSupermarket/Models/Props/Products/WhippedCream_wm5t5v/Textures/WhippedCream_wm5t5v_o.png
  artifactKey: Guid(d316a03eeecfc974bb3b14dc83f78767) Importer(2089858483,0ecaa5967403d082aa24f35e1b516d23)
Start importing Assets/ModernSupermarket/Models/Props/Products/WhippedCream_wm5t5v/Textures/WhippedCream_wm5t5v_o.png using Guid(d316a03eeecfc974bb3b14dc83f78767) Importer(2089858483,0ecaa5967403d082aa24f35e1b516d23) [PhysX] Initialized MultithreadedTaskDispatcher with 10 workers.
 -> (artifact id: '565498af9822efab94d3be86183a8596') in 0.004962 seconds
Number of updated asset objects reloaded before import = 0
Number of asset objects unloaded after import = 1
========================================================================
Received Import Request.
  Time since last request: 0.000068 seconds.
  path: Assets/ModernSupermarket/Models/Props/Products/Pizza_ehb1pe/Textures/Pizza_ehb1pe_a_Var02.png
  artifactKey: Guid(b5bd58478c6d4f3408288bb43035571e) Importer(2089858483,0ecaa5967403d082aa24f35e1b516d23)
Start importing Assets/ModernSupermarket/Models/Props/Products/Pizza_ehb1pe/Textures/Pizza_ehb1pe_a_Var02.png using Guid(b5bd58478c6d4f3408288bb43035571e) Importer(2089858483,0ecaa5967403d082aa24f35e1b516d23) [PhysX] Initialized MultithreadedTaskDispatcher with 10 workers.
 -> (artifact id: '89c8d29105be03209e6fb968255ae88b') in 0.008283 seconds
Number of updated asset objects reloaded before import = 0
Number of asset objects unloaded after import = 1
========================================================================
Received Import Request.
  Time since last request: 0.000066 seconds.
  path: Assets/ModernSupermarket/Models/Props/Products/YoghurtPack_kjd150/Textures/YoghurtPack_rk7lsf_Var02_a.png
  artifactKey: Guid(3c3a9adee1af78c4fae77483ed127c8d) Importer(2089858483,0ecaa5967403d082aa24f35e1b516d23)
Start importing Assets/ModernSupermarket/Models/Props/Products/YoghurtPack_kjd150/Textures/YoghurtPack_rk7lsf_Var02_a.png using Guid(3c3a9adee1af78c4fae77483ed127c8d) Importer(2089858483,0ecaa5967403d082aa24f35e1b516d23) [PhysX] Initialized MultithreadedTaskDispatcher with 10 workers.
 -> (artifact id: '6fadf5853da53386e7796820f00792fb') in 0.005671 seconds
Number of updated asset objects reloaded before import = 0
Number of asset objects unloaded after import = 1
========================================================================
Received Import Request.
  Time since last request: 0.000083 seconds.
  path: Assets/ModernSupermarket/Models/Props/Utility/Basket_o52iei/Textures/Basket_o52iei_condiments01_a.png
  artifactKey: Guid(dc1dd6b7d5b217548b5c091a61b894c6) Importer(2089858483,0ecaa5967403d082aa24f35e1b516d23)
Start importing Assets/ModernSupermarket/Models/Props/Utility/Basket_o52iei/Textures/Basket_o52iei_condiments01_a.png using Guid(dc1dd6b7d5b217548b5c091a61b894c6) Importer(2089858483,0ecaa5967403d082aa24f35e1b516d23) [PhysX] Initialized MultithreadedTaskDispatcher with 10 workers.
 -> (artifact id: '0e8c5c13a9cb525c442ba58a18c90709') in 0.005367 seconds
Number of updated asset objects reloaded before import = 0
Number of asset objects unloaded after import = 1
========================================================================
Received Import Request.
  Time since last request: 0.000073 seconds.
  path: Assets/ModernSupermarket/Models/Props/Products/BeerKeg_byk96e/Textures/Materials/BeerKeg_byk96e_Plastic.mat
  artifactKey: Guid(17fa528460252dc41b8850c75703a494) Importer(2089858483,0ecaa5967403d082aa24f35e1b516d23)
Start importing Assets/ModernSupermarket/Models/Props/Products/BeerKeg_byk96e/Textures/Materials/BeerKeg_byk96e_Plastic.mat using Guid(17fa528460252dc41b8850c75703a494) Importer(2089858483,0ecaa5967403d082aa24f35e1b516d23) [PhysX] Initialized MultithreadedTaskDispatcher with 10 workers.
 -> (artifact id: 'ba033f5c6aa6335574412d85a0c531f4') in 0.004189 seconds
Number of updated asset objects reloaded before import = 0
Number of asset objects unloaded after import = 4
========================================================================
Received Import Request.
  Time since last request: 0.000034 seconds.
  path: Assets/ModernSupermarket/Models/Props/Produce/Mango_1xw10k/Textures/Materials/Mango_1xw10k.mat
  artifactKey: Guid(007959a32c2f85c40a13f29af9b88f68) Importer(2089858483,0ecaa5967403d082aa24f35e1b516d23)
Start importing Assets/ModernSupermarket/Models/Props/Produce/Mango_1xw10k/Textures/Materials/Mango_1xw10k.mat using Guid(007959a32c2f85c40a13f29af9b88f68) Importer(2089858483,0ecaa5967403d082aa24f35e1b516d23) [PhysX] Initialized MultithreadedTaskDispatcher with 10 workers.
 -> (artifact id: 'ed30b70ef9f2281b085f5cb6913dbf51') in 0.003029 seconds
Number of updated asset objects reloaded before import = 0
Number of asset objects unloaded after import = 5
========================================================================
Received Import Request.
  Time since last request: 0.000039 seconds.
  path: Assets/ModernSupermarket/Models/Props/Products/TinCan_60afsy/Textures/TinCan_60afsy_n.png
  artifactKey: Guid(40a3a006aefeeb84982ad79daf0fed89) Importer(2089858483,0ecaa5967403d082aa24f35e1b516d23)
Start importing Assets/ModernSupermarket/Models/Props/Products/TinCan_60afsy/Textures/TinCan_60afsy_n.png using Guid(40a3a006aefeeb84982ad79daf0fed89) Importer(2089858483,0ecaa5967403d082aa24f35e1b516d23) [PhysX] Initialized MultithreadedTaskDispatcher with 10 workers.
 -> (artifact id: '9cb8c66592fd4d4782c591daf24b9463') in 0.005372 seconds
Number of updated asset objects reloaded before import = 0
Number of asset objects unloaded after import = 1
========================================================================
Received Import Request.
  Time since last request: 0.000069 seconds.
  path: Assets/ModernSupermarket/Models/Props/Utility/Basket_o52iei/Textures/Basket_o52iei_condiments01_m.png
  artifactKey: Guid(24a0f8afff0e84041a2297382d3257a0) Importer(2089858483,0ecaa5967403d082aa24f35e1b516d23)
Start importing Assets/ModernSupermarket/Models/Props/Utility/Basket_o52iei/Textures/Basket_o52iei_condiments01_m.png using Guid(24a0f8afff0e84041a2297382d3257a0) Importer(2089858483,0ecaa5967403d082aa24f35e1b516d23) [PhysX] Initialized MultithreadedTaskDispatcher with 10 workers.
 -> (artifact id: '7853f7488ff14416f1121e26db5d8bd7') in 0.007553 seconds
Number of updated asset objects reloaded before import = 0
Number of asset objects unloaded after import = 1
========================================================================
Received Import Request.
  Time since last request: 0.000050 seconds.
  path: Assets/ModernSupermarket/Models/Props/Products/Sauce_cfrew8/Textures/Sauce_cfrew8_a.png
  artifactKey: Guid(c9c56f3cc3bd4ff49b02745748f2ba4f) Importer(2089858483,0ecaa5967403d082aa24f35e1b516d23)
Start importing Assets/ModernSupermarket/Models/Props/Products/Sauce_cfrew8/Textures/Sauce_cfrew8_a.png using Guid(c9c56f3cc3bd4ff49b02745748f2ba4f) Importer(2089858483,0ecaa5967403d082aa24f35e1b516d23) [PhysX] Initialized MultithreadedTaskDispatcher with 10 workers.
 -> (artifact id: '38674a668adb358fe35bf42154229c2b') in 0.005570 seconds
Number of updated asset objects reloaded before import = 0
Number of asset objects unloaded after import = 1
========================================================================
Received Import Request.
  Time since last request: 0.000088 seconds.
  path: Assets/ModernSupermarket/Models/Props/Products/Shampoo_vimakk/Textures/Shampoo_vimakk_a.png
  artifactKey: Guid(5d59eacfd9997c44b8c195836aa813ae) Importer(2089858483,0ecaa5967403d082aa24f35e1b516d23)
Start importing Assets/ModernSupermarket/Models/Props/Products/Shampoo_vimakk/Textures/Shampoo_vimakk_a.png using Guid(5d59eacfd9997c44b8c195836aa813ae) Importer(2089858483,0ecaa5967403d082aa24f35e1b516d23) [PhysX] Initialized MultithreadedTaskDispatcher with 10 workers.
 -> (artifact id: '2a53539925599e1faa1725b17962f826') in 0.007468 seconds
Number of updated asset objects reloaded before import = 0
Number of asset objects unloaded after import = 1
========================================================================
Received Import Request.
  Time since last request: 0.000067 seconds.
  path: Assets/ModernSupermarket/Models/Props/Products/Pasta_9duit2/Textures/PastaPack_9duit2_m.png
  artifactKey: Guid(d43ada5e2357e8b49a267b6f390cb062) Importer(2089858483,0ecaa5967403d082aa24f35e1b516d23)
Start importing Assets/ModernSupermarket/Models/Props/Products/Pasta_9duit2/Textures/PastaPack_9duit2_m.png using Guid(d43ada5e2357e8b49a267b6f390cb062) Importer(2089858483,0ecaa5967403d082aa24f35e1b516d23) [PhysX] Initialized MultithreadedTaskDispatcher with 10 workers.
 -> (artifact id: '877c209ec90cd9a99ec43e67f6510963') in 0.005642 seconds
Number of updated asset objects reloaded before import = 0
Number of asset objects unloaded after import = 1
========================================================================
Received Import Request.
  Time since last request: 0.000056 seconds.
  path: Assets/ModernSupermarket/Models/Props/Products/PotatoBag_gcx3y2/Textures/PotatoeBag_gcx3y2_n.png
  artifactKey: Guid(477edebe55f74874fa7c185e1bf2132f) Importer(2089858483,0ecaa5967403d082aa24f35e1b516d23)
Start importing Assets/ModernSupermarket/Models/Props/Products/PotatoBag_gcx3y2/Textures/PotatoeBag_gcx3y2_n.png using Guid(477edebe55f74874fa7c185e1bf2132f) Importer(2089858483,0ecaa5967403d082aa24f35e1b516d23) [PhysX] Initialized MultithreadedTaskDispatcher with 10 workers.
 -> (artifact id: '5434ac2d42adece9be86c8a8be4d71ea') in 0.005467 seconds
Number of updated asset objects reloaded before import = 0
Number of asset objects unloaded after import = 1
========================================================================
Received Import Request.
  Time since last request: 0.000092 seconds.
  path: Assets/ModernSupermarket/Models/Props/Products/Beer_lryra7/Textures/Materials/BeerBottle_fdde0u_Label_Var02.mat
  artifactKey: Guid(5915ad29d69403f439d6f9ad1f9ac4f2) Importer(2089858483,0ecaa5967403d082aa24f35e1b516d23)
Start importing Assets/ModernSupermarket/Models/Props/Products/Beer_lryra7/Textures/Materials/BeerBottle_fdde0u_Label_Var02.mat using Guid(5915ad29d69403f439d6f9ad1f9ac4f2) Importer(2089858483,0ecaa5967403d082aa24f35e1b516d23) [PhysX] Initialized MultithreadedTaskDispatcher with 10 workers.
 -> (artifact id: '230431f27fd3d4b81c434532232adc58') in 0.003173 seconds
Number of updated asset objects reloaded before import = 0
Number of asset objects unloaded after import = 4
========================================================================
Received Import Request.
  Time since last request: 0.000086 seconds.
  path: Assets/ModernSupermarket/Models/Props/Utility/CashMachine_lazhgf/Textures/CashMachine_lazhgf_Monitor.png
  artifactKey: Guid(23f4add79c160fa44b715c741b4d6e57) Importer(2089858483,0ecaa5967403d082aa24f35e1b516d23)
Start importing Assets/ModernSupermarket/Models/Props/Utility/CashMachine_lazhgf/Textures/CashMachine_lazhgf_Monitor.png using Guid(23f4add79c160fa44b715c741b4d6e57) Importer(2089858483,0ecaa5967403d082aa24f35e1b516d23) [PhysX] Initialized MultithreadedTaskDispatcher with 10 workers.
 -> (artifact id: '4a1636f77a5de5fff6b9842a58065341') in 0.007732 seconds
Number of updated asset objects reloaded before import = 0
Number of asset objects unloaded after import = 1
========================================================================
Received Import Request.
  Time since last request: 0.000061 seconds.
  path: Assets/ModernSupermarket/Models/Props/Produce/Potato_px2ht4/Textures/Materials/Potato_px2ht4.mat
  artifactKey: Guid(a84bbee8867aed14ab413192df73d512) Importer(2089858483,0ecaa5967403d082aa24f35e1b516d23)
Start importing Assets/ModernSupermarket/Models/Props/Produce/Potato_px2ht4/Textures/Materials/Potato_px2ht4.mat using Guid(a84bbee8867aed14ab413192df73d512) Importer(2089858483,0ecaa5967403d082aa24f35e1b516d23) [PhysX] Initialized MultithreadedTaskDispatcher with 10 workers.
 -> (artifact id: '7a48513ce75a6c5260e23e6f32f6eab1') in 0.003156 seconds
Number of updated asset objects reloaded before import = 0
Number of asset objects unloaded after import = 4
========================================================================
Received Import Request.
  Time since last request: 0.000067 seconds.
  path: Assets/ModernSupermarket/Models/Props/Products/Sugar_prsmvy/Textures/Sugar_prsmvy_m.png
  artifactKey: Guid(db45b12b4e4d97c42a9f428c1792b1aa) Importer(2089858483,0ecaa5967403d082aa24f35e1b516d23)
Start importing Assets/ModernSupermarket/Models/Props/Products/Sugar_prsmvy/Textures/Sugar_prsmvy_m.png using Guid(db45b12b4e4d97c42a9f428c1792b1aa) Importer(2089858483,0ecaa5967403d082aa24f35e1b516d23) [PhysX] Initialized MultithreadedTaskDispatcher with 10 workers.
 -> (artifact id: 'a4d6ce5136bf4b1b4485b1edb6983ae8') in 0.005220 seconds
Number of updated asset objects reloaded before import = 0
Number of asset objects unloaded after import = 1
========================================================================
Received Import Request.
  Time since last request: 0.000082 seconds.
  path: Assets/ModernSupermarket/Models/Props/Products/PaperTowel_b8o0yi/Textures/PaperTowel_b8o0yi_n.png
  artifactKey: Guid(63db18516212895418d7e61300f79166) Importer(2089858483,0ecaa5967403d082aa24f35e1b516d23)
Start importing Assets/ModernSupermarket/Models/Props/Products/PaperTowel_b8o0yi/Textures/PaperTowel_b8o0yi_n.png using Guid(63db18516212895418d7e61300f79166) Importer(2089858483,0ecaa5967403d082aa24f35e1b516d23) [PhysX] Initialized MultithreadedTaskDispatcher with 10 workers.
 -> (artifact id: '6e2ae169731f6126ee73c90b54d34f2d') in 0.005422 seconds
Number of updated asset objects reloaded before import = 0
Number of asset objects unloaded after import = 1
========================================================================
Received Import Request.
  Time since last request: 0.000146 seconds.
  path: Assets/ModernSupermarket/Models/Props/Products/Teabox_l5w9ll/Textures/Teabox_l5w9ll_a.png
  artifactKey: Guid(500632a2c5173494c8eb4a7e217d953a) Importer(2089858483,0ecaa5967403d082aa24f35e1b516d23)
Start importing Assets/ModernSupermarket/Models/Props/Products/Teabox_l5w9ll/Textures/Teabox_l5w9ll_a.png using Guid(500632a2c5173494c8eb4a7e217d953a) Importer(2089858483,0ecaa5967403d082aa24f35e1b516d23) [PhysX] Initialized MultithreadedTaskDispatcher with 10 workers.
 -> (artifact id: 'd92fcd681152a5ea1eb79b9c10536fde') in 0.005226 seconds
Number of updated asset objects reloaded before import = 0
Number of asset objects unloaded after import = 1
========================================================================
Received Import Request.
  Time since last request: 0.000069 seconds.
  path: Assets/ModernSupermarket/Models/Props/Products/Sugar_ffc568/Textures/Sugar_ffc568_a.png
  artifactKey: Guid(2591e1f9edf27ee4fa894fac524ad83b) Importer(2089858483,0ecaa5967403d082aa24f35e1b516d23)
Start importing Assets/ModernSupermarket/Models/Props/Products/Sugar_ffc568/Textures/Sugar_ffc568_a.png using Guid(2591e1f9edf27ee4fa894fac524ad83b) Importer(2089858483,0ecaa5967403d082aa24f35e1b516d23) [PhysX] Initialized MultithreadedTaskDispatcher with 10 workers.
 -> (artifact id: '5c844daaa65240be5b1001bf4a7bf328') in 0.005097 seconds
Number of updated asset objects reloaded before import = 0
Number of asset objects unloaded after import = 1
========================================================================
Received Import Request.
  Time since last request: 0.000073 seconds.
  path: Assets/ModernSupermarket/Models/Props/Products/Pasta_9duit2/Textures/PastaPack_9duit003_Macaroni_a.png
  artifactKey: Guid(3ee2fc5b976b6c047823bacca233a1e2) Importer(2089858483,0ecaa5967403d082aa24f35e1b516d23)
Start importing Assets/ModernSupermarket/Models/Props/Products/Pasta_9duit2/Textures/PastaPack_9duit003_Macaroni_a.png using Guid(3ee2fc5b976b6c047823bacca233a1e2) Importer(2089858483,0ecaa5967403d082aa24f35e1b516d23) [PhysX] Initialized MultithreadedTaskDispatcher with 10 workers.
 -> (artifact id: '83e83abb0fb74a986281101d60c72661') in 0.008274 seconds
Number of updated asset objects reloaded before import = 0
Number of asset objects unloaded after import = 1
========================================================================
Received Import Request.
  Time since last request: 0.000053 seconds.
  path: Assets/ModernSupermarket/Models/Props/Products/Rooflight_ll6qt0/textures/RoofLight_ll6qt0_m.png
  artifactKey: Guid(36bd2e0247971eb4d9f02ea805dde06b) Importer(2089858483,0ecaa5967403d082aa24f35e1b516d23)
Start importing Assets/ModernSupermarket/Models/Props/Products/Rooflight_ll6qt0/textures/RoofLight_ll6qt0_m.png using Guid(36bd2e0247971eb4d9f02ea805dde06b) Importer(2089858483,0ecaa5967403d082aa24f35e1b516d23) [PhysX] Initialized MultithreadedTaskDispatcher with 10 workers.
 -> (artifact id: '772204b9723b22bf2aab1014eac3929f') in 0.005852 seconds
Number of updated asset objects reloaded before import = 0
Number of asset objects unloaded after import = 1
========================================================================
Received Import Request.
  Time since last request: 0.000061 seconds.
  path: Assets/ModernSupermarket/Models/Props/Produce/Pumpkin_hjtgsa/Textures/Materials/Pumpkin_hjtgsa.mat
  artifactKey: Guid(fa54280cafdfa8d49bd3d8926f3d61ed) Importer(2089858483,0ecaa5967403d082aa24f35e1b516d23)
Start importing Assets/ModernSupermarket/Models/Props/Produce/Pumpkin_hjtgsa/Textures/Materials/Pumpkin_hjtgsa.mat using Guid(fa54280cafdfa8d49bd3d8926f3d61ed) Importer(2089858483,0ecaa5967403d082aa24f35e1b516d23) [PhysX] Initialized MultithreadedTaskDispatcher with 10 workers.
 -> (artifact id: '3a860e3ba0d9782d34dffa240d396ce9') in 0.003940 seconds
Number of updated asset objects reloaded before import = 0
Number of asset objects unloaded after import = 5
========================================================================
Received Import Request.
  Time since last request: 0.000033 seconds.
  path: Assets/ModernSupermarket/Models/Props/Products/Alcohol_eoojba/Textures/Materials/Whisky_eoojba.mat
  artifactKey: Guid(a785ce1372623334aae27440333f112d) Importer(2089858483,0ecaa5967403d082aa24f35e1b516d23)
Start importing Assets/ModernSupermarket/Models/Props/Products/Alcohol_eoojba/Textures/Materials/Whisky_eoojba.mat using Guid(a785ce1372623334aae27440333f112d) Importer(2089858483,0ecaa5967403d082aa24f35e1b516d23) [PhysX] Initialized MultithreadedTaskDispatcher with 10 workers.
 -> (artifact id: 'b226eaa12431ff4b37593d89bff89450') in 0.002935 seconds
Number of updated asset objects reloaded before import = 0
Number of asset objects unloaded after import = 4
========================================================================
Received Import Request.
  Time since last request: 0.000091 seconds.
  path: Assets/ModernSupermarket/Models/Props/Utility/Basket_o52iei/Textures/Basket_o52iei_condiments03_a.png
  artifactKey: Guid(5cfbdcfc117bb9e4a97c3cea2115e381) Importer(2089858483,0ecaa5967403d082aa24f35e1b516d23)
Start importing Assets/ModernSupermarket/Models/Props/Utility/Basket_o52iei/Textures/Basket_o52iei_condiments03_a.png using Guid(5cfbdcfc117bb9e4a97c3cea2115e381) Importer(2089858483,0ecaa5967403d082aa24f35e1b516d23) [PhysX] Initialized MultithreadedTaskDispatcher with 10 workers.
 -> (artifact id: '8a915989f72a42096756fc0ad612a2c3') in 0.005081 seconds
Number of updated asset objects reloaded before import = 0
Number of asset objects unloaded after import = 1
========================================================================
Received Import Request.
  Time since last request: 0.000078 seconds.
  path: Assets/ModernSupermarket/Models/Props/Products/SlicedBread_6zus31/Textures/SliceBread_6zus31_Bread_a.png
  artifactKey: Guid(f05312162ce7ff54686afd5681d8a09b) Importer(2089858483,0ecaa5967403d082aa24f35e1b516d23)
Start importing Assets/ModernSupermarket/Models/Props/Products/SlicedBread_6zus31/Textures/SliceBread_6zus31_Bread_a.png using Guid(f05312162ce7ff54686afd5681d8a09b) Importer(2089858483,0ecaa5967403d082aa24f35e1b516d23) [PhysX] Initialized MultithreadedTaskDispatcher with 10 workers.
 -> (artifact id: '535ec378e203dd10739dfd40542a7c7c') in 0.005503 seconds
Number of updated asset objects reloaded before import = 0
Number of asset objects unloaded after import = 1
========================================================================
Received Import Request.
  Time since last request: 0.000084 seconds.
  path: Assets/ModernSupermarket/Models/Props/Utility/Basket_k5jizs/Textures/Basket_k5jizs_n.png
  artifactKey: Guid(d72930434c556d54ab85887a17bf4e8f) Importer(2089858483,0ecaa5967403d082aa24f35e1b516d23)
Start importing Assets/ModernSupermarket/Models/Props/Utility/Basket_k5jizs/Textures/Basket_k5jizs_n.png using Guid(d72930434c556d54ab85887a17bf4e8f) Importer(2089858483,0ecaa5967403d082aa24f35e1b516d23) [PhysX] Initialized MultithreadedTaskDispatcher with 10 workers.
 -> (artifact id: 'e209707d0ce4f55d31bb5abb47ff69cc') in 0.007803 seconds
Number of updated asset objects reloaded before import = 0
Number of asset objects unloaded after import = 1
========================================================================
Received Import Request.
  Time since last request: 0.000103 seconds.
  path: Assets/ModernSupermarket/Models/Props/Utility/Stool_6jdl8x/textures/Stool_6jdl8x_n.png
  artifactKey: Guid(7481f5ea9ca693b4c8d2f1e18d0da2e6) Importer(2089858483,0ecaa5967403d082aa24f35e1b516d23)
Start importing Assets/ModernSupermarket/Models/Props/Utility/Stool_6jdl8x/textures/Stool_6jdl8x_n.png using Guid(7481f5ea9ca693b4c8d2f1e18d0da2e6) Importer(2089858483,0ecaa5967403d082aa24f35e1b516d23) [PhysX] Initialized MultithreadedTaskDispatcher with 10 workers.
 -> (artifact id: 'd9874fdd0f1ecbc76c04b90e050e9567') in 0.007951 seconds
Number of updated asset objects reloaded before import = 0
Number of asset objects unloaded after import = 1
========================================================================
Received Import Request.
  Time since last request: 0.000065 seconds.
  path: Assets/ModernSupermarket/Models/Props/Products/Capsule_xrahaz/Textures/Materials/Capsule_xrahaz.mat
  artifactKey: Guid(a19a1fa5fdf62b843ac34ab234d85473) Importer(2089858483,0ecaa5967403d082aa24f35e1b516d23)
Start importing Assets/ModernSupermarket/Models/Props/Products/Capsule_xrahaz/Textures/Materials/Capsule_xrahaz.mat using Guid(a19a1fa5fdf62b843ac34ab234d85473) Importer(2089858483,0ecaa5967403d082aa24f35e1b516d23) [PhysX] Initialized MultithreadedTaskDispatcher with 10 workers.
 -> (artifact id: '1cf873b6d105992855252686eb860f29') in 0.004716 seconds
Number of updated asset objects reloaded before import = 0
Number of asset objects unloaded after import = 5
========================================================================
Received Import Request.
  Time since last request: 0.000041 seconds.
  path: Assets/ModernSupermarket/Models/Props/Products/ChocolateSpread_xhkyij/Textures/Materials/Nutella_xhkyij_Liquid_Var01.mat
  artifactKey: Guid(b45905882873422458802e02735bb852) Importer(2089858483,0ecaa5967403d082aa24f35e1b516d23)
Start importing Assets/ModernSupermarket/Models/Props/Products/ChocolateSpread_xhkyij/Textures/Materials/Nutella_xhkyij_Liquid_Var01.mat using Guid(b45905882873422458802e02735bb852) Importer(2089858483,0ecaa5967403d082aa24f35e1b516d23) [PhysX] Initialized MultithreadedTaskDispatcher with 10 workers.
 -> (artifact id: 'e6c9ed7a2bbe39c0e9d7f9f8104175d4') in 0.003296 seconds
Number of updated asset objects reloaded before import = 0
Number of asset objects unloaded after import = 3
========================================================================
Received Import Request.
  Time since last request: 0.000053 seconds.
  path: Assets/ModernSupermarket/Models/Props/Utility/Anti-thefhtDoor_9qs8y9/Textures/Materials/Anti-theftDoor_9qs8y9_a 1.mat
  artifactKey: Guid(99f2caf6b3dafe140a1e056d4f84cc5b) Importer(2089858483,0ecaa5967403d082aa24f35e1b516d23)
Start importing Assets/ModernSupermarket/Models/Props/Utility/Anti-thefhtDoor_9qs8y9/Textures/Materials/Anti-theftDoor_9qs8y9_a 1.mat using Guid(99f2caf6b3dafe140a1e056d4f84cc5b) Importer(2089858483,0ecaa5967403d082aa24f35e1b516d23) [PhysX] Initialized MultithreadedTaskDispatcher with 10 workers.
 -> (artifact id: '9d1f454a727ecc755e1441f0eeb3e8b2') in 0.010038 seconds
Number of updated asset objects reloaded before import = 0
Number of asset objects unloaded after import = 5
========================================================================
Received Import Request.
  Time since last request: 0.000041 seconds.
  path: Assets/ModernSupermarket/Models/Props/Products/Cleanser_o964qg/Textures/Materials/Cleanser_o964qg_Var01.mat
  artifactKey: Guid(72bf62002177e2347b7cbfc1d861c7dc) Importer(2089858483,0ecaa5967403d082aa24f35e1b516d23)
Start importing Assets/ModernSupermarket/Models/Props/Products/Cleanser_o964qg/Textures/Materials/Cleanser_o964qg_Var01.mat using Guid(72bf62002177e2347b7cbfc1d861c7dc) Importer(2089858483,0ecaa5967403d082aa24f35e1b516d23) [PhysX] Initialized MultithreadedTaskDispatcher with 10 workers.
 -> (artifact id: '3d11f33cae5ce9e068c0ec9aa7b3fb77') in 0.005295 seconds
Number of updated asset objects reloaded before import = 0
Number of asset objects unloaded after import = 4
========================================================================
Received Import Request.
  Time since last request: 0.000031 seconds.
  path: Assets/ModernSupermarket/Models/Props/Products/Sugar_prsmvy/Textures/Materials/Sugar_prsmvy.mat
  artifactKey: Guid(b83c7a45872d7134b988e0f417d5a656) Importer(2089858483,0ecaa5967403d082aa24f35e1b516d23)
Start importing Assets/ModernSupermarket/Models/Props/Products/Sugar_prsmvy/Textures/Materials/Sugar_prsmvy.mat using Guid(b83c7a45872d7134b988e0f417d5a656) Importer(2089858483,0ecaa5967403d082aa24f35e1b516d23) [PhysX] Initialized MultithreadedTaskDispatcher with 10 workers.
 -> (artifact id: '8fcfc629eaa70c73bd8bda351f07fc3b') in 0.003220 seconds
Number of updated asset objects reloaded before import = 0
Number of asset objects unloaded after import = 5
========================================================================
Received Import Request.
  Time since last request: 0.000034 seconds.
  path: Assets/ModernSupermarket/Models/Props/Products/ToiletPaper_tunz3i/Textures/Materials/ToiletPaper_tunz3i.mat
  artifactKey: Guid(9a8eb350f38b394439d3b67134191339) Importer(2089858483,0ecaa5967403d082aa24f35e1b516d23)
Start importing Assets/ModernSupermarket/Models/Props/Products/ToiletPaper_tunz3i/Textures/Materials/ToiletPaper_tunz3i.mat using Guid(9a8eb350f38b394439d3b67134191339) Importer(2089858483,0ecaa5967403d082aa24f35e1b516d23) [PhysX] Initialized MultithreadedTaskDispatcher with 10 workers.
 -> (artifact id: 'e4c0adf584eb6cbcbe22c9309f25daf7') in 0.006596 seconds
Number of updated asset objects reloaded before import = 0
Number of asset objects unloaded after import = 5
========================================================================
Received Import Request.
  Time since last request: 0.000036 seconds.
  path: Assets/ModernSupermarket/Models/Props/Products/ChocolateSpread_xhkyij/Textures/Materials/Nutella_xhkyij_Liquid.mat
  artifactKey: Guid(ed72321ce1bce0a4dbf1f6626a857570) Importer(2089858483,0ecaa5967403d082aa24f35e1b516d23)
Start importing Assets/ModernSupermarket/Models/Props/Products/ChocolateSpread_xhkyij/Textures/Materials/Nutella_xhkyij_Liquid.mat using Guid(ed72321ce1bce0a4dbf1f6626a857570) Importer(2089858483,0ecaa5967403d082aa24f35e1b516d23) [PhysX] Initialized MultithreadedTaskDispatcher with 10 workers.
 -> (artifact id: '85973c5599dc0d09947f9c9e59aea65b') in 0.006310 seconds
Number of updated asset objects reloaded before import = 0
Number of asset objects unloaded after import = 3
========================================================================
Received Import Request.
  Time since last request: 0.000049 seconds.
  path: Assets/ModernSupermarket/Models/Props/Products/Shampoo_vimakk/Textures/Materials/Shampoo_vimakk_Var01.mat
  artifactKey: Guid(b35328781b9652f4c9c35723df2b2ecd) Importer(2089858483,0ecaa5967403d082aa24f35e1b516d23)
Start importing Assets/ModernSupermarket/Models/Props/Products/Shampoo_vimakk/Textures/Materials/Shampoo_vimakk_Var01.mat using Guid(b35328781b9652f4c9c35723df2b2ecd) Importer(2089858483,0ecaa5967403d082aa24f35e1b516d23) [PhysX] Initialized MultithreadedTaskDispatcher with 10 workers.
 -> (artifact id: '5bfc43b12807352fd48379b27faba0ce') in 0.007367 seconds
Number of updated asset objects reloaded before import = 0
Number of asset objects unloaded after import = 4
========================================================================
Received Import Request.
  Time since last request: 0.000045 seconds.
  path: Assets/ModernSupermarket/Models/Props/Products/Shampoo_u15m67/Textures/Materials/Shampoo_u15m67_Bottle_Var04.mat
  artifactKey: Guid(6d7ff5283be628643a6d7d084283286a) Importer(2089858483,0ecaa5967403d082aa24f35e1b516d23)
Start importing Assets/ModernSupermarket/Models/Props/Products/Shampoo_u15m67/Textures/Materials/Shampoo_u15m67_Bottle_Var04.mat using Guid(6d7ff5283be628643a6d7d084283286a) Importer(2089858483,0ecaa5967403d082aa24f35e1b516d23) [PhysX] Initialized MultithreadedTaskDispatcher with 10 workers.
 -> (artifact id: '6814e2c1b625aac19ff17beb904b4bc8') in 0.003906 seconds
Number of updated asset objects reloaded before import = 0
Number of asset objects unloaded after import = 3
========================================================================
Received Import Request.
  Time since last request: 0.000053 seconds.
  path: Assets/ModernSupermarket/Models/Props/Products/Shampoo_vimakk/Textures/Materials/Shampoo_vimakk_Label_Var01.mat
  artifactKey: Guid(f886e916afa6c7d448af9f38a1252098) Importer(2089858483,0ecaa5967403d082aa24f35e1b516d23)
Start importing Assets/ModernSupermarket/Models/Props/Products/Shampoo_vimakk/Textures/Materials/Shampoo_vimakk_Label_Var01.mat using Guid(f886e916afa6c7d448af9f38a1252098) Importer(2089858483,0ecaa5967403d082aa24f35e1b516d23) [PhysX] Initialized MultithreadedTaskDispatcher with 10 workers.
 -> (artifact id: '96e223c80a15fee2538bced749d726cc') in 0.005680 seconds
Number of updated asset objects reloaded before import = 0
Number of asset objects unloaded after import = 2
========================================================================
Received Import Request.
  Time since last request: 0.000106 seconds.
  path: Assets/ModernSupermarket/Models/Props/Products/Shampoo_lvhjkn/Textures/Materials/Shampoo_lvhjkn.mat
  artifactKey: Guid(76221f84516872c4f9dc476b0a39419b) Importer(2089858483,0ecaa5967403d082aa24f35e1b516d23)
Start importing Assets/ModernSupermarket/Models/Props/Products/Shampoo_lvhjkn/Textures/Materials/Shampoo_lvhjkn.mat using Guid(76221f84516872c4f9dc476b0a39419b) Importer(2089858483,0ecaa5967403d082aa24f35e1b516d23) [PhysX] Initialized MultithreadedTaskDispatcher with 10 workers.
 -> (artifact id: '09cd573929489b9758cf480a71ec4302') in 0.008770 seconds
Number of updated asset objects reloaded before import = 0
Number of asset objects unloaded after import = 4
========================================================================
Received Import Request.
  Time since last request: 0.000036 seconds.
  path: Assets/ModernSupermarket/Models/Props/Products/EggBox12x_7zw3j2/Textures/Materials/EggBox12x_7zw3j2_a.mat
  artifactKey: Guid(e3fad9470eeb49344ba478f75fe8ed05) Importer(2089858483,0ecaa5967403d082aa24f35e1b516d23)
Start importing Assets/ModernSupermarket/Models/Props/Products/EggBox12x_7zw3j2/Textures/Materials/EggBox12x_7zw3j2_a.mat using Guid(e3fad9470eeb49344ba478f75fe8ed05) Importer(2089858483,0ecaa5967403d082aa24f35e1b516d23) [PhysX] Initialized MultithreadedTaskDispatcher with 10 workers.
 -> (artifact id: 'fc42cacf235eece3bc7092dc875cb379') in 0.004350 seconds
Number of updated asset objects reloaded before import = 0
Number of asset objects unloaded after import = 6
========================================================================
Received Import Request.
  Time since last request: 0.000106 seconds.
  path: Assets/ModernSupermarket/Models/Props/Products/Ham_wplnxm/Textures/Materials/Ham_wplnxm_Var02.mat
  artifactKey: Guid(ac9c8319a868fd547b58725fb058a4fa) Importer(2089858483,0ecaa5967403d082aa24f35e1b516d23)
Start importing Assets/ModernSupermarket/Models/Props/Products/Ham_wplnxm/Textures/Materials/Ham_wplnxm_Var02.mat using Guid(ac9c8319a868fd547b58725fb058a4fa) Importer(2089858483,0ecaa5967403d082aa24f35e1b516d23) [PhysX] Initialized MultithreadedTaskDispatcher with 10 workers.
 -> (artifact id: '80e0deea2bd898eeb26b580801f7b876') in 0.005124 seconds
Number of updated asset objects reloaded before import = 0
Number of asset objects unloaded after import = 4
========================================================================
Received Import Request.
  Time since last request: 0.000031 seconds.
  path: Assets/ModernSupermarket/Models/Props/Products/Pasta_9duit2/Textures/Materials/PastaPack_9duit2_Var02.mat
  artifactKey: Guid(2a0e5262aa67c874998114b28618ddce) Importer(2089858483,0ecaa5967403d082aa24f35e1b516d23)
Start importing Assets/ModernSupermarket/Models/Props/Products/Pasta_9duit2/Textures/Materials/PastaPack_9duit2_Var02.mat using Guid(2a0e5262aa67c874998114b28618ddce) Importer(2089858483,0ecaa5967403d082aa24f35e1b516d23) [PhysX] Initialized MultithreadedTaskDispatcher with 10 workers.
 -> (artifact id: '8b0aeafd15fabf7f290fe8ad4b25aa99') in 0.005042 seconds
Number of updated asset objects reloaded before import = 0
Number of asset objects unloaded after import = 4
========================================================================
Received Import Request.
  Time since last request: 0.000031 seconds.
  path: Assets/ModernSupermarket/Models/Props/Products/Soda_7gwg2t/Textures/Materials/Soda_7gwg2t_Label_Var03.mat
  artifactKey: Guid(9c2d1ff7b2623d34096d88e307c797b8) Importer(2089858483,0ecaa5967403d082aa24f35e1b516d23)
Start importing Assets/ModernSupermarket/Models/Props/Products/Soda_7gwg2t/Textures/Materials/Soda_7gwg2t_Label_Var03.mat using Guid(9c2d1ff7b2623d34096d88e307c797b8) Importer(2089858483,0ecaa5967403d082aa24f35e1b516d23) [PhysX] Initialized MultithreadedTaskDispatcher with 10 workers.
 -> (artifact id: '5e4025655e291d3d5b8f813a38156262') in 0.004034 seconds
Number of updated asset objects reloaded before import = 0
Number of asset objects unloaded after import = 3
========================================================================
Received Import Request.
  Time since last request: 0.000049 seconds.
  path: Assets/ModernSupermarket/Models/Props/Products/WaterPack_mqmuh7/Textures/Materials/WaterPack_mqmuh7_Liquid.mat
  artifactKey: Guid(9b6103b29828a224aa4f6aac28bf1e9e) Importer(2089858483,0ecaa5967403d082aa24f35e1b516d23)
Start importing Assets/ModernSupermarket/Models/Props/Products/WaterPack_mqmuh7/Textures/Materials/WaterPack_mqmuh7_Liquid.mat using Guid(9b6103b29828a224aa4f6aac28bf1e9e) Importer(2089858483,0ecaa5967403d082aa24f35e1b516d23) [PhysX] Initialized MultithreadedTaskDispatcher with 10 workers.
 -> (artifact id: '2551df2b8aa958e48de569c13e7c2089') in 0.004847 seconds
Number of updated asset objects reloaded before import = 0
Number of asset objects unloaded after import = 1
========================================================================
Received Import Request.
  Time since last request: 0.000062 seconds.
  path: Assets/ModernSupermarket/Models/Props/Products/JuiceBrick_6ljfy3/Textures/Materials/MilkBrick_e8foxc_Var01.mat
  artifactKey: Guid(f591caa58121f9d4e9e9d0bfbca3a548) Importer(2089858483,0ecaa5967403d082aa24f35e1b516d23)
Start importing Assets/ModernSupermarket/Models/Props/Products/JuiceBrick_6ljfy3/Textures/Materials/MilkBrick_e8foxc_Var01.mat using Guid(f591caa58121f9d4e9e9d0bfbca3a548) Importer(2089858483,0ecaa5967403d082aa24f35e1b516d23) [PhysX] Initialized MultithreadedTaskDispatcher with 10 workers.
 -> (artifact id: '3796e74fc9ee4680a43b6c834b6bed01') in 0.004381 seconds
Number of updated asset objects reloaded before import = 0
Number of asset objects unloaded after import = 5
========================================================================
Received Import Request.
  Time since last request: 0.000041 seconds.
  path: Assets/ModernSupermarket/Models/Props/Products/EggBox8x_2zgq4h/Textures/Materials/EggBox8x_2zgq4h_a.mat
  artifactKey: Guid(55905ffd47dde91479c63900c904e609) Importer(2089858483,0ecaa5967403d082aa24f35e1b516d23)
Start importing Assets/ModernSupermarket/Models/Props/Products/EggBox8x_2zgq4h/Textures/Materials/EggBox8x_2zgq4h_a.mat using Guid(55905ffd47dde91479c63900c904e609) Importer(2089858483,0ecaa5967403d082aa24f35e1b516d23) [PhysX] Initialized MultithreadedTaskDispatcher with 10 workers.
 -> (artifact id: '2b78a12f0721f33d6b7d2273495870cd') in 0.003952 seconds
Number of updated asset objects reloaded before import = 0
Number of asset objects unloaded after import = 6
========================================================================
Received Import Request.
  Time since last request: 0.000037 seconds.
  path: Assets/ModernSupermarket/Models/Props/Products/Soda_d7rdw9/Textures/Materials/Soda_d7rdw9_Label.mat
  artifactKey: Guid(b98be73bd80d45540a01fec6530a9034) Importer(2089858483,0ecaa5967403d082aa24f35e1b516d23)
Start importing Assets/ModernSupermarket/Models/Props/Products/Soda_d7rdw9/Textures/Materials/Soda_d7rdw9_Label.mat using Guid(b98be73bd80d45540a01fec6530a9034) Importer(2089858483,0ecaa5967403d082aa24f35e1b516d23) [PhysX] Initialized MultithreadedTaskDispatcher with 10 workers.
 -> (artifact id: 'c95266ddafc3d20eec18a6c5c2077347') in 0.004683 seconds
Number of updated asset objects reloaded before import = 0
Number of asset objects unloaded after import = 5
========================================================================
Received Import Request.
  Time since last request: 0.000041 seconds.
  path: Assets/ModernSupermarket/Models/Props/Products/SlicedBread_6zus31/Textures/Materials/SliceBread_6zus31_Plastic.mat
  artifactKey: Guid(3ac101a6ebe3da94fa4a448474f5e1f1) Importer(2089858483,0ecaa5967403d082aa24f35e1b516d23)
Start importing Assets/ModernSupermarket/Models/Props/Products/SlicedBread_6zus31/Textures/Materials/SliceBread_6zus31_Plastic.mat using Guid(3ac101a6ebe3da94fa4a448474f5e1f1) Importer(2089858483,0ecaa5967403d082aa24f35e1b516d23) [PhysX] Initialized MultithreadedTaskDispatcher with 10 workers.
 -> (artifact id: '4c1e715a0c87e84e70dd947b8102eaa1') in 0.005267 seconds
Number of updated asset objects reloaded before import = 0
Number of asset objects unloaded after import = 3
========================================================================
Received Import Request.
  Time since last request: 0.000043 seconds.
  path: Assets/ModernSupermarket/Models/Props/Utility/Bag_my9wcp/Textures/Materials/Bag_my9wcp.mat
  artifactKey: Guid(f37095190d7e15e4f881d5e55af664a9) Importer(2089858483,0ecaa5967403d082aa24f35e1b516d23)
Start importing Assets/ModernSupermarket/Models/Props/Utility/Bag_my9wcp/Textures/Materials/Bag_my9wcp.mat using Guid(f37095190d7e15e4f881d5e55af664a9) Importer(2089858483,0ecaa5967403d082aa24f35e1b516d23) [PhysX] Initialized MultithreadedTaskDispatcher with 10 workers.
 -> (artifact id: '1bc54dddaeedae2702ffb850b516ca2e') in 0.005525 seconds
Number of updated asset objects reloaded before import = 0
Number of asset objects unloaded after import = 4
========================================================================
Received Import Request.
  Time since last request: 0.000123 seconds.
  path: Assets/ModernSupermarket/Models/Props/Products/Shampoo_lvhjkn/Textures/Materials/Shampoo_lvhjkn_Var02.mat
  artifactKey: Guid(c1188cabcea3124438409a4fbe0c95ca) Importer(2089858483,0ecaa5967403d082aa24f35e1b516d23)
Start importing Assets/ModernSupermarket/Models/Props/Products/Shampoo_lvhjkn/Textures/Materials/Shampoo_lvhjkn_Var02.mat using Guid(c1188cabcea3124438409a4fbe0c95ca) Importer(2089858483,0ecaa5967403d082aa24f35e1b516d23) [PhysX] Initialized MultithreadedTaskDispatcher with 10 workers.
 -> (artifact id: '50490ff511e9b4c2fbb4f9d6fb505866') in 0.007214 seconds
Number of updated asset objects reloaded before import = 0
Number of asset objects unloaded after import = 4
========================================================================
Received Import Request.
  Time since last request: 0.000062 seconds.
  path: Assets/ModernSupermarket/Models/Props/Products/Pasta_9duit2/Textures/Materials/PastaPack_9duit2_Fill.mat
  artifactKey: Guid(ba22ae04ab5b5e040892a026bd291b5e) Importer(2089858483,0ecaa5967403d082aa24f35e1b516d23)
Start importing Assets/ModernSupermarket/Models/Props/Products/Pasta_9duit2/Textures/Materials/PastaPack_9duit2_Fill.mat using Guid(ba22ae04ab5b5e040892a026bd291b5e) Importer(2089858483,0ecaa5967403d082aa24f35e1b516d23) [PhysX] Initialized MultithreadedTaskDispatcher with 10 workers.
 -> (artifact id: 'fac56b9e6253466f984a75c84872ba93') in 0.006424 seconds
Number of updated asset objects reloaded before import = 0
Number of asset objects unloaded after import = 5
========================================================================
Received Import Request.
  Time since last request: 0.000033 seconds.
  path: Assets/ModernSupermarket/Models/Props/Products/Pasta_9duit2/Textures/Materials/PastaPack_9duit2_Fill_Var02.mat
  artifactKey: Guid(11829f337dfe1cf4c8ea4c4c8051ac7b) Importer(2089858483,0ecaa5967403d082aa24f35e1b516d23)
Start importing Assets/ModernSupermarket/Models/Props/Products/Pasta_9duit2/Textures/Materials/PastaPack_9duit2_Fill_Var02.mat using Guid(11829f337dfe1cf4c8ea4c4c8051ac7b) Importer(2089858483,0ecaa5967403d082aa24f35e1b516d23) [PhysX] Initialized MultithreadedTaskDispatcher with 10 workers.
 -> (artifact id: '82691cf4c0fba959e3009ab5b3d414e5') in 0.009527 seconds
Number of updated asset objects reloaded before import = 0
Number of asset objects unloaded after import = 5
========================================================================
Received Import Request.
  Time since last request: 0.000035 seconds.
  path: Assets/ModernSupermarket/Models/Props/Products/Soda_7gwg2t/Textures/Materials/Soda_7gwg2t_Glass.mat
  artifactKey: Guid(7826bc749ee0a1746b3d6379e6525101) Importer(2089858483,0ecaa5967403d082aa24f35e1b516d23)
Start importing Assets/ModernSupermarket/Models/Props/Products/Soda_7gwg2t/Textures/Materials/Soda_7gwg2t_Glass.mat using Guid(7826bc749ee0a1746b3d6379e6525101) Importer(2089858483,0ecaa5967403d082aa24f35e1b516d23) [PhysX] Initialized MultithreadedTaskDispatcher with 10 workers.
 -> (artifact id: 'af019e2b8f1eb39e7d12b4a2c4baf3a5') in 0.004130 seconds
Number of updated asset objects reloaded before import = 0
Number of asset objects unloaded after import = 5
========================================================================
Received Import Request.
  Time since last request: 0.000026 seconds.
  path: Assets/ModernSupermarket/Models/Props/Products/Shampoo_u15m67/Textures/Materials/Shampoo_u15m67_Var05.mat
  artifactKey: Guid(68f13b1dcf842e54680eec460b2b0512) Importer(2089858483,0ecaa5967403d082aa24f35e1b516d23)
Start importing Assets/ModernSupermarket/Models/Props/Products/Shampoo_u15m67/Textures/Materials/Shampoo_u15m67_Var05.mat using Guid(68f13b1dcf842e54680eec460b2b0512) Importer(2089858483,0ecaa5967403d082aa24f35e1b516d23) [PhysX] Initialized MultithreadedTaskDispatcher with 10 workers.
 -> (artifact id: 'ba4034d37a09b7071d75891bdd25fa01') in 0.002624 seconds
Number of updated asset objects reloaded before import = 0
Number of asset objects unloaded after import = 2
========================================================================
Received Import Request.
  Time since last request: 0.000057 seconds.
  path: Assets/ModernSupermarket/Models/Props/Products/FrozenPack_xp713y/Textures/Materials/FrozenPack_xp713y_Var01.mat
  artifactKey: Guid(00e2690208f0b004fbab7926bdda7330) Importer(2089858483,0ecaa5967403d082aa24f35e1b516d23)
Start importing Assets/ModernSupermarket/Models/Props/Products/FrozenPack_xp713y/Textures/Materials/FrozenPack_xp713y_Var01.mat using Guid(00e2690208f0b004fbab7926bdda7330) Importer(2089858483,0ecaa5967403d082aa24f35e1b516d23) [PhysX] Initialized MultithreadedTaskDispatcher with 10 workers.
 -> (artifact id: 'e790041c0c462df6085ac3f60e928658') in 0.003503 seconds
Number of updated asset objects reloaded before import = 0
Number of asset objects unloaded after import = 5
========================================================================
Received Import Request.
  Time since last request: 0.000038 seconds.
  path: Assets/ModernSupermarket/Models/Props/Products/Sushis_jtvduo/Textures/Material/Sushis_jtvduo.mat
  artifactKey: Guid(f01e265f1d7023141a044dc1911b31dc) Importer(2089858483,0ecaa5967403d082aa24f35e1b516d23)
Start importing Assets/ModernSupermarket/Models/Props/Products/Sushis_jtvduo/Textures/Material/Sushis_jtvduo.mat using Guid(f01e265f1d7023141a044dc1911b31dc) Importer(2089858483,0ecaa5967403d082aa24f35e1b516d23) [PhysX] Initialized MultithreadedTaskDispatcher with 10 workers.
 -> (artifact id: 'd38a709fb7240468e16e01a0566c9dac') in 0.003753 seconds
Number of updated asset objects reloaded before import = 0
Number of asset objects unloaded after import = 4
========================================================================
Received Import Request.
  Time since last request: 0.000040 seconds.
  path: Assets/ModernSupermarket/Models/Props/Products/Shampoo_u15m67/Textures/Materials/Shampoo_u15m67_Bottle_Var05.mat
  artifactKey: Guid(287089c4e54a1af4ab0e33c3008a224e) Importer(2089858483,0ecaa5967403d082aa24f35e1b516d23)
Start importing Assets/ModernSupermarket/Models/Props/Products/Shampoo_u15m67/Textures/Materials/Shampoo_u15m67_Bottle_Var05.mat using Guid(287089c4e54a1af4ab0e33c3008a224e) Importer(2089858483,0ecaa5967403d082aa24f35e1b516d23) [PhysX] Initialized MultithreadedTaskDispatcher with 10 workers.
 -> (artifact id: '59b621539d6892b9bb2f898776ed4793') in 0.002913 seconds
Number of updated asset objects reloaded before import = 0
Number of asset objects unloaded after import = 3
========================================================================
Received Import Request.
  Time since last request: 0.000126 seconds.
  path: Assets/ModernSupermarket/Models/Props/Products/Pepper_ybmiq9/Textures/Materials/Pepper_ybmiq9.mat
  artifactKey: Guid(f93080a018ee5844290dbefac7d5e399) Importer(2089858483,0ecaa5967403d082aa24f35e1b516d23)
Start importing Assets/ModernSupermarket/Models/Props/Products/Pepper_ybmiq9/Textures/Materials/Pepper_ybmiq9.mat using Guid(f93080a018ee5844290dbefac7d5e399) Importer(2089858483,0ecaa5967403d082aa24f35e1b516d23) [PhysX] Initialized MultithreadedTaskDispatcher with 10 workers.
 -> (artifact id: '7ec1edcff2465813ae2520e47e3a8e95') in 0.003113 seconds
Number of updated asset objects reloaded before import = 0
Number of asset objects unloaded after import = 5
========================================================================
Received Import Request.
  Time since last request: 0.000045 seconds.
  path: Assets/ModernSupermarket/Models/Props/Utility/Anti-thefhtDoor_9qs8y9/Textures/Materials/Anti-theftDoor_9qs8y9_a.mat
  artifactKey: Guid(901ba1190a8fa354799cfae66a50860a) Importer(2089858483,0ecaa5967403d082aa24f35e1b516d23)
Start importing Assets/ModernSupermarket/Models/Props/Utility/Anti-thefhtDoor_9qs8y9/Textures/Materials/Anti-theftDoor_9qs8y9_a.mat using Guid(901ba1190a8fa354799cfae66a50860a) Importer(2089858483,0ecaa5967403d082aa24f35e1b516d23) [PhysX] Initialized MultithreadedTaskDispatcher with 10 workers.
 -> (artifact id: '434557bc648ceb0ac897507a5677b80a') in 0.009303 seconds
Number of updated asset objects reloaded before import = 0
Number of asset objects unloaded after import = 5
========================================================================
Received Import Request.
  Time since last request: 0.000034 seconds.
  path: Assets/ModernSupermarket/Models/Props/Products/Soap_1rcsb1/Textures/Materials/Soap_1rcsb1_Liquid.mat
  artifactKey: Guid(c7d183fe7028e1549a582e255355029b) Importer(2089858483,0ecaa5967403d082aa24f35e1b516d23)
Start importing Assets/ModernSupermarket/Models/Props/Products/Soap_1rcsb1/Textures/Materials/Soap_1rcsb1_Liquid.mat using Guid(c7d183fe7028e1549a582e255355029b) Importer(2089858483,0ecaa5967403d082aa24f35e1b516d23) [PhysX] Initialized MultithreadedTaskDispatcher with 10 workers.
 -> (artifact id: 'f23a407246eaebba12af7f47ebaafe9c') in 0.002785 seconds
Number of updated asset objects reloaded before import = 0
Number of asset objects unloaded after import = 1
========================================================================
Received Import Request.
  Time since last request: 0.000058 seconds.
  path: Assets/ModernSupermarket/Models/Props/Products/Sugar_o0f6pn/Textures/Material/Sugar_o0f6pn_Var02.mat
  artifactKey: Guid(8bedd4267e432c84282d118f9ccac789) Importer(2089858483,0ecaa5967403d082aa24f35e1b516d23)
Start importing Assets/ModernSupermarket/Models/Props/Products/Sugar_o0f6pn/Textures/Material/Sugar_o0f6pn_Var02.mat using Guid(8bedd4267e432c84282d118f9ccac789) Importer(2089858483,0ecaa5967403d082aa24f35e1b516d23) [PhysX] Initialized MultithreadedTaskDispatcher with 10 workers.
 -> (artifact id: 'bb41eeb9f81fed68fa6c3a1ab3d9fb83') in 0.003966 seconds
Number of updated asset objects reloaded before import = 0
Number of asset objects unloaded after import = 4
========================================================================
Received Import Request.
  Time since last request: 0.000088 seconds.
  path: Assets/ModernSupermarket/Models/Props/Products/Salt_9we170/Textures/Materials/Salt_9we170.mat
  artifactKey: Guid(d78cfe7adde581b41b57ef5ba54f0b19) Importer(2089858483,0ecaa5967403d082aa24f35e1b516d23)
Start importing Assets/ModernSupermarket/Models/Props/Products/Salt_9we170/Textures/Materials/Salt_9we170.mat using Guid(d78cfe7adde581b41b57ef5ba54f0b19) Importer(2089858483,0ecaa5967403d082aa24f35e1b516d23) [PhysX] Initialized MultithreadedTaskDispatcher with 10 workers.
 -> (artifact id: '769a35e493e0f7d76f079dcd9cffdb5b') in 0.006836 seconds
Number of updated asset objects reloaded before import = 0
Number of asset objects unloaded after import = 5
========================================================================
Received Import Request.
  Time since last request: 0.000034 seconds.
  path: Assets/ModernSupermarket/Models/Props/Products/Sugar_ffc568/Textures/Material/Sugar_ffc568.mat
  artifactKey: Guid(6a9122f9ffcadad428cf80bc5e099ff8) Importer(2089858483,0ecaa5967403d082aa24f35e1b516d23)
Start importing Assets/ModernSupermarket/Models/Props/Products/Sugar_ffc568/Textures/Material/Sugar_ffc568.mat using Guid(6a9122f9ffcadad428cf80bc5e099ff8) Importer(2089858483,0ecaa5967403d082aa24f35e1b516d23) [PhysX] Initialized MultithreadedTaskDispatcher with 10 workers.
 -> (artifact id: '817d4ca28162e3c20389f3b70f2bb077') in 0.003182 seconds
Number of updated asset objects reloaded before import = 0
Number of asset objects unloaded after import = 4
========================================================================
Received Import Request.
  Time since last request: 0.000045 seconds.
  path: Assets/ModernSupermarket/Models/Props/Products/Cleanser_o964qg/Textures/Materials/Cleanser_o964qg.mat
  artifactKey: Guid(b6f5edcddd1c62a408f6cb044646ff96) Importer(2089858483,0ecaa5967403d082aa24f35e1b516d23)
Start importing Assets/ModernSupermarket/Models/Props/Products/Cleanser_o964qg/Textures/Materials/Cleanser_o964qg.mat using Guid(b6f5edcddd1c62a408f6cb044646ff96) Importer(2089858483,0ecaa5967403d082aa24f35e1b516d23) [PhysX] Initialized MultithreadedTaskDispatcher with 10 workers.
 -> (artifact id: '8b76d20f6046404d42574beef8bbade0') in 0.003922 seconds
Number of updated asset objects reloaded before import = 0
Number of asset objects unloaded after import = 4
========================================================================
Received Import Request.
  Time since last request: 0.000063 seconds.
  path: Assets/ModernSupermarket/Models/Props/Products/Soda_7gwg2t/Textures/Materials/Soda_7gwg2t_LiquidOrange.mat
  artifactKey: Guid(7c343fa4b6a454549be675a11ae71c1d) Importer(2089858483,0ecaa5967403d082aa24f35e1b516d23)
Start importing Assets/ModernSupermarket/Models/Props/Products/Soda_7gwg2t/Textures/Materials/Soda_7gwg2t_LiquidOrange.mat using Guid(7c343fa4b6a454549be675a11ae71c1d) Importer(2089858483,0ecaa5967403d082aa24f35e1b516d23) [PhysX] Initialized MultithreadedTaskDispatcher with 10 workers.
 -> (artifact id: '19117268949a22a39a8dc45b7e84deec') in 0.002385 seconds
Number of updated asset objects reloaded before import = 0
Number of asset objects unloaded after import = 1
========================================================================
Received Import Request.
  Time since last request: 0.000072 seconds.
  path: Assets/ModernSupermarket/Models/Props/Utility/Basket_k5jizs/Textures/Materials/Basket_k5jizs.mat
  artifactKey: Guid(18525c0817c75f84abdc138c2bea7add) Importer(2089858483,0ecaa5967403d082aa24f35e1b516d23)
Start importing Assets/ModernSupermarket/Models/Props/Utility/Basket_k5jizs/Textures/Materials/Basket_k5jizs.mat using Guid(18525c0817c75f84abdc138c2bea7add) Importer(2089858483,0ecaa5967403d082aa24f35e1b516d23) [PhysX] Initialized MultithreadedTaskDispatcher with 10 workers.
 -> (artifact id: '0f329d7a29097c557d05efd6e9ed5ced') in 0.003426 seconds
Number of updated asset objects reloaded before import = 0
Number of asset objects unloaded after import = 4
========================================================================
Received Import Request.
  Time since last request: 0.000030 seconds.
  path: Assets/ModernSupermarket/Models/Props/Products/EggBox4x_nbzek2/Textures/Materials/EggBox4x_nbzek2_a.mat
  artifactKey: Guid(d2187bca010463d4d913958c8742159a) Importer(2089858483,0ecaa5967403d082aa24f35e1b516d23)
Start importing Assets/ModernSupermarket/Models/Props/Products/EggBox4x_nbzek2/Textures/Materials/EggBox4x_nbzek2_a.mat using Guid(d2187bca010463d4d913958c8742159a) Importer(2089858483,0ecaa5967403d082aa24f35e1b516d23) [PhysX] Initialized MultithreadedTaskDispatcher with 10 workers.
 -> (artifact id: '483f1a980174c12e9363a263584bd258') in 0.003350 seconds
Number of updated asset objects reloaded before import = 0
Number of asset objects unloaded after import = 6
========================================================================
Received Import Request.
  Time since last request: 0.000048 seconds.
  path: Assets/ModernSupermarket/Models/Props/Products/FrozenBox_vhvpd4/Textures/Materials/FrozenBox_vhvpd4.mat
  artifactKey: Guid(46c4400fefb2737429d4e9bc99cd69d3) Importer(2089858483,0ecaa5967403d082aa24f35e1b516d23)
Start importing Assets/ModernSupermarket/Models/Props/Products/FrozenBox_vhvpd4/Textures/Materials/FrozenBox_vhvpd4.mat using Guid(46c4400fefb2737429d4e9bc99cd69d3) Importer(2089858483,0ecaa5967403d082aa24f35e1b516d23) [PhysX] Initialized MultithreadedTaskDispatcher with 10 workers.
 -> (artifact id: '8a7fab97af89b4dd9451c0d70c8eb079') in 0.003737 seconds
Number of updated asset objects reloaded before import = 0
Number of asset objects unloaded after import = 4
========================================================================
Received Import Request.
  Time since last request: 0.000042 seconds.
  path: Assets/ModernSupermarket/Models/Props/Products/Soda_f6b9gw/Textures/Materials/Soda_f6b9gw_Label.mat
  artifactKey: Guid(bb17cc1dce6bcf145ba824f8b3817d0f) Importer(2089858483,0ecaa5967403d082aa24f35e1b516d23)
Start importing Assets/ModernSupermarket/Models/Props/Products/Soda_f6b9gw/Textures/Materials/Soda_f6b9gw_Label.mat using Guid(bb17cc1dce6bcf145ba824f8b3817d0f) Importer(2089858483,0ecaa5967403d082aa24f35e1b516d23) [PhysX] Initialized MultithreadedTaskDispatcher with 10 workers.
 -> (artifact id: '679e93eeea8e020f1bfda1b6f0deb6f3') in 0.003653 seconds
Number of updated asset objects reloaded before import = 0
Number of asset objects unloaded after import = 4
========================================================================
Received Import Request.
  Time since last request: 0.000241 seconds.
  path: Assets/ModernSupermarket/Models/Props/Products/Laundry_mm7gx5/Textures/Materials/Laundry_mm7gx5_Var02.mat
  artifactKey: Guid(4be54cab6db060b449f64ab0659d5543) Importer(2089858483,0ecaa5967403d082aa24f35e1b516d23)
Start importing Assets/ModernSupermarket/Models/Props/Products/Laundry_mm7gx5/Textures/Materials/Laundry_mm7gx5_Var02.mat using Guid(4be54cab6db060b449f64ab0659d5543) Importer(2089858483,0ecaa5967403d082aa24f35e1b516d23) [PhysX] Initialized MultithreadedTaskDispatcher with 10 workers.
 -> (artifact id: '73540d6b0dcec172f7a4c4235ed9a082') in 0.004434 seconds
Number of updated asset objects reloaded before import = 0
Number of asset objects unloaded after import = 5
========================================================================
Received Import Request.
  Time since last request: 0.000040 seconds.
  path: Assets/ModernSupermarket/Models/Props/Products/MeatTray_fbw8xf/Textures/Materials/MeatTray_fbw8xf_Tray.mat
  artifactKey: Guid(416520dd679ed8747b3a1bc245424799) Importer(2089858483,0ecaa5967403d082aa24f35e1b516d23)
Start importing Assets/ModernSupermarket/Models/Props/Products/MeatTray_fbw8xf/Textures/Materials/MeatTray_fbw8xf_Tray.mat using Guid(416520dd679ed8747b3a1bc245424799) Importer(2089858483,0ecaa5967403d082aa24f35e1b516d23) [PhysX] Initialized MultithreadedTaskDispatcher with 10 workers.
 -> (artifact id: '553f836a67f9b60f551ca616f1d6e13c') in 0.006616 seconds
Number of updated asset objects reloaded before import = 0
Number of asset objects unloaded after import = 6
========================================================================
Received Import Request.
  Time since last request: 0.000033 seconds.
  path: Assets/ModernSupermarket/Models/Props/Products/Shampoo_u15m67/Textures/Materials/Shampoo_u15m67.mat
  artifactKey: Guid(360c6e0040927354db1e79021e1b9215) Importer(2089858483,0ecaa5967403d082aa24f35e1b516d23)
Start importing Assets/ModernSupermarket/Models/Props/Products/Shampoo_u15m67/Textures/Materials/Shampoo_u15m67.mat using Guid(360c6e0040927354db1e79021e1b9215) Importer(2089858483,0ecaa5967403d082aa24f35e1b516d23) [PhysX] Initialized MultithreadedTaskDispatcher with 10 workers.
 -> (artifact id: 'd8b7dc0a07da53a1445bfcc9af2ec1f7') in 0.002538 seconds
Number of updated asset objects reloaded before import = 0
Number of asset objects unloaded after import = 2
========================================================================
Received Import Request.
  Time since last request: 0.000040 seconds.
  path: Assets/ModernSupermarket/Models/Props/Products/SweetJar_ma0jsk/Textures/Materials/SweetJar_ma0jsk_Liquid.mat
  artifactKey: Guid(bf87dca1bd9f6674c823cbafd163c9a4) Importer(2089858483,0ecaa5967403d082aa24f35e1b516d23)
Start importing Assets/ModernSupermarket/Models/Props/Products/SweetJar_ma0jsk/Textures/Materials/SweetJar_ma0jsk_Liquid.mat using Guid(bf87dca1bd9f6674c823cbafd163c9a4) Importer(2089858483,0ecaa5967403d082aa24f35e1b516d23) [PhysX] Initialized MultithreadedTaskDispatcher with 10 workers.
 -> (artifact id: 'f23a2ccae1d9048445ddc7f5d94ddafb') in 0.002037 seconds
Number of updated asset objects reloaded before import = 0
Number of asset objects unloaded after import = 1
========================================================================
Received Import Request.
  Time since last request: 0.000062 seconds.
  path: Assets/ModernSupermarket/Models/Props/Products/Sugar_o0f6pn/Textures/Material/Sugar_o0f6pn_Var01.mat
  artifactKey: Guid(8dc30de154196dc448d45944d6e8121a) Importer(2089858483,0ecaa5967403d082aa24f35e1b516d23)
Start importing Assets/ModernSupermarket/Models/Props/Products/Sugar_o0f6pn/Textures/Material/Sugar_o0f6pn_Var01.mat using Guid(8dc30de154196dc448d45944d6e8121a) Importer(2089858483,0ecaa5967403d082aa24f35e1b516d23) [PhysX] Initialized MultithreadedTaskDispatcher with 10 workers.
 -> (artifact id: 'f9aceae1b3c99e18aec2d4b025f13ed1') in 0.003241 seconds
Number of updated asset objects reloaded before import = 0
Number of asset objects unloaded after import = 4
========================================================================
Received Import Request.
  Time since last request: 0.000048 seconds.
  path: Assets/ModernSupermarket/Models/Props/Products/ChocolateBox_b94wj0/Textures/Materials/ChocolatBox_b94wj0.mat
  artifactKey: Guid(fd73a42850922d84ba01ffa4086d1cb1) Importer(2089858483,0ecaa5967403d082aa24f35e1b516d23)
Start importing Assets/ModernSupermarket/Models/Props/Products/ChocolateBox_b94wj0/Textures/Materials/ChocolatBox_b94wj0.mat using Guid(fd73a42850922d84ba01ffa4086d1cb1) Importer(2089858483,0ecaa5967403d082aa24f35e1b516d23) [PhysX] Initialized MultithreadedTaskDispatcher with 10 workers.
 -> (artifact id: '09a782e621ff3938361f5633dea03cbf') in 0.004102 seconds
Number of updated asset objects reloaded before import = 0
Number of asset objects unloaded after import = 5
========================================================================
Received Import Request.
  Time since last request: 0.000037 seconds.
  path: Assets/ModernSupermarket/Models/Props/Products/Soap_1rcsb1/Textures/Materials/Soap_1rcsb1_Glass.mat
  artifactKey: Guid(24b540f882530a14097cd09937d1807d) Importer(2089858483,0ecaa5967403d082aa24f35e1b516d23)
Start importing Assets/ModernSupermarket/Models/Props/Products/Soap_1rcsb1/Textures/Materials/Soap_1rcsb1_Glass.mat using Guid(24b540f882530a14097cd09937d1807d) Importer(2089858483,0ecaa5967403d082aa24f35e1b516d23) [PhysX] Initialized MultithreadedTaskDispatcher with 10 workers.
 -> (artifact id: 'a9faf21bba9af386ee073c7c33d5e2ed') in 0.002697 seconds
Number of updated asset objects reloaded before import = 0
Number of asset objects unloaded after import = 3
========================================================================
Received Import Request.
  Time since last request: 0.000221 seconds.
  path: Assets/ModernSupermarket/Models/Props/Products/WaterPack_mqmuh7/Textures/Materials/WaterPack_mqmuh7_Label_Var01.mat
  artifactKey: Guid(cd525ec1f093e854d805558ed6a45415) Importer(2089858483,0ecaa5967403d082aa24f35e1b516d23)
Start importing Assets/ModernSupermarket/Models/Props/Products/WaterPack_mqmuh7/Textures/Materials/WaterPack_mqmuh7_Label_Var01.mat using Guid(cd525ec1f093e854d805558ed6a45415) Importer(2089858483,0ecaa5967403d082aa24f35e1b516d23) [PhysX] Initialized MultithreadedTaskDispatcher with 10 workers.
 -> (artifact id: 'c582e1bc597c06a93740fdc01e09927d') in 0.004965 seconds
Number of updated asset objects reloaded before import = 0
Number of asset objects unloaded after import = 4
========================================================================
Received Import Request.
  Time since last request: 0.000051 seconds.
  path: Assets/ModernSupermarket/Models/Props/Products/Soda_d7rdw9/Textures/Materials/Soda_d7rdw9_Var01_Label.mat
  artifactKey: Guid(ec34a7fbfdc632243b756e03652e4949) Importer(2089858483,0ecaa5967403d082aa24f35e1b516d23)
Start importing Assets/ModernSupermarket/Models/Props/Products/Soda_d7rdw9/Textures/Materials/Soda_d7rdw9_Var01_Label.mat using Guid(ec34a7fbfdc632243b756e03652e4949) Importer(2089858483,0ecaa5967403d082aa24f35e1b516d23) [PhysX] Initialized MultithreadedTaskDispatcher with 10 workers.
 -> (artifact id: '336db8031827c66e8cde153f2ec1693c') in 0.003659 seconds
Number of updated asset objects reloaded before import = 0
Number of asset objects unloaded after import = 4
========================================================================
Received Import Request.
  Time since last request: 0.000047 seconds.
  path: Assets/ModernSupermarket/Models/Props/Products/Teabox_l5w9ll/Textures/Materials/Teabox_l5w9ll.mat
  artifactKey: Guid(b1a47e2c37253c048966fc0558713e59) Importer(2089858483,0ecaa5967403d082aa24f35e1b516d23)
Start importing Assets/ModernSupermarket/Models/Props/Products/Teabox_l5w9ll/Textures/Materials/Teabox_l5w9ll.mat using Guid(b1a47e2c37253c048966fc0558713e59) Importer(2089858483,0ecaa5967403d082aa24f35e1b516d23) [PhysX] Initialized MultithreadedTaskDispatcher with 10 workers.
 -> (artifact id: '332696d551c5611b4ed419fd755bb93d') in 0.004458 seconds
Number of updated asset objects reloaded before import = 0
Number of asset objects unloaded after import = 6
========================================================================
Received Import Request.
  Time since last request: 0.000035 seconds.
  path: Assets/ModernSupermarket/Models/Props/Products/Flour_ckgfmu/Textures/Materials/FlourPack_ckgfmu_Var02.mat
  artifactKey: Guid(f832b4d685992c44eaaa18f3f46248a8) Importer(2089858483,0ecaa5967403d082aa24f35e1b516d23)
Start importing Assets/ModernSupermarket/Models/Props/Products/Flour_ckgfmu/Textures/Materials/FlourPack_ckgfmu_Var02.mat using Guid(f832b4d685992c44eaaa18f3f46248a8) Importer(2089858483,0ecaa5967403d082aa24f35e1b516d23) [PhysX] Initialized MultithreadedTaskDispatcher with 10 workers.
 -> (artifact id: 'a340ff4c68340dba612e9d0c9dbbd332') in 0.005216 seconds
Number of updated asset objects reloaded before import = 0
Number of asset objects unloaded after import = 5
========================================================================
Received Import Request.
  Time since last request: 0.000034 seconds.
  path: Assets/ModernSupermarket/Models/Props/Products/SweetJar_ma0jsk/Textures/Materials/SweetJar_ma0jsk.mat
  artifactKey: Guid(24f96709b890b2948b61bb826d1e0f9b) Importer(2089858483,0ecaa5967403d082aa24f35e1b516d23)
Start importing Assets/ModernSupermarket/Models/Props/Products/SweetJar_ma0jsk/Textures/Materials/SweetJar_ma0jsk.mat using Guid(24f96709b890b2948b61bb826d1e0f9b) Importer(2089858483,0ecaa5967403d082aa24f35e1b516d23) [PhysX] Initialized MultithreadedTaskDispatcher with 10 workers.
 -> (artifact id: '5e8eff6a5783e77b2873d1cecf96d5d1') in 0.007136 seconds
Number of updated asset objects reloaded before import = 0
Number of asset objects unloaded after import = 5
========================================================================
Received Import Request.
  Time since last request: 0.000040 seconds.
  path: Assets/ModernSupermarket/Models/Props/Products/Soda_f6b9gw/Textures/Materials/Soda_f6b9gw_Liquid.mat
  artifactKey: Guid(a2fae986019ff3645a0276cf9982a6ef) Importer(2089858483,0ecaa5967403d082aa24f35e1b516d23)
Start importing Assets/ModernSupermarket/Models/Props/Products/Soda_f6b9gw/Textures/Materials/Soda_f6b9gw_Liquid.mat using Guid(a2fae986019ff3645a0276cf9982a6ef) Importer(2089858483,0ecaa5967403d082aa24f35e1b516d23) [PhysX] Initialized MultithreadedTaskDispatcher with 10 workers.
 -> (artifact id: 'dd52f229773938fffbb17698918ef274') in 0.002383 seconds
Number of updated asset objects reloaded before import = 0
Number of asset objects unloaded after import = 1
========================================================================
Received Import Request.
  Time since last request: 0.000065 seconds.
  path: Assets/ModernSupermarket/Models/Props/Products/Cream_jatl5h/Textures/Materials/Cream_jatl5h_a_Var02.mat
  artifactKey: Guid(51c2deb0672929d4eaca2c31004b02c3) Importer(2089858483,0ecaa5967403d082aa24f35e1b516d23)
Start importing Assets/ModernSupermarket/Models/Props/Products/Cream_jatl5h/Textures/Materials/Cream_jatl5h_a_Var02.mat using Guid(51c2deb0672929d4eaca2c31004b02c3) Importer(2089858483,0ecaa5967403d082aa24f35e1b516d23) [PhysX] Initialized MultithreadedTaskDispatcher with 10 workers.
 -> (artifact id: 'b065bc0898fa5af5ba443d27ded23e8f') in 0.004453 seconds
Number of updated asset objects reloaded before import = 0
Number of asset objects unloaded after import = 5
========================================================================
Received Import Request.
  Time since last request: 0.000036 seconds.
  path: Assets/ModernSupermarket/Models/Props/Products/ToiletPaper_tunz3i/Textures/Materials/ToiletPaper_tunz3i_Var01.mat
  artifactKey: Guid(46bebcf59b52b7a43b749a82c035219b) Importer(2089858483,0ecaa5967403d082aa24f35e1b516d23)
Start importing Assets/ModernSupermarket/Models/Props/Products/ToiletPaper_tunz3i/Textures/Materials/ToiletPaper_tunz3i_Var01.mat using Guid(46bebcf59b52b7a43b749a82c035219b) Importer(2089858483,0ecaa5967403d082aa24f35e1b516d23) [PhysX] Initialized MultithreadedTaskDispatcher with 10 workers.
 -> (artifact id: 'e7d3355995612ce4c259635ef2918cd1') in 0.004886 seconds
Number of updated asset objects reloaded before import = 0
Number of asset objects unloaded after import = 5
========================================================================
Received Import Request.
  Time since last request: 0.000033 seconds.
  path: Assets/ModernSupermarket/Models/Props/Products/Pizza_ehb1pe/Textures/Material/BoxPizza_ehb1pe_Var02.mat
  artifactKey: Guid(e1555951025d81946a39c18b590d1b57) Importer(2089858483,0ecaa5967403d082aa24f35e1b516d23)
Start importing Assets/ModernSupermarket/Models/Props/Products/Pizza_ehb1pe/Textures/Material/BoxPizza_ehb1pe_Var02.mat using Guid(e1555951025d81946a39c18b590d1b57) Importer(2089858483,0ecaa5967403d082aa24f35e1b516d23) [PhysX] Initialized MultithreadedTaskDispatcher with 10 workers.
 -> (artifact id: '4e609a52470ca8c5105a1e1679c90374') in 0.004034 seconds
Number of updated asset objects reloaded before import = 0
Number of asset objects unloaded after import = 4
========================================================================
Received Import Request.
  Time since last request: 0.000032 seconds.
  path: Assets/ModernSupermarket/Models/Props/Products/SlicedBread_6zus31/Textures/Materials/SliceBread_6zus31.mat
  artifactKey: Guid(c63a6e0b9dd721f448d5fb56a1735d91) Importer(2089858483,0ecaa5967403d082aa24f35e1b516d23)
Start importing Assets/ModernSupermarket/Models/Props/Products/SlicedBread_6zus31/Textures/Materials/SliceBread_6zus31.mat using Guid(c63a6e0b9dd721f448d5fb56a1735d91) Importer(2089858483,0ecaa5967403d082aa24f35e1b516d23) [PhysX] Initialized MultithreadedTaskDispatcher with 10 workers.
 -> (artifact id: 'f7a922cfa2ee7b8446d3b507da26fb1e') in 0.005600 seconds
Number of updated asset objects reloaded before import = 0
Number of asset objects unloaded after import = 5
========================================================================
Received Import Request.
  Time since last request: 0.000023 seconds.
  path: Assets/ModernSupermarket/Models/Props/Products/Pasta_g87jtq/Textures/PastaPack_g87jtq_Var01_a.png
  artifactKey: Guid(d41143ecc624d174d85557f307f00dd4) Importer(2089858483,0ecaa5967403d082aa24f35e1b516d23)
Start importing Assets/ModernSupermarket/Models/Props/Products/Pasta_g87jtq/Textures/PastaPack_g87jtq_Var01_a.png using Guid(d41143ecc624d174d85557f307f00dd4) Importer(2089858483,0ecaa5967403d082aa24f35e1b516d23) [PhysX] Initialized MultithreadedTaskDispatcher with 10 workers.
 -> (artifact id: '0f35dadd1df612ec25027b34065f165d') in 0.005090 seconds
Number of updated asset objects reloaded before import = 0
Number of asset objects unloaded after import = 1
========================================================================
Received Import Request.
  Time since last request: 0.000068 seconds.
  path: Assets/ModernSupermarket/Models/Props/Products/Rooflight_ll6qt0/textures/Materials/RoofLight_ll6qt0.mat
  artifactKey: Guid(2d1a096eb11507b41a8f92e5b14a8b19) Importer(2089858483,0ecaa5967403d082aa24f35e1b516d23)
Start importing Assets/ModernSupermarket/Models/Props/Products/Rooflight_ll6qt0/textures/Materials/RoofLight_ll6qt0.mat using Guid(2d1a096eb11507b41a8f92e5b14a8b19) Importer(2089858483,0ecaa5967403d082aa24f35e1b516d23) [PhysX] Initialized MultithreadedTaskDispatcher with 10 workers.
 -> (artifact id: '5ed9bea5e44baa743fa3305950ca2ccf') in 0.007879 seconds
Number of updated asset objects reloaded before import = 0
Number of asset objects unloaded after import = 5
========================================================================
Received Import Request.
  Time since last request: 0.000035 seconds.
  path: Assets/ModernSupermarket/Models/Props/Products/SlicedBread_tp7aom/Textures/SlicedBread_tp7aom_Bread_o.png
  artifactKey: Guid(b2e9e68400c74e445b579ddd9d8e8eb0) Importer(2089858483,0ecaa5967403d082aa24f35e1b516d23)
Start importing Assets/ModernSupermarket/Models/Props/Products/SlicedBread_tp7aom/Textures/SlicedBread_tp7aom_Bread_o.png using Guid(b2e9e68400c74e445b579ddd9d8e8eb0) Importer(2089858483,0ecaa5967403d082aa24f35e1b516d23) [PhysX] Initialized MultithreadedTaskDispatcher with 10 workers.
 -> (artifact id: '7aeebdbc319e142dcddd650e2f2c5c1d') in 0.005177 seconds
Number of updated asset objects reloaded before import = 0
Number of asset objects unloaded after import = 1
========================================================================
Received Import Request.
  Time since last request: 0.000081 seconds.
  path: Assets/ModernSupermarket/Models/Props/Products/Oil_ nutmjk/Textures/Materials/Oil_nutmjk_a.mat
  artifactKey: Guid(47d382a204d626b49adab504cabfc3a6) Importer(2089858483,0ecaa5967403d082aa24f35e1b516d23)
Start importing Assets/ModernSupermarket/Models/Props/Products/Oil_ nutmjk/Textures/Materials/Oil_nutmjk_a.mat using Guid(47d382a204d626b49adab504cabfc3a6) Importer(2089858483,0ecaa5967403d082aa24f35e1b516d23) [PhysX] Initialized MultithreadedTaskDispatcher with 10 workers.
 -> (artifact id: 'fa277310e82913fd0df6a7cae65018ef') in 0.004218 seconds
Number of updated asset objects reloaded before import = 0
Number of asset objects unloaded after import = 5
========================================================================
Received Import Request.
  Time since last request: 0.000032 seconds.
  path: Assets/ModernSupermarket/Models/Props/Produce/Zucchini_z21819/Textures/Materials/Zucchini_z21819.mat
  artifactKey: Guid(02ac9047276d0f34fb04b9b79b52cb83) Importer(2089858483,0ecaa5967403d082aa24f35e1b516d23)
Start importing Assets/ModernSupermarket/Models/Props/Produce/Zucchini_z21819/Textures/Materials/Zucchini_z21819.mat using Guid(02ac9047276d0f34fb04b9b79b52cb83) Importer(2089858483,0ecaa5967403d082aa24f35e1b516d23) [PhysX] Initialized MultithreadedTaskDispatcher with 10 workers.
 -> (artifact id: '0f95f7da422f36db3997208ad3403274') in 0.003221 seconds
Number of updated asset objects reloaded before import = 0
Number of asset objects unloaded after import = 5
========================================================================
Received Import Request.
  Time since last request: 0.000037 seconds.
  path: Assets/ModernSupermarket/Models/Props/Products/Oil_751tp2/Textures/Olive_Oil_751tp2_o.png
  artifactKey: Guid(da0aa343cbf39274383c40b3097a43fe) Importer(2089858483,0ecaa5967403d082aa24f35e1b516d23)
Start importing Assets/ModernSupermarket/Models/Props/Products/Oil_751tp2/Textures/Olive_Oil_751tp2_o.png using Guid(da0aa343cbf39274383c40b3097a43fe) Importer(2089858483,0ecaa5967403d082aa24f35e1b516d23) [PhysX] Initialized MultithreadedTaskDispatcher with 10 workers.
 -> (artifact id: '9da5928d5ebd9d5b6c178dfac86cfdc0') in 0.005436 seconds
Number of updated asset objects reloaded before import = 0
Number of asset objects unloaded after import = 1
========================================================================
Received Import Request.
  Time since last request: 0.000076 seconds.
  path: Assets/ModernSupermarket/Models/Props/Products/Milk_l6slvx/Textures/Materials/Milk_l6slvx.mat
  artifactKey: Guid(d1404dcdfd614034e92febb02345e975) Importer(2089858483,0ecaa5967403d082aa24f35e1b516d23)
Start importing Assets/ModernSupermarket/Models/Props/Products/Milk_l6slvx/Textures/Materials/Milk_l6slvx.mat using Guid(d1404dcdfd614034e92febb02345e975) Importer(2089858483,0ecaa5967403d082aa24f35e1b516d23) [PhysX] Initialized MultithreadedTaskDispatcher with 10 workers.
 -> (artifact id: 'c0c36c79e32a2d00cd09fa32dfe8d4e9') in 0.004425 seconds
Number of updated asset objects reloaded before import = 0
Number of asset objects unloaded after import = 5
========================================================================
Received Import Request.
  Time since last request: 0.000052 seconds.
  path: Assets/ModernSupermarket/Models/Props/Products/PotatoBag_gcx3y2/Textures/PotatoeBag_gcx3y2_Fill_a.png
  artifactKey: Guid(a8fec29460b0e8442ae989f03d705f04) Importer(2089858483,0ecaa5967403d082aa24f35e1b516d23)
Start importing Assets/ModernSupermarket/Models/Props/Products/PotatoBag_gcx3y2/Textures/PotatoeBag_gcx3y2_Fill_a.png using Guid(a8fec29460b0e8442ae989f03d705f04) Importer(2089858483,0ecaa5967403d082aa24f35e1b516d23) [PhysX] Initialized MultithreadedTaskDispatcher with 10 workers.
 -> (artifact id: '82aadd8a31f5bfad9b94cd8851e7ca98') in 0.006068 seconds
Number of updated asset objects reloaded before import = 0
Number of asset objects unloaded after import = 1
========================================================================
Received Import Request.
  Time since last request: 0.000074 seconds.
  path: Assets/ModernSupermarket/Models/Props/Products/Sugar_ffc568/Textures/Material/Sugar_ffc568_Var01.mat
  artifactKey: Guid(1f6ba5a12cc6e41448d3c63802c8d3f6) Importer(2089858483,0ecaa5967403d082aa24f35e1b516d23)
Start importing Assets/ModernSupermarket/Models/Props/Products/Sugar_ffc568/Textures/Material/Sugar_ffc568_Var01.mat using Guid(1f6ba5a12cc6e41448d3c63802c8d3f6) Importer(2089858483,0ecaa5967403d082aa24f35e1b516d23) [PhysX] Initialized MultithreadedTaskDispatcher with 10 workers.
 -> (artifact id: 'be61cf05a9055ac5487d7a06a01c74f0') in 0.003898 seconds
Number of updated asset objects reloaded before import = 0
Number of asset objects unloaded after import = 4
========================================================================
Received Import Request.
  Time since last request: 0.000118 seconds.
  path: Assets/ModernSupermarket/Models/Props/Products/Ham_wplnxm/Textures/Materials/Ham_wplnxm_Meat_Var01.mat
  artifactKey: Guid(3b14de0138e19e14488d6ada006852c5) Importer(2089858483,0ecaa5967403d082aa24f35e1b516d23)
Start importing Assets/ModernSupermarket/Models/Props/Products/Ham_wplnxm/Textures/Materials/Ham_wplnxm_Meat_Var01.mat using Guid(3b14de0138e19e14488d6ada006852c5) Importer(2089858483,0ecaa5967403d082aa24f35e1b516d23) [PhysX] Initialized MultithreadedTaskDispatcher with 10 workers.
 -> (artifact id: '17cef7e8a069db7dc063824d766092f6') in 0.007921 seconds
Number of updated asset objects reloaded before import = 0
Number of asset objects unloaded after import = 5
========================================================================
Received Import Request.
  Time since last request: 0.000030 seconds.
  path: Assets/ModernSupermarket/Models/Props/Utility/Basket_x5gi0j/Textures/Basket_x5gi0j_o.png
  artifactKey: Guid(d90eeb581abf2bb4f9d27cec8602608b) Importer(2089858483,0ecaa5967403d082aa24f35e1b516d23)
Start importing Assets/ModernSupermarket/Models/Props/Utility/Basket_x5gi0j/Textures/Basket_x5gi0j_o.png using Guid(d90eeb581abf2bb4f9d27cec8602608b) Importer(2089858483,0ecaa5967403d082aa24f35e1b516d23) [PhysX] Initialized MultithreadedTaskDispatcher with 10 workers.
 -> (artifact id: 'e15c898d88711795bd7b9142ef55d96b') in 0.005086 seconds
Number of updated asset objects reloaded before import = 0
Number of asset objects unloaded after import = 1
========================================================================
Received Import Request.
  Time since last request: 0.000079 seconds.
  path: Assets/ModernSupermarket/Models/Props/Products/BeerKeg_byk96e/Textures/Materials/BeerKeg_byk96e_Var02.mat
  artifactKey: Guid(e8b716f0654b1b943845d8250fdf4b5d) Importer(2089858483,0ecaa5967403d082aa24f35e1b516d23)
Start importing Assets/ModernSupermarket/Models/Props/Products/BeerKeg_byk96e/Textures/Materials/BeerKeg_byk96e_Var02.mat using Guid(e8b716f0654b1b943845d8250fdf4b5d) Importer(2089858483,0ecaa5967403d082aa24f35e1b516d23) [PhysX] Initialized MultithreadedTaskDispatcher with 10 workers.
 -> (artifact id: '10979b55c544fc7d2b99eca6cb5e48ed') in 0.004815 seconds
Number of updated asset objects reloaded before import = 0
Number of asset objects unloaded after import = 5
========================================================================
Received Import Request.
  Time since last request: 0.000069 seconds.
  path: Assets/ModernSupermarket/Models/Props/Products/ChocolateSpread_xhkyij/Textures/Materials/Nutella_xhkyij_Label.mat
  artifactKey: Guid(f87772674f9c14148a1675b6929cf204) Importer(2089858483,0ecaa5967403d082aa24f35e1b516d23)
Start importing Assets/ModernSupermarket/Models/Props/Products/ChocolateSpread_xhkyij/Textures/Materials/Nutella_xhkyij_Label.mat using Guid(f87772674f9c14148a1675b6929cf204) Importer(2089858483,0ecaa5967403d082aa24f35e1b516d23) [PhysX] Initialized MultithreadedTaskDispatcher with 10 workers.
 -> (artifact id: '748949adfd11708be9dba1df92dfec38') in 0.003621 seconds
Number of updated asset objects reloaded before import = 0
Number of asset objects unloaded after import = 3
========================================================================
Received Import Request.
  Time since last request: 0.000141 seconds.
  path: Assets/ModernSupermarket/Models/Props/Products/Soda_f6b9gw/Textures/Materials/Soda_f6b9gw_Var01_Label.mat
  artifactKey: Guid(70bcb332a33f0d047a049579391eed8d) Importer(2089858483,0ecaa5967403d082aa24f35e1b516d23)
Start importing Assets/ModernSupermarket/Models/Props/Products/Soda_f6b9gw/Textures/Materials/Soda_f6b9gw_Var01_Label.mat using Guid(70bcb332a33f0d047a049579391eed8d) Importer(2089858483,0ecaa5967403d082aa24f35e1b516d23) [PhysX] Initialized MultithreadedTaskDispatcher with 10 workers.
 -> (artifact id: '671db0f12624f9879fad75f1ec76ae01') in 0.003284 seconds
Number of updated asset objects reloaded before import = 0
Number of asset objects unloaded after import = 5
========================================================================
Received Import Request.
  Time since last request: 0.000031 seconds.
  path: Assets/ModernSupermarket/Models/Props/Products/Soda_7gwg2t/Textures/Soda_7gwg2t_a_Var03.png
  artifactKey: Guid(3c63053a3bbd5064a9370af0a5fcf68f) Importer(2089858483,0ecaa5967403d082aa24f35e1b516d23)
Start importing Assets/ModernSupermarket/Models/Props/Products/Soda_7gwg2t/Textures/Soda_7gwg2t_a_Var03.png using Guid(3c63053a3bbd5064a9370af0a5fcf68f) Importer(2089858483,0ecaa5967403d082aa24f35e1b516d23) [PhysX] Initialized MultithreadedTaskDispatcher with 10 workers.
 -> (artifact id: 'b595f85c4d7b1ce5e71c4f45991c60a7') in 0.004803 seconds
Number of updated asset objects reloaded before import = 0
Number of asset objects unloaded after import = 1
========================================================================
Received Import Request.
  Time since last request: 0.000086 seconds.
  path: Assets/ModernSupermarket/Models/Props/Products/PetFood_2ujlf0/Textures/PetFood_2ujlf0_a.png
  artifactKey: Guid(1ee9f28d559c7524eb011b0657b56e2a) Importer(2089858483,0ecaa5967403d082aa24f35e1b516d23)
Start importing Assets/ModernSupermarket/Models/Props/Products/PetFood_2ujlf0/Textures/PetFood_2ujlf0_a.png using Guid(1ee9f28d559c7524eb011b0657b56e2a) Importer(2089858483,0ecaa5967403d082aa24f35e1b516d23) [PhysX] Initialized MultithreadedTaskDispatcher with 10 workers.
 -> (artifact id: 'deb36793992ce9af8303b1ae388e9ffd') in 0.007469 seconds
Number of updated asset objects reloaded before import = 0
Number of asset objects unloaded after import = 1
========================================================================
Received Import Request.
  Time since last request: 0.000091 seconds.
  path: Assets/ModernSupermarket/Models/Props/Products/ChocolateBox_b94wj0/Textures/Materials/ChocolatBox_b94wj0_Var01.mat
  artifactKey: Guid(daa7969ed85a5b447bff9c130bcf740a) Importer(2089858483,0ecaa5967403d082aa24f35e1b516d23)
Start importing Assets/ModernSupermarket/Models/Props/Products/ChocolateBox_b94wj0/Textures/Materials/ChocolatBox_b94wj0_Var01.mat using Guid(daa7969ed85a5b447bff9c130bcf740a) Importer(2089858483,0ecaa5967403d082aa24f35e1b516d23) [PhysX] Initialized MultithreadedTaskDispatcher with 10 workers.
 -> (artifact id: '1513cb40d88b8cd1941aca635cf8e9ef') in 0.004804 seconds
Number of updated asset objects reloaded before import = 0
Number of asset objects unloaded after import = 5
========================================================================
Received Import Request.
  Time since last request: 0.000105 seconds.
  path: Assets/ModernSupermarket/Models/Props/Products/Alcohol_ao62w4/Textures/Materials/Alcool_ao62w4_Var01_Glass.mat
  artifactKey: Guid(04d5d521e038aeb4fb1563e5f014830b) Importer(2089858483,0ecaa5967403d082aa24f35e1b516d23)
Start importing Assets/ModernSupermarket/Models/Props/Products/Alcohol_ao62w4/Textures/Materials/Alcool_ao62w4_Var01_Glass.mat using Guid(04d5d521e038aeb4fb1563e5f014830b) Importer(2089858483,0ecaa5967403d082aa24f35e1b516d23) [PhysX] Initialized MultithreadedTaskDispatcher with 10 workers.
 -> (artifact id: 'f2955d82a8f66a934875b17ef8623901') in 0.002993 seconds
Number of updated asset objects reloaded before import = 0
Number of asset objects unloaded after import = 2
========================================================================
Received Import Request.
  Time since last request: 0.000066 seconds.
  path: Assets/ModernSupermarket/Models/Props/Products/Capsule_dchvzi/Textures/Materials/Capsule_dchvzi.mat
  artifactKey: Guid(4784d0c4a0b5cdc4694f4e3953d5f34c) Importer(2089858483,0ecaa5967403d082aa24f35e1b516d23)
Start importing Assets/ModernSupermarket/Models/Props/Products/Capsule_dchvzi/Textures/Materials/Capsule_dchvzi.mat using Guid(4784d0c4a0b5cdc4694f4e3953d5f34c) Importer(2089858483,0ecaa5967403d082aa24f35e1b516d23) [PhysX] Initialized MultithreadedTaskDispatcher with 10 workers.
 -> (artifact id: 'c220805baf3ff2dd3b70bb334b08cef9') in 0.003356 seconds
Number of updated asset objects reloaded before import = 0
Number of asset objects unloaded after import = 5
========================================================================
Received Import Request.
  Time since last request: 0.000311 seconds.
  path: Assets/ModernSupermarket/Models/Props/Products/Pasta_9duit2/Textures/PastaPack_9duit2_Farfalle_o.png
  artifactKey: Guid(ef84e87a910ddd3429ca9a4fadb5d382) Importer(2089858483,0ecaa5967403d082aa24f35e1b516d23)
Start importing Assets/ModernSupermarket/Models/Props/Products/Pasta_9duit2/Textures/PastaPack_9duit2_Farfalle_o.png using Guid(ef84e87a910ddd3429ca9a4fadb5d382) Importer(2089858483,0ecaa5967403d082aa24f35e1b516d23) [PhysX] Initialized MultithreadedTaskDispatcher with 10 workers.
 -> (artifact id: '466c957f64d26123d2f295dad80fb32a') in 0.006022 seconds
Number of updated asset objects reloaded before import = 0
Number of asset objects unloaded after import = 1
========================================================================
Received Import Request.
  Time since last request: 0.000080 seconds.
  path: Assets/ModernSupermarket/Models/Props/Products/Pizza_ehb1pe/Textures/Material/BoxPizza_ehb1pe_Var01.mat
  artifactKey: Guid(1d6c4c91b16147b4e935d8b30178335f) Importer(2089858483,0ecaa5967403d082aa24f35e1b516d23)
Start importing Assets/ModernSupermarket/Models/Props/Products/Pizza_ehb1pe/Textures/Material/BoxPizza_ehb1pe_Var01.mat using Guid(1d6c4c91b16147b4e935d8b30178335f) Importer(2089858483,0ecaa5967403d082aa24f35e1b516d23) [PhysX] Initialized MultithreadedTaskDispatcher with 10 workers.
 -> (artifact id: '043c3dc2a21aa89ded0b8b04382a23e6') in 0.003995 seconds
Number of updated asset objects reloaded before import = 0
Number of asset objects unloaded after import = 4
========================================================================
Received Import Request.
  Time since last request: 0.000046 seconds.
  path: Assets/ModernSupermarket/Models/Props/Products/Soda_d7rdw9/Textures/Soda_d7rdw9_Var01_a.png
  artifactKey: Guid(779eaa6d5230d134583c510b7f76f3a5) Importer(2089858483,0ecaa5967403d082aa24f35e1b516d23)
Start importing Assets/ModernSupermarket/Models/Props/Products/Soda_d7rdw9/Textures/Soda_d7rdw9_Var01_a.png using Guid(779eaa6d5230d134583c510b7f76f3a5) Importer(2089858483,0ecaa5967403d082aa24f35e1b516d23) [PhysX] Initialized MultithreadedTaskDispatcher with 10 workers.
 -> (artifact id: '49eb47444e6cf2b2179743afa01c0be9') in 0.004657 seconds
Number of updated asset objects reloaded before import = 0
Number of asset objects unloaded after import = 1
========================================================================
Received Import Request.
  Time since last request: 0.000055 seconds.
  path: Assets/ModernSupermarket/Models/Props/Products/Toothpaste_duqkf2/Textures/Materials/Toothpaste_duqkf2.mat
  artifactKey: Guid(8c3fc8cd47172c7419ab4312a8767711) Importer(2089858483,0ecaa5967403d082aa24f35e1b516d23)
Start importing Assets/ModernSupermarket/Models/Props/Products/Toothpaste_duqkf2/Textures/Materials/Toothpaste_duqkf2.mat using Guid(8c3fc8cd47172c7419ab4312a8767711) Importer(2089858483,0ecaa5967403d082aa24f35e1b516d23) [PhysX] Initialized MultithreadedTaskDispatcher with 10 workers.
 -> (artifact id: '8699899850e4b32ccfa30213babe1c27') in 0.004059 seconds
Number of updated asset objects reloaded before import = 0
Number of asset objects unloaded after import = 5
========================================================================
Received Import Request.
  Time since last request: 0.000038 seconds.
  path: Assets/ModernSupermarket/Models/Props/Utility/FireExtinguisher_ha3jqe/Textures/FireExtinguisher_ha3jqe_n.png
  artifactKey: Guid(ba306798ad698714bb2d07f072994252) Importer(2089858483,0ecaa5967403d082aa24f35e1b516d23)
Start importing Assets/ModernSupermarket/Models/Props/Utility/FireExtinguisher_ha3jqe/Textures/FireExtinguisher_ha3jqe_n.png using Guid(ba306798ad698714bb2d07f072994252) Importer(2089858483,0ecaa5967403d082aa24f35e1b516d23) [PhysX] Initialized MultithreadedTaskDispatcher with 10 workers.
 -> (artifact id: '98907289eb88b38ced2d6854978563bb') in 0.008737 seconds
Number of updated asset objects reloaded before import = 0
Number of asset objects unloaded after import = 1
========================================================================
Received Import Request.
  Time since last request: 0.000068 seconds.
  path: Assets/ModernSupermarket/Models/Props/Products/Alcohol_ao62w4/Textures/Materials/Alcool_ao62w4_Label.mat
  artifactKey: Guid(8d91198ed0bc9534db122383a199a968) Importer(2089858483,0ecaa5967403d082aa24f35e1b516d23)
Start importing Assets/ModernSupermarket/Models/Props/Products/Alcohol_ao62w4/Textures/Materials/Alcool_ao62w4_Label.mat using Guid(8d91198ed0bc9534db122383a199a968) Importer(2089858483,0ecaa5967403d082aa24f35e1b516d23) [PhysX] Initialized MultithreadedTaskDispatcher with 10 workers.
 -> (artifact id: '07ba1f661749243570cc6e26964fea3a') in 0.003787 seconds
Number of updated asset objects reloaded before import = 0
Number of asset objects unloaded after import = 4
========================================================================
Received Import Request.
  Time since last request: 0.000038 seconds.
  path: Assets/ModernSupermarket/Models/Props/Products/Toothpaste_duqkf2/Textures/Toothpaste_duqkf2_n.png
  artifactKey: Guid(25af341e282f48046a3f2261a837ef3a) Importer(2089858483,0ecaa5967403d082aa24f35e1b516d23)
Start importing Assets/ModernSupermarket/Models/Props/Products/Toothpaste_duqkf2/Textures/Toothpaste_duqkf2_n.png using Guid(25af341e282f48046a3f2261a837ef3a) Importer(2089858483,0ecaa5967403d082aa24f35e1b516d23) [PhysX] Initialized MultithreadedTaskDispatcher with 10 workers.
 -> (artifact id: '8e214a2a21c5b5a4ed8c6d697917c84b') in 0.004899 seconds
Number of updated asset objects reloaded before import = 0
Number of asset objects unloaded after import = 1
========================================================================
Received Import Request.
  Time since last request: 0.000053 seconds.
  path: Assets/ModernSupermarket/Models/Props/Utility/Basket_x5gi0j/Textures/Basket_x5gi0j_m.png
  artifactKey: Guid(0d5287968fdabc34aaebd94d2387a95e) Importer(2089858483,0ecaa5967403d082aa24f35e1b516d23)
Start importing Assets/ModernSupermarket/Models/Props/Utility/Basket_x5gi0j/Textures/Basket_x5gi0j_m.png using Guid(0d5287968fdabc34aaebd94d2387a95e) Importer(2089858483,0ecaa5967403d082aa24f35e1b516d23) [PhysX] Initialized MultithreadedTaskDispatcher with 10 workers.
 -> (artifact id: 'a6e0f77c414da08b99698954bdb71ce8') in 0.004786 seconds
Number of updated asset objects reloaded before import = 0
Number of asset objects unloaded after import = 1
========================================================================
Received Import Request.
  Time since last request: 0.000063 seconds.
  path: Assets/ModernSupermarket/Models/Props/Products/WhippedCream_wm5t5v/Textures/WhippedCream_wm5t5v_a.png
  artifactKey: Guid(1f4f86e47802a0f42bc8c0013dcaab36) Importer(2089858483,0ecaa5967403d082aa24f35e1b516d23)
Start importing Assets/ModernSupermarket/Models/Props/Products/WhippedCream_wm5t5v/Textures/WhippedCream_wm5t5v_a.png using Guid(1f4f86e47802a0f42bc8c0013dcaab36) Importer(2089858483,0ecaa5967403d082aa24f35e1b516d23) [PhysX] Initialized MultithreadedTaskDispatcher with 10 workers.
 -> (artifact id: 'e34f3ad6078effd24d8ac2b4d6908dec') in 0.005286 seconds
Number of updated asset objects reloaded before import = 0
Number of asset objects unloaded after import = 1
========================================================================
Received Import Request.
  Time since last request: 0.000070 seconds.
  path: Assets/ModernSupermarket/Models/Props/Products/JuiceBrick_6ljfy3/Textures/Materials/MilkBrick_e8foxc.mat
  artifactKey: Guid(e911168b7a78d12449cff71f163f2ff1) Importer(2089858483,0ecaa5967403d082aa24f35e1b516d23)
Start importing Assets/ModernSupermarket/Models/Props/Products/JuiceBrick_6ljfy3/Textures/Materials/MilkBrick_e8foxc.mat using Guid(e911168b7a78d12449cff71f163f2ff1) Importer(2089858483,0ecaa5967403d082aa24f35e1b516d23) [PhysX] Initialized MultithreadedTaskDispatcher with 10 workers.
 -> (artifact id: '5fae7c87969b5a640709356f3db4b487') in 0.005112 seconds
Number of updated asset objects reloaded before import = 0
Number of asset objects unloaded after import = 5
========================================================================
Received Import Request.
  Time since last request: 0.000036 seconds.
  path: Assets/ModernSupermarket/Models/Props/Products/Decoration_q1fmhj/Textures/Materials/Decoration_q1fmhj.mat
  artifactKey: Guid(1b990ddf98a43a14fb5e509fcd47f97c) Importer(2089858483,0ecaa5967403d082aa24f35e1b516d23)
Start importing Assets/ModernSupermarket/Models/Props/Products/Decoration_q1fmhj/Textures/Materials/Decoration_q1fmhj.mat using Guid(1b990ddf98a43a14fb5e509fcd47f97c) Importer(2089858483,0ecaa5967403d082aa24f35e1b516d23) [PhysX] Initialized MultithreadedTaskDispatcher with 10 workers.
 -> (artifact id: '20fedbd7685bd0a65e6867d30611e8ae') in 0.006575 seconds
Number of updated asset objects reloaded before import = 0
Number of asset objects unloaded after import = 4
========================================================================
Received Import Request.
  Time since last request: 0.000041 seconds.
  path: Assets/ModernSupermarket/Models/Props/Products/Cleanser_o964qg/Textures/Materials/Cleanser_o964qg_LiquidBlack.mat
  artifactKey: Guid(b080487f3395628488ded2088076a27f) Importer(2089858483,0ecaa5967403d082aa24f35e1b516d23)
Start importing Assets/ModernSupermarket/Models/Props/Products/Cleanser_o964qg/Textures/Materials/Cleanser_o964qg_LiquidBlack.mat using Guid(b080487f3395628488ded2088076a27f) Importer(2089858483,0ecaa5967403d082aa24f35e1b516d23) [PhysX] Initialized MultithreadedTaskDispatcher with 10 workers.
 -> (artifact id: '2c5ecfabf69943dc921861aabdc58eda') in 0.002459 seconds
Number of updated asset objects reloaded before import = 0
Number of asset objects unloaded after import = 1
========================================================================
Received Import Request.
  Time since last request: 0.000060 seconds.
  path: Assets/ModernSupermarket/Models/Props/Products/CrabSticks_mu7h0i/Textures/Material/CrabSticks_mu7h0i.mat
  artifactKey: Guid(aeb7036d8fd4a784b925268dd3d54da8) Importer(2089858483,0ecaa5967403d082aa24f35e1b516d23)
Start importing Assets/ModernSupermarket/Models/Props/Products/CrabSticks_mu7h0i/Textures/Material/CrabSticks_mu7h0i.mat using Guid(aeb7036d8fd4a784b925268dd3d54da8) Importer(2089858483,0ecaa5967403d082aa24f35e1b516d23) [PhysX] Initialized MultithreadedTaskDispatcher with 10 workers.
 -> (artifact id: '78edfdae7bb86cf333a4b9b43fb426df') in 0.003193 seconds
Number of updated asset objects reloaded before import = 0
Number of asset objects unloaded after import = 3
========================================================================
Received Import Request.
  Time since last request: 0.000025 seconds.
  path: Assets/ModernSupermarket/Models/Props/Products/Shampoo_vimakk/Textures/Shampoo_vimakk_a_Var01.png
  artifactKey: Guid(fd362d89113db9949bbd8968b7e6e344) Importer(2089858483,0ecaa5967403d082aa24f35e1b516d23)
Start importing Assets/ModernSupermarket/Models/Props/Products/Shampoo_vimakk/Textures/Shampoo_vimakk_a_Var01.png using Guid(fd362d89113db9949bbd8968b7e6e344) Importer(2089858483,0ecaa5967403d082aa24f35e1b516d23) [PhysX] Initialized MultithreadedTaskDispatcher with 10 workers.
 -> (artifact id: '4b8feafdc1387172682e01d5e418b913') in 0.006314 seconds
Number of updated asset objects reloaded before import = 0
Number of asset objects unloaded after import = 1
========================================================================
Received Import Request.
  Time since last request: 0.000069 seconds.
  path: Assets/ModernSupermarket/Models/Props/Products/Toothpaste_duqkf2/Textures/Toothpaste_duqkf2_a.png
  artifactKey: Guid(4d23d15315897544db0c4437cc3511a3) Importer(2089858483,0ecaa5967403d082aa24f35e1b516d23)
Start importing Assets/ModernSupermarket/Models/Props/Products/Toothpaste_duqkf2/Textures/Toothpaste_duqkf2_a.png using Guid(4d23d15315897544db0c4437cc3511a3) Importer(2089858483,0ecaa5967403d082aa24f35e1b516d23) [PhysX] Initialized MultithreadedTaskDispatcher with 10 workers.
 -> (artifact id: '0429dc7b17ac3f15ed97a97bee7175cf') in 0.004472 seconds
Number of updated asset objects reloaded before import = 0
Number of asset objects unloaded after import = 1
========================================================================
Received Import Request.
  Time since last request: 0.000053 seconds.
  path: Assets/ModernSupermarket/Models/Props/Products/FrozenPack_t7wenh/Textures/Materials/FrozenPack_t7wenh_Var03.mat
  artifactKey: Guid(3a806a3372b318244aa1e3846920a2c6) Importer(2089858483,0ecaa5967403d082aa24f35e1b516d23)
Start importing Assets/ModernSupermarket/Models/Props/Products/FrozenPack_t7wenh/Textures/Materials/FrozenPack_t7wenh_Var03.mat using Guid(3a806a3372b318244aa1e3846920a2c6) Importer(2089858483,0ecaa5967403d082aa24f35e1b516d23) [PhysX] Initialized MultithreadedTaskDispatcher with 10 workers.
 -> (artifact id: '9f5f0c617ab568e53fff7198d2b52eb7') in 0.002535 seconds
Number of updated asset objects reloaded before import = 0
Number of asset objects unloaded after import = 2
========================================================================
Received Import Request.
  Time since last request: 0.000070 seconds.
  path: Assets/ModernSupermarket/Models/Props/Produce/Perry_fhz4xg/Textures/Materials/Perry_fhz4xg.mat
  artifactKey: Guid(7862c0f834729c542b327a87f870e58e) Importer(2089858483,0ecaa5967403d082aa24f35e1b516d23)
Start importing Assets/ModernSupermarket/Models/Props/Produce/Perry_fhz4xg/Textures/Materials/Perry_fhz4xg.mat using Guid(7862c0f834729c542b327a87f870e58e) Importer(2089858483,0ecaa5967403d082aa24f35e1b516d23) [PhysX] Initialized MultithreadedTaskDispatcher with 10 workers.
 -> (artifact id: 'ad837608bd306b0b6d7f1ef6565b2744') in 0.003057 seconds
Number of updated asset objects reloaded before import = 0
Number of asset objects unloaded after import = 5
========================================================================
Received Import Request.
  Time since last request: 0.000060 seconds.
  path: Assets/ModernSupermarket/Models/Props/Utility/Crate_7qf4hw/Textures/Crate_7qf4hw_o.png
  artifactKey: Guid(d4079d7ef36781e4a9723515c63052f3) Importer(2089858483,0ecaa5967403d082aa24f35e1b516d23)
Start importing Assets/ModernSupermarket/Models/Props/Utility/Crate_7qf4hw/Textures/Crate_7qf4hw_o.png using Guid(d4079d7ef36781e4a9723515c63052f3) Importer(2089858483,0ecaa5967403d082aa24f35e1b516d23) [PhysX] Initialized MultithreadedTaskDispatcher with 10 workers.
 -> (artifact id: '38f4cd15d3a5ea0d75b231f7ec96dd80') in 0.005220 seconds
Number of updated asset objects reloaded before import = 0
Number of asset objects unloaded after import = 1
========================================================================
Received Import Request.
  Time since last request: 0.000050 seconds.
  path: Assets/ModernSupermarket/Models/Props/Products/MeatTray_dbf1nh/Textures/MeatTray_dbf1nh_Meat_o.png
  artifactKey: Guid(dafda46567a39c947bf1f0b2df8b31b4) Importer(2089858483,0ecaa5967403d082aa24f35e1b516d23)
Start importing Assets/ModernSupermarket/Models/Props/Products/MeatTray_dbf1nh/Textures/MeatTray_dbf1nh_Meat_o.png using Guid(dafda46567a39c947bf1f0b2df8b31b4) Importer(2089858483,0ecaa5967403d082aa24f35e1b516d23) [PhysX] Initialized MultithreadedTaskDispatcher with 10 workers.
 -> (artifact id: 'a666ad392f984d4bf52a6f5cd7b89936') in 0.007627 seconds
Number of updated asset objects reloaded before import = 0
Number of asset objects unloaded after import = 1
========================================================================
Received Import Request.
  Time since last request: 0.000069 seconds.
  path: Assets/ModernSupermarket/Models/Props/Utility/Scale_av1k2p/Textures/Materials/Scale_av1k2p.mat
  artifactKey: Guid(a7cb97fb5fc41c14d986416963653bec) Importer(2089858483,0ecaa5967403d082aa24f35e1b516d23)
Start importing Assets/ModernSupermarket/Models/Props/Utility/Scale_av1k2p/Textures/Materials/Scale_av1k2p.mat using Guid(a7cb97fb5fc41c14d986416963653bec) Importer(2089858483,0ecaa5967403d082aa24f35e1b516d23) [PhysX] Initialized MultithreadedTaskDispatcher with 10 workers.
 -> (artifact id: 'd712d74810bc9da58dc74d6d7cc73864') in 0.008123 seconds
Number of updated asset objects reloaded before import = 0
Number of asset objects unloaded after import = 5
========================================================================
Received Import Request.
  Time since last request: 0.000039 seconds.
  path: Assets/ModernSupermarket/Models/Props/Utility/Scale_av1k2p/Textures/Materials/Scale_av1k2p_a 1.mat
  artifactKey: Guid(a8b076a1414f91d48bde7f2ec472fce0) Importer(2089858483,0ecaa5967403d082aa24f35e1b516d23)
Start importing Assets/ModernSupermarket/Models/Props/Utility/Scale_av1k2p/Textures/Materials/Scale_av1k2p_a 1.mat using Guid(a8b076a1414f91d48bde7f2ec472fce0) Importer(2089858483,0ecaa5967403d082aa24f35e1b516d23) [PhysX] Initialized MultithreadedTaskDispatcher with 10 workers.
 -> (artifact id: '8282828553a7e5d9934e8a4e8d647574') in 0.004595 seconds
Number of updated asset objects reloaded before import = 0
Number of asset objects unloaded after import = 5
========================================================================
Received Import Request.
  Time since last request: 0.000037 seconds.
  path: Assets/ModernSupermarket/Models/Props/Utility/Basket_x5gi0j/Textures/Materials/Basket_x5gi0j_a.mat
  artifactKey: Guid(0eb339b65a881e448aacd3e0436ab2ad) Importer(2089858483,0ecaa5967403d082aa24f35e1b516d23)
Start importing Assets/ModernSupermarket/Models/Props/Utility/Basket_x5gi0j/Textures/Materials/Basket_x5gi0j_a.mat using Guid(0eb339b65a881e448aacd3e0436ab2ad) Importer(2089858483,0ecaa5967403d082aa24f35e1b516d23) [PhysX] Initialized MultithreadedTaskDispatcher with 10 workers.
 -> (artifact id: '649a830a4991a6eaea5d307d5326c033') in 0.003808 seconds
Number of updated asset objects reloaded before import = 0
Number of asset objects unloaded after import = 5
========================================================================
Received Import Request.
  Time since last request: 0.000038 seconds.
  path: Assets/ModernSupermarket/Models/Props/Utility/Crate_omgea6/Textures/Materials/Crate_omgea6.mat
  artifactKey: Guid(bc35021ad30e8c94ca5638e17da9902d) Importer(2089858483,0ecaa5967403d082aa24f35e1b516d23)
Start importing Assets/ModernSupermarket/Models/Props/Utility/Crate_omgea6/Textures/Materials/Crate_omgea6.mat using Guid(bc35021ad30e8c94ca5638e17da9902d) Importer(2089858483,0ecaa5967403d082aa24f35e1b516d23) [PhysX] Initialized MultithreadedTaskDispatcher with 10 workers.
 -> (artifact id: '99008550edfd2b208dec6e7e6ec8caa6') in 0.004661 seconds
Number of updated asset objects reloaded before import = 0
Number of asset objects unloaded after import = 5
========================================================================
Received Import Request.
  Time since last request: 0.000048 seconds.
  path: Assets/ModernSupermarket/Models/Props/Utility/Basket_o52iei/Textures/Materials/Basket_o52iei_condiments03.mat
  artifactKey: Guid(7cca91ad677936a4ea8c4730612cbc9d) Importer(2089858483,0ecaa5967403d082aa24f35e1b516d23)
Start importing Assets/ModernSupermarket/Models/Props/Utility/Basket_o52iei/Textures/Materials/Basket_o52iei_condiments03.mat using Guid(7cca91ad677936a4ea8c4730612cbc9d) Importer(2089858483,0ecaa5967403d082aa24f35e1b516d23) [PhysX] Initialized MultithreadedTaskDispatcher with 10 workers.
 -> (artifact id: 'fdc25cb9f42c3505f4ecafe28f64a9cb') in 0.005138 seconds
Number of updated asset objects reloaded before import = 0
Number of asset objects unloaded after import = 6
========================================================================
Received Import Request.
  Time since last request: 0.000033 seconds.
  path: Assets/ModernSupermarket/Models/Props/Utility/WetFloor_fxi59q/Textures/Materials/WetFloor_fxi59q_a.mat
  artifactKey: Guid(bf809adb864bf9342924f939d26cf2f9) Importer(2089858483,0ecaa5967403d082aa24f35e1b516d23)
Start importing Assets/ModernSupermarket/Models/Props/Utility/WetFloor_fxi59q/Textures/Materials/WetFloor_fxi59q_a.mat using Guid(bf809adb864bf9342924f939d26cf2f9) Importer(2089858483,0ecaa5967403d082aa24f35e1b516d23) [PhysX] Initialized MultithreadedTaskDispatcher with 10 workers.
 -> (artifact id: 'cff734f6d9f4b996f450851e2d34bf76') in 0.012597 seconds
Number of updated asset objects reloaded before import = 0
Number of asset objects unloaded after import = 5
========================================================================
Received Import Request.
  Time since last request: 0.000039 seconds.
  path: Assets/ModernSupermarket/Models/Props/Utility/Footboard_ajuyp9/Texture/Materials/Footboard_ajuyp9_Var02.mat
  artifactKey: Guid(aeac4ec5fd5b2d94ebfdc273211a8245) Importer(2089858483,0ecaa5967403d082aa24f35e1b516d23)
Start importing Assets/ModernSupermarket/Models/Props/Utility/Footboard_ajuyp9/Texture/Materials/Footboard_ajuyp9_Var02.mat using Guid(aeac4ec5fd5b2d94ebfdc273211a8245) Importer(2089858483,0ecaa5967403d082aa24f35e1b516d23) [PhysX] Initialized MultithreadedTaskDispatcher with 10 workers.
 -> (artifact id: 'a4c5e94b2c68b701b25c6360dca747f9') in 0.007454 seconds
Number of updated asset objects reloaded before import = 0
Number of asset objects unloaded after import = 4
========================================================================
Received Import Request.
  Time since last request: 0.000039 seconds.
  path: Assets/ModernSupermarket/Models/Props/Utility/Basket_o52iei/Textures/Materials/Basket_o52iei_condiments04.mat
  artifactKey: Guid(fbdc3f6940c602848ba740945b017b0d) Importer(2089858483,0ecaa5967403d082aa24f35e1b516d23)
Start importing Assets/ModernSupermarket/Models/Props/Utility/Basket_o52iei/Textures/Materials/Basket_o52iei_condiments04.mat using Guid(fbdc3f6940c602848ba740945b017b0d) Importer(2089858483,0ecaa5967403d082aa24f35e1b516d23) [PhysX] Initialized MultithreadedTaskDispatcher with 10 workers.
 -> (artifact id: '574a31f4d9f9fd5bdef923ed3f483d57') in 0.005467 seconds
Number of updated asset objects reloaded before import = 0
Number of asset objects unloaded after import = 6
========================================================================
Received Import Request.
  Time since last request: 0.000056 seconds.
  path: Assets/ModernSupermarket/Models/Props/Utility/Scale_av1k2p/Textures/Materials/Scale_av1k2p_a.mat
  artifactKey: Guid(557e007f2ba179b4381ab2fc4ac99262) Importer(2089858483,0ecaa5967403d082aa24f35e1b516d23)
Start importing Assets/ModernSupermarket/Models/Props/Utility/Scale_av1k2p/Textures/Materials/Scale_av1k2p_a.mat using Guid(557e007f2ba179b4381ab2fc4ac99262) Importer(2089858483,0ecaa5967403d082aa24f35e1b516d23) [PhysX] Initialized MultithreadedTaskDispatcher with 10 workers.
 -> (artifact id: '3ef174f3ab8ac0103ce8ec51fc4a9c29') in 0.004373 seconds
Number of updated asset objects reloaded before import = 0
Number of asset objects unloaded after import = 5
========================================================================
Received Import Request.
  Time since last request: 0.000033 seconds.
  path: Assets/ModernSupermarket/Models/Props/Utility/Basket_x5gi0j/Textures/Materials/Basket_x5gi0j.mat
  artifactKey: Guid(3bf0564a05badc34788391a8c5fda9d0) Importer(2089858483,0ecaa5967403d082aa24f35e1b516d23)
Start importing Assets/ModernSupermarket/Models/Props/Utility/Basket_x5gi0j/Textures/Materials/Basket_x5gi0j.mat using Guid(3bf0564a05badc34788391a8c5fda9d0) Importer(2089858483,0ecaa5967403d082aa24f35e1b516d23) [PhysX] Initialized MultithreadedTaskDispatcher with 10 workers.
 -> (artifact id: '51ea788eb1e0374720c6d26735b4ddab') in 0.003250 seconds
Number of updated asset objects reloaded before import = 0
Number of asset objects unloaded after import = 5
========================================================================
Received Import Request.
  Time since last request: 0.000046 seconds.
  path: Assets/ModernSupermarket/Models/Props/Products/Soap_eegrv7/Textures/Materials/Soap_eegrv7_Liquid.mat
  artifactKey: Guid(6005e6a5fb26ed942a4ea6c9b049d40c) Importer(2089858483,0ecaa5967403d082aa24f35e1b516d23)
Start importing Assets/ModernSupermarket/Models/Props/Products/Soap_eegrv7/Textures/Materials/Soap_eegrv7_Liquid.mat using Guid(6005e6a5fb26ed942a4ea6c9b049d40c) Importer(2089858483,0ecaa5967403d082aa24f35e1b516d23) [PhysX] Initialized MultithreadedTaskDispatcher with 10 workers.
 -> (artifact id: 'fa14be9ab558e481525e3e20d4280b70') in 0.002293 seconds
Number of updated asset objects reloaded before import = 0
Number of asset objects unloaded after import = 1
========================================================================
Received Import Request.
  Time since last request: 0.000085 seconds.
  path: Assets/ModernSupermarket/Models/Props/Products/Teabox_nokda4/Textures/Materials/Teabox_nokda4.mat
  artifactKey: Guid(7f6ea34a6156b7e488a4454405ddfa50) Importer(2089858483,0ecaa5967403d082aa24f35e1b516d23)
Start importing Assets/ModernSupermarket/Models/Props/Products/Teabox_nokda4/Textures/Materials/Teabox_nokda4.mat using Guid(7f6ea34a6156b7e488a4454405ddfa50) Importer(2089858483,0ecaa5967403d082aa24f35e1b516d23) [PhysX] Initialized MultithreadedTaskDispatcher with 10 workers.
 -> (artifact id: '0fc1efd40bbb24e03f8a22b183f63edf') in 0.003566 seconds
Number of updated asset objects reloaded before import = 0
Number of asset objects unloaded after import = 5
========================================================================
Received Import Request.
  Time since last request: 0.000031 seconds.
  path: Assets/ModernSupermarket/Models/Props/Products/Decoration_3k4dyn/Textures/Materials/Decoration_3k4dyn.mat
  artifactKey: Guid(c5d54c13a292c7e478837225f5351c19) Importer(2089858483,0ecaa5967403d082aa24f35e1b516d23)
Start importing Assets/ModernSupermarket/Models/Props/Products/Decoration_3k4dyn/Textures/Materials/Decoration_3k4dyn.mat using Guid(c5d54c13a292c7e478837225f5351c19) Importer(2089858483,0ecaa5967403d082aa24f35e1b516d23) [PhysX] Initialized MultithreadedTaskDispatcher with 10 workers.
 -> (artifact id: '476daebe6d4f528f8545b699b232295e') in 0.004083 seconds
Number of updated asset objects reloaded before import = 0
Number of asset objects unloaded after import = 5
========================================================================
Received Import Request.
  Time since last request: 0.000033 seconds.
  path: Assets/ModernSupermarket/Models/Props/Products/Soap_eegrv7/Textures/Materials/Soap_eegrv7_Var01_Label.mat
  artifactKey: Guid(6982f8e7355d26a4996228b080543225) Importer(2089858483,0ecaa5967403d082aa24f35e1b516d23)
Start importing Assets/ModernSupermarket/Models/Props/Products/Soap_eegrv7/Textures/Materials/Soap_eegrv7_Var01_Label.mat using Guid(6982f8e7355d26a4996228b080543225) Importer(2089858483,0ecaa5967403d082aa24f35e1b516d23) [PhysX] Initialized MultithreadedTaskDispatcher with 10 workers.
 -> (artifact id: 'c26dacb3fe5364d3b35835d60eff1956') in 0.003088 seconds
Number of updated asset objects reloaded before import = 0
Number of asset objects unloaded after import = 3
========================================================================
Received Import Request.
  Time since last request: 0.000122 seconds.
  path: Assets/ModernSupermarket/Models/Props/Utility/Basket_o52iei/Textures/Basket_o52iei_condiments02_a.png
  artifactKey: Guid(6f5608fdd17b3d34f8913039257790e6) Importer(2089858483,0ecaa5967403d082aa24f35e1b516d23)
Start importing Assets/ModernSupermarket/Models/Props/Utility/Basket_o52iei/Textures/Basket_o52iei_condiments02_a.png using Guid(6f5608fdd17b3d34f8913039257790e6) Importer(2089858483,0ecaa5967403d082aa24f35e1b516d23) [PhysX] Initialized MultithreadedTaskDispatcher with 10 workers.
 -> (artifact id: 'f11a9f14b89103aca9328a0471666c72') in 0.004678 seconds
Number of updated asset objects reloaded before import = 0
Number of asset objects unloaded after import = 1
========================================================================
Received Import Request.
  Time since last request: 0.000073 seconds.
  path: Assets/ModernSupermarket/Models/Props/Utility/Bag_my9wcp/Textures/Bag_my9wcp_a.png
  artifactKey: Guid(3c951af6aedc748478eee462fcea812e) Importer(2089858483,0ecaa5967403d082aa24f35e1b516d23)
Start importing Assets/ModernSupermarket/Models/Props/Utility/Bag_my9wcp/Textures/Bag_my9wcp_a.png using Guid(3c951af6aedc748478eee462fcea812e) Importer(2089858483,0ecaa5967403d082aa24f35e1b516d23) [PhysX] Initialized MultithreadedTaskDispatcher with 10 workers.
 -> (artifact id: 'f1f2b2165f9fccce18b13f807a45f4ee') in 0.007725 seconds
Number of updated asset objects reloaded before import = 0
Number of asset objects unloaded after import = 1
========================================================================
Received Import Request.
  Time since last request: 0.000052 seconds.
  path: Assets/ModernSupermarket/Models/Props/Utility/Camera_fbj1by/Textures/Camera_fbj1by_n.png
  artifactKey: Guid(079281268d4af81418c009d6d5d62e9f) Importer(2089858483,0ecaa5967403d082aa24f35e1b516d23)
Start importing Assets/ModernSupermarket/Models/Props/Utility/Camera_fbj1by/Textures/Camera_fbj1by_n.png using Guid(079281268d4af81418c009d6d5d62e9f) Importer(2089858483,0ecaa5967403d082aa24f35e1b516d23) [PhysX] Initialized MultithreadedTaskDispatcher with 10 workers.
 -> (artifact id: 'f67ab6a1dbc44961db0cd8085fa2f3d1') in 0.005061 seconds
Number of updated asset objects reloaded before import = 0
Number of asset objects unloaded after import = 1
========================================================================
Received Import Request.
  Time since last request: 0.000050 seconds.
  path: Assets/ModernSupermarket/Models/Props/Utility/Footboard_ajuyp9/Texture/Footboard_ajuyp9_o.png
  artifactKey: Guid(b625b2018f83a084fae5d6b4fcbe79c4) Importer(2089858483,0ecaa5967403d082aa24f35e1b516d23)
Start importing Assets/ModernSupermarket/Models/Props/Utility/Footboard_ajuyp9/Texture/Footboard_ajuyp9_o.png using Guid(b625b2018f83a084fae5d6b4fcbe79c4) Importer(2089858483,0ecaa5967403d082aa24f35e1b516d23) [PhysX] Initialized MultithreadedTaskDispatcher with 10 workers.
 -> (artifact id: '89b82d29bc7713deeb36c7355ba69059') in 0.004685 seconds
Number of updated asset objects reloaded before import = 0
Number of asset objects unloaded after import = 1
========================================================================
Received Import Request.
  Time since last request: 0.000095 seconds.
  path: Assets/ModernSupermarket/Models/Props/Products/YoghurtPack_kjd150/Textures/YoghurtPack_rk7lsf_o.png
  artifactKey: Guid(387e5e2c3d0fec5418f47e702fc623b9) Importer(2089858483,0ecaa5967403d082aa24f35e1b516d23)
Start importing Assets/ModernSupermarket/Models/Props/Products/YoghurtPack_kjd150/Textures/YoghurtPack_rk7lsf_o.png using Guid(387e5e2c3d0fec5418f47e702fc623b9) Importer(2089858483,0ecaa5967403d082aa24f35e1b516d23) [PhysX] Initialized MultithreadedTaskDispatcher with 10 workers.
 -> (artifact id: '92bc14893b723f5da1346c94701330f2') in 0.004788 seconds
Number of updated asset objects reloaded before import = 0
Number of asset objects unloaded after import = 1
========================================================================
Received Import Request.
  Time since last request: 0.000052 seconds.
  path: Assets/ModernSupermarket/Models/Props/Utility/Basket_o52iei/Textures/Basket_o52iei_condiments02_m.png
  artifactKey: Guid(9600f636fd4ab7240a4693cfb2980b39) Importer(2089858483,0ecaa5967403d082aa24f35e1b516d23)
Start importing Assets/ModernSupermarket/Models/Props/Utility/Basket_o52iei/Textures/Basket_o52iei_condiments02_m.png using Guid(9600f636fd4ab7240a4693cfb2980b39) Importer(2089858483,0ecaa5967403d082aa24f35e1b516d23) [PhysX] Initialized MultithreadedTaskDispatcher with 10 workers.
 -> (artifact id: '6d8387596a3006d4a73cfc8ed79c5823') in 0.004563 seconds
Number of updated asset objects reloaded before import = 0
Number of asset objects unloaded after import = 1
========================================================================
Received Import Request.
  Time since last request: 0.000064 seconds.
  path: Assets/ModernSupermarket/Models/Props/Utility/Crate_3m39yz/Textures/Crate_3m39yzVar02_o.png
  artifactKey: Guid(5c8b1cfd8b4b24a4bab4bd800930364f) Importer(2089858483,0ecaa5967403d082aa24f35e1b516d23)
Start importing Assets/ModernSupermarket/Models/Props/Utility/Crate_3m39yz/Textures/Crate_3m39yzVar02_o.png using Guid(5c8b1cfd8b4b24a4bab4bd800930364f) Importer(2089858483,0ecaa5967403d082aa24f35e1b516d23) [PhysX] Initialized MultithreadedTaskDispatcher with 10 workers.
 -> (artifact id: 'df02f8b4aa35209bcf072a5ffa31684d') in 0.008167 seconds
Number of updated asset objects reloaded before import = 0
Number of asset objects unloaded after import = 1
========================================================================
Received Import Request.
  Time since last request: 0.000116 seconds.
  path: Assets/ModernSupermarket/Models/Props/Products/Shampoo_vimakk/Textures/Shampoo_vimakk_n.png
  artifactKey: Guid(410c121510e680242aa2aec4447041f1) Importer(2089858483,0ecaa5967403d082aa24f35e1b516d23)
Start importing Assets/ModernSupermarket/Models/Props/Products/Shampoo_vimakk/Textures/Shampoo_vimakk_n.png using Guid(410c121510e680242aa2aec4447041f1) Importer(2089858483,0ecaa5967403d082aa24f35e1b516d23) [PhysX] Initialized MultithreadedTaskDispatcher with 10 workers.
 -> (artifact id: '309af059a48c000a234f229b700dafc2') in 0.006673 seconds
Number of updated asset objects reloaded before import = 0
Number of asset objects unloaded after import = 1
========================================================================
Received Import Request.
  Time since last request: 0.000058 seconds.
  path: Assets/ModernSupermarket/Models/Props/Products/Sugar_ffc568/Textures/Material/Sugar_ffc568_Var02.mat
  artifactKey: Guid(2197fdc3acfe74f489e333fb8e24885d) Importer(2089858483,0ecaa5967403d082aa24f35e1b516d23)
Start importing Assets/ModernSupermarket/Models/Props/Products/Sugar_ffc568/Textures/Material/Sugar_ffc568_Var02.mat using Guid(2197fdc3acfe74f489e333fb8e24885d) Importer(2089858483,0ecaa5967403d082aa24f35e1b516d23) [PhysX] Initialized MultithreadedTaskDispatcher with 10 workers.
 -> (artifact id: 'cba737674e99b8d1ea7292890c510873') in 0.003015 seconds
Number of updated asset objects reloaded before import = 0
Number of asset objects unloaded after import = 4
========================================================================
Received Import Request.
  Time since last request: 0.000053 seconds.
  path: Assets/ModernSupermarket/Models/Props/Products/WineBottle_2b6kjh/Textures/Materials/WineBottle_fdde0u_Var01.mat
  artifactKey: Guid(523fe08d378cb2d48a9bd47c9dbe5129) Importer(2089858483,0ecaa5967403d082aa24f35e1b516d23)
Start importing Assets/ModernSupermarket/Models/Props/Products/WineBottle_2b6kjh/Textures/Materials/WineBottle_fdde0u_Var01.mat using Guid(523fe08d378cb2d48a9bd47c9dbe5129) Importer(2089858483,0ecaa5967403d082aa24f35e1b516d23) [PhysX] Initialized MultithreadedTaskDispatcher with 10 workers.
 -> (artifact id: '94ed9ed19086bb47174e404bfab66a86') in 0.003354 seconds
Number of updated asset objects reloaded before import = 0
Number of asset objects unloaded after import = 3
========================================================================
Received Import Request.
  Time since last request: 0.000039 seconds.
  path: Assets/ModernSupermarket/Models/Props/Products/Pasta_9duit2/Textures/PastaPack_9duit003_Macaroni_m.png
  artifactKey: Guid(76d674fe557fdb048b1fc90d0f6c281a) Importer(2089858483,0ecaa5967403d082aa24f35e1b516d23)
Start importing Assets/ModernSupermarket/Models/Props/Products/Pasta_9duit2/Textures/PastaPack_9duit003_Macaroni_m.png using Guid(76d674fe557fdb048b1fc90d0f6c281a) Importer(2089858483,0ecaa5967403d082aa24f35e1b516d23) [PhysX] Initialized MultithreadedTaskDispatcher with 10 workers.
 -> (artifact id: '60dfb156890831836e7b4ac4a599240c') in 0.005032 seconds
Number of updated asset objects reloaded before import = 0
Number of asset objects unloaded after import = 1
========================================================================
Received Import Request.
  Time since last request: 0.000087 seconds.
  path: Assets/ModernSupermarket/Models/Props/Products/Vase_0p0iky/Textures/Vase_0p0iky_n.png
  artifactKey: Guid(6623a39708466c04fa52685494b5fc0b) Importer(2089858483,0ecaa5967403d082aa24f35e1b516d23)
Start importing Assets/ModernSupermarket/Models/Props/Products/Vase_0p0iky/Textures/Vase_0p0iky_n.png using Guid(6623a39708466c04fa52685494b5fc0b) Importer(2089858483,0ecaa5967403d082aa24f35e1b516d23) [PhysX] Initialized MultithreadedTaskDispatcher with 10 workers.
 -> (artifact id: '617e45869986f157c5f49044bae3d5f4') in 0.005031 seconds
Number of updated asset objects reloaded before import = 0
Number of asset objects unloaded after import = 1
========================================================================
Received Import Request.
  Time since last request: 0.000266 seconds.
  path: Assets/ModernSupermarket/Models/Props/Utility/Basket_o52iei/Textures/Basket_o52iei_condiments03_o.png
  artifactKey: Guid(8284f0fb7ea3f9c4393ccbab6d07691b) Importer(2089858483,0ecaa5967403d082aa24f35e1b516d23)
Start importing Assets/ModernSupermarket/Models/Props/Utility/Basket_o52iei/Textures/Basket_o52iei_condiments03_o.png using Guid(8284f0fb7ea3f9c4393ccbab6d07691b) Importer(2089858483,0ecaa5967403d082aa24f35e1b516d23) [PhysX] Initialized MultithreadedTaskDispatcher with 10 workers.
 -> (artifact id: '0d2358af47cb7bae9ec2624757368aee') in 0.004346 seconds
Number of updated asset objects reloaded before import = 0
Number of asset objects unloaded after import = 1
========================================================================
Received Import Request.
  Time since last request: 0.000141 seconds.
  path: Assets/ModernSupermarket/Models/Props/Utility/Cart_nabnuh/Textures/Cart_nabnuh_n.png
  artifactKey: Guid(3a3dec6fb9ac00b49b6c6c59a533d2ef) Importer(2089858483,0ecaa5967403d082aa24f35e1b516d23)
Start importing Assets/ModernSupermarket/Models/Props/Utility/Cart_nabnuh/Textures/Cart_nabnuh_n.png using Guid(3a3dec6fb9ac00b49b6c6c59a533d2ef) Importer(2089858483,0ecaa5967403d082aa24f35e1b516d23) [PhysX] Initialized MultithreadedTaskDispatcher with 10 workers.
 -> (artifact id: 'fd7e9b548dba4a0ff9595a73f7b06f38') in 0.009224 seconds
Number of updated asset objects reloaded before import = 0
Number of asset objects unloaded after import = 1
========================================================================
Received Import Request.
  Time since last request: 0.000057 seconds.
  path: Assets/ModernSupermarket/Models/Props/Products/Alcohol_eoojba/Textures/Materials/WhiskyBottle_eoojba_Glass.mat
  artifactKey: Guid(54941c66421157d4c820e2bb90da8511) Importer(2089858483,0ecaa5967403d082aa24f35e1b516d23)
Start importing Assets/ModernSupermarket/Models/Props/Products/Alcohol_eoojba/Textures/Materials/WhiskyBottle_eoojba_Glass.mat using Guid(54941c66421157d4c820e2bb90da8511) Importer(2089858483,0ecaa5967403d082aa24f35e1b516d23) [PhysX] Initialized MultithreadedTaskDispatcher with 10 workers.
 -> (artifact id: 'c51772c10f1b008ec4ef653114029e47') in 0.002726 seconds
Number of updated asset objects reloaded before import = 0
Number of asset objects unloaded after import = 2
========================================================================
Received Import Request.
  Time since last request: 0.000085 seconds.
  path: Assets/ModernSupermarket/Models/Props/Products/Rooflight_ll6qt0/textures/Materials/RoofLight_ll6qt0_light.mat
  artifactKey: Guid(292d2a6153b5c1747952bc882ecb37f5) Importer(2089858483,0ecaa5967403d082aa24f35e1b516d23)
Start importing Assets/ModernSupermarket/Models/Props/Products/Rooflight_ll6qt0/textures/Materials/RoofLight_ll6qt0_light.mat using Guid(292d2a6153b5c1747952bc882ecb37f5) Importer(2089858483,0ecaa5967403d082aa24f35e1b516d23) [PhysX] Initialized MultithreadedTaskDispatcher with 10 workers.
 -> (artifact id: '077e931469e6b513404a655b8c0cd0ce') in 0.002880 seconds
Number of updated asset objects reloaded before import = 0
Number of asset objects unloaded after import = 3
========================================================================
Received Import Request.
  Time since last request: 0.000038 seconds.
  path: Assets/ModernSupermarket/Models/Props/Products/Cream_jatl5h/Textures/Materials/Cream_jatl5h_a.mat
  artifactKey: Guid(62ae74dad1068a24c9bbefcdccea6fd0) Importer(2089858483,0ecaa5967403d082aa24f35e1b516d23)
Start importing Assets/ModernSupermarket/Models/Props/Products/Cream_jatl5h/Textures/Materials/Cream_jatl5h_a.mat using Guid(62ae74dad1068a24c9bbefcdccea6fd0) Importer(2089858483,0ecaa5967403d082aa24f35e1b516d23) [PhysX] Initialized MultithreadedTaskDispatcher with 10 workers.
 -> (artifact id: '7d002afbe0a0c0e4d56c88d4f7ec1cd8') in 0.005178 seconds
Number of updated asset objects reloaded before import = 0
Number of asset objects unloaded after import = 5
========================================================================
Received Import Request.
  Time since last request: 0.000027 seconds.
  path: Assets/ModernSupermarket/Models/Props/Products/Shampoo_vimakk/Textures/Materials/Shampoo_vimakk_Label_Var02.mat
  artifactKey: Guid(f9db201c1a301364fa45ef54f179748a) Importer(2089858483,0ecaa5967403d082aa24f35e1b516d23)
Start importing Assets/ModernSupermarket/Models/Props/Products/Shampoo_vimakk/Textures/Materials/Shampoo_vimakk_Label_Var02.mat using Guid(f9db201c1a301364fa45ef54f179748a) Importer(2089858483,0ecaa5967403d082aa24f35e1b516d23) [PhysX] Initialized MultithreadedTaskDispatcher with 10 workers.
 -> (artifact id: '6076e54a2bfb0655cd47b5894d41d1c2') in 0.004377 seconds
Number of updated asset objects reloaded before import = 0
Number of asset objects unloaded after import = 2
========================================================================
Received Import Request.
  Time since last request: 0.000062 seconds.
  path: Assets/ModernSupermarket/Models/Props/Utility/Basket_o52iei/Textures/Basket_o52iei_condiments02_o.png
  artifactKey: Guid(a8a39cb32bfe15b48bd19d208fade5c2) Importer(2089858483,0ecaa5967403d082aa24f35e1b516d23)
Start importing Assets/ModernSupermarket/Models/Props/Utility/Basket_o52iei/Textures/Basket_o52iei_condiments02_o.png using Guid(a8a39cb32bfe15b48bd19d208fade5c2) Importer(2089858483,0ecaa5967403d082aa24f35e1b516d23) [PhysX] Initialized MultithreadedTaskDispatcher with 10 workers.
 -> (artifact id: 'f1ac46304d68978c8ea1eee5f2e0250d') in 0.004940 seconds
Number of updated asset objects reloaded before import = 0
Number of asset objects unloaded after import = 1
========================================================================
Received Import Request.
  Time since last request: 0.000061 seconds.
  path: Assets/ModernSupermarket/Models/Props/Products/Pasta_g87jtq/Textures/Materials/PastaPack_g87jtq_Var02.mat
  artifactKey: Guid(96ac9f4e2e51229498b01658721af70a) Importer(2089858483,0ecaa5967403d082aa24f35e1b516d23)
Start importing Assets/ModernSupermarket/Models/Props/Products/Pasta_g87jtq/Textures/Materials/PastaPack_g87jtq_Var02.mat using Guid(96ac9f4e2e51229498b01658721af70a) Importer(2089858483,0ecaa5967403d082aa24f35e1b516d23) [PhysX] Initialized MultithreadedTaskDispatcher with 10 workers.
 -> (artifact id: '331a7ac3b2995585ce9cec77355d52e7') in 0.005149 seconds
Number of updated asset objects reloaded before import = 0
Number of asset objects unloaded after import = 5
========================================================================
Received Import Request.
  Time since last request: 0.000021 seconds.
  path: Assets/ModernSupermarket/Models/Props/Products/Sushis_r6r1w6/Textures/Sushis_r6r1w6_a.png
  artifactKey: Guid(2111fd7662b7ab04a82580b31886317f) Importer(2089858483,0ecaa5967403d082aa24f35e1b516d23)
Start importing Assets/ModernSupermarket/Models/Props/Products/Sushis_r6r1w6/Textures/Sushis_r6r1w6_a.png using Guid(2111fd7662b7ab04a82580b31886317f) Importer(2089858483,0ecaa5967403d082aa24f35e1b516d23) [PhysX] Initialized MultithreadedTaskDispatcher with 10 workers.
 -> (artifact id: '0e50906efd5b23a2fc8157a56ee8b95f') in 0.008890 seconds
Number of updated asset objects reloaded before import = 0
Number of asset objects unloaded after import = 1
========================================================================
Received Import Request.
  Time since last request: 0.000095 seconds.
  path: Assets/ModernSupermarket/Models/Props/Products/Pasta_9duit2/Textures/PastaPack_9duit2_n.png
  artifactKey: Guid(8e3524800fad9304d92690c32040b30c) Importer(2089858483,0ecaa5967403d082aa24f35e1b516d23)
Start importing Assets/ModernSupermarket/Models/Props/Products/Pasta_9duit2/Textures/PastaPack_9duit2_n.png using Guid(8e3524800fad9304d92690c32040b30c) Importer(2089858483,0ecaa5967403d082aa24f35e1b516d23) [PhysX] Initialized MultithreadedTaskDispatcher with 10 workers.
 -> (artifact id: 'd1681bf9f19ac0f8017914e50251c210') in 0.005073 seconds
Number of updated asset objects reloaded before import = 0
Number of asset objects unloaded after import = 1
========================================================================
Received Import Request.
  Time since last request: 0.000064 seconds.
  path: Assets/ModernSupermarket/Models/Props/Utility/Crate_omgea6/Textures/Crate_omgea6_m.png
  artifactKey: Guid(c087f74473a7c3c4dbb973d0611d6b10) Importer(2089858483,0ecaa5967403d082aa24f35e1b516d23)
Start importing Assets/ModernSupermarket/Models/Props/Utility/Crate_omgea6/Textures/Crate_omgea6_m.png using Guid(c087f74473a7c3c4dbb973d0611d6b10) Importer(2089858483,0ecaa5967403d082aa24f35e1b516d23) [PhysX] Initialized MultithreadedTaskDispatcher with 10 workers.
 -> (artifact id: 'b06d57d4b200cdc544fdfdfd8a7d9f41') in 0.005013 seconds
Number of updated asset objects reloaded before import = 0
Number of asset objects unloaded after import = 1
========================================================================
Received Import Request.
  Time since last request: 0.000070 seconds.
  path: Assets/ModernSupermarket/Models/Props/Products/Teabox_5oq0ki/Textures/Teabox_5oq0ki_a.png
  artifactKey: Guid(610916af4e626ab4c86f51d571cc746b) Importer(2089858483,0ecaa5967403d082aa24f35e1b516d23)
Start importing Assets/ModernSupermarket/Models/Props/Products/Teabox_5oq0ki/Textures/Teabox_5oq0ki_a.png using Guid(610916af4e626ab4c86f51d571cc746b) Importer(2089858483,0ecaa5967403d082aa24f35e1b516d23) [PhysX] Initialized MultithreadedTaskDispatcher with 10 workers.
 -> (artifact id: '8b947b601f9cebba4bfaa6663a0581b1') in 0.004861 seconds
Number of updated asset objects reloaded before import = 0
Number of asset objects unloaded after import = 1
========================================================================
Received Import Request.
  Time since last request: 0.000053 seconds.
  path: Assets/ModernSupermarket/Models/Props/Products/Vase_enq19o/Textures/Vase_enq19o_mask.png
  artifactKey: Guid(e5c5a86d4bbb7bb4bb720143fd68adf7) Importer(2089858483,0ecaa5967403d082aa24f35e1b516d23)
Start importing Assets/ModernSupermarket/Models/Props/Products/Vase_enq19o/Textures/Vase_enq19o_mask.png using Guid(e5c5a86d4bbb7bb4bb720143fd68adf7) Importer(2089858483,0ecaa5967403d082aa24f35e1b516d23) [PhysX] Initialized MultithreadedTaskDispatcher with 10 workers.
 -> (artifact id: '6efd240604a257cbedcef9f4e23fb55a') in 0.004829 seconds
Number of updated asset objects reloaded before import = 0
Number of asset objects unloaded after import = 1
========================================================================
Received Import Request.
  Time since last request: 0.000073 seconds.
  path: Assets/ModernSupermarket/Models/Props/Products/PotatoBag_gcx3y2/Textures/PotatoeBag_gcx3y2_a.png
  artifactKey: Guid(5924fa1e69f0f904f9926abaeb16c747) Importer(2089858483,0ecaa5967403d082aa24f35e1b516d23)
Start importing Assets/ModernSupermarket/Models/Props/Products/PotatoBag_gcx3y2/Textures/PotatoeBag_gcx3y2_a.png using Guid(5924fa1e69f0f904f9926abaeb16c747) Importer(2089858483,0ecaa5967403d082aa24f35e1b516d23) [PhysX] Initialized MultithreadedTaskDispatcher with 10 workers.
 -> (artifact id: 'e855681914eb096f392b094ee205a3d7') in 0.005386 seconds
Number of updated asset objects reloaded before import = 0
Number of asset objects unloaded after import = 1
========================================================================
Received Import Request.
  Time since last request: 0.000067 seconds.
  path: Assets/ModernSupermarket/Models/Props/Products/WaterPack_mqmuh7/Textures/WaterPack_mqmuh7_Var01_a.png
  artifactKey: Guid(34145972086c3a14b88cb69870785bb5) Importer(2089858483,0ecaa5967403d082aa24f35e1b516d23)
Start importing Assets/ModernSupermarket/Models/Props/Products/WaterPack_mqmuh7/Textures/WaterPack_mqmuh7_Var01_a.png using Guid(34145972086c3a14b88cb69870785bb5) Importer(2089858483,0ecaa5967403d082aa24f35e1b516d23) [PhysX] Initialized MultithreadedTaskDispatcher with 10 workers.
 -> (artifact id: 'a554f0bedf1f932588c8087996a311d2') in 0.007746 seconds
Number of updated asset objects reloaded before import = 0
Number of asset objects unloaded after import = 1
========================================================================
Received Import Request.
  Time since last request: 0.000077 seconds.
  path: Assets/ModernSupermarket/Models/Props/Products/Shampoo_u15m67/Textures/Materials/Shampoo_u15m67_Bottle_Var01.mat
  artifactKey: Guid(190062c663eb67443b9ca6573d87221f) Importer(2089858483,0ecaa5967403d082aa24f35e1b516d23)
Start importing Assets/ModernSupermarket/Models/Props/Products/Shampoo_u15m67/Textures/Materials/Shampoo_u15m67_Bottle_Var01.mat using Guid(190062c663eb67443b9ca6573d87221f) Importer(2089858483,0ecaa5967403d082aa24f35e1b516d23) [PhysX] Initialized MultithreadedTaskDispatcher with 10 workers.
 -> (artifact id: 'e01621b2a82584a359117ebf15111e92') in 0.002859 seconds
Number of updated asset objects reloaded before import = 0
Number of asset objects unloaded after import = 3
========================================================================
Received Import Request.
  Time since last request: 0.000141 seconds.
  path: Assets/ModernSupermarket/Models/Props/Products/Sauce_cfrew8/Textures/Materials/Sauce_cfrew8.mat
  artifactKey: Guid(ec4f7a84ed903284c90088c5f8b4aa87) Importer(2089858483,0ecaa5967403d082aa24f35e1b516d23)
Start importing Assets/ModernSupermarket/Models/Props/Products/Sauce_cfrew8/Textures/Materials/Sauce_cfrew8.mat using Guid(ec4f7a84ed903284c90088c5f8b4aa87) Importer(2089858483,0ecaa5967403d082aa24f35e1b516d23) [PhysX] Initialized MultithreadedTaskDispatcher with 10 workers.
 -> (artifact id: 'a7bca703f2a45e3819b6abdf40042b0e') in 0.003927 seconds
Number of updated asset objects reloaded before import = 0
Number of asset objects unloaded after import = 5
========================================================================
Received Import Request.
  Time since last request: 0.000035 seconds.
  path: Assets/ModernSupermarket/Models/Props/Products/Soda_7gwg2t/Textures/Soda_7gwg2t_a.png
  artifactKey: Guid(7e81941e8470ff04f9e707a445e5ecfc) Importer(2089858483,0ecaa5967403d082aa24f35e1b516d23)
Start importing Assets/ModernSupermarket/Models/Props/Products/Soda_7gwg2t/Textures/Soda_7gwg2t_a.png using Guid(7e81941e8470ff04f9e707a445e5ecfc) Importer(2089858483,0ecaa5967403d082aa24f35e1b516d23) [PhysX] Initialized MultithreadedTaskDispatcher with 10 workers.
 -> (artifact id: '08581a18a6b9b8f0c043639cc53fb323') in 0.004931 seconds
Number of updated asset objects reloaded before import = 0
Number of asset objects unloaded after import = 1
========================================================================
Received Import Request.
  Time since last request: 0.000076 seconds.
  path: Assets/ModernSupermarket/Models/Props/Products/SweetJar_ma0jsk/Textures/SweetJar_ma0jsk_n.png
  artifactKey: Guid(50f833b61d1ed8a49a2276a97090bc77) Importer(2089858483,0ecaa5967403d082aa24f35e1b516d23)
Start importing Assets/ModernSupermarket/Models/Props/Products/SweetJar_ma0jsk/Textures/SweetJar_ma0jsk_n.png using Guid(50f833b61d1ed8a49a2276a97090bc77) Importer(2089858483,0ecaa5967403d082aa24f35e1b516d23) [PhysX] Initialized MultithreadedTaskDispatcher with 10 workers.
 -> (artifact id: 'fa03eb3a1e0ccb65b49dbd4888d44418') in 0.004784 seconds
Number of updated asset objects reloaded before import = 0
Number of asset objects unloaded after import = 1
========================================================================
Received Import Request.
  Time since last request: 0.000038 seconds.
  path: Assets/ModernSupermarket/Models/Props/Products/MashPotatoe_3n44xc/Textures/Materials/MashPotatoe_3n44xc.mat
  artifactKey: Guid(236a428ace840da4e9ae9c746090ac84) Importer(2089858483,0ecaa5967403d082aa24f35e1b516d23)
Start importing Assets/ModernSupermarket/Models/Props/Products/MashPotatoe_3n44xc/Textures/Materials/MashPotatoe_3n44xc.mat using Guid(236a428ace840da4e9ae9c746090ac84) Importer(2089858483,0ecaa5967403d082aa24f35e1b516d23) [PhysX] Initialized MultithreadedTaskDispatcher with 10 workers.
 -> (artifact id: '00474bb751647d0411bd36c2b5596a05') in 0.004488 seconds
Number of updated asset objects reloaded before import = 0
Number of asset objects unloaded after import = 5
========================================================================
Received Import Request.
  Time since last request: 0.000026 seconds.
  path: Assets/ModernSupermarket/Models/Props/Utility/Basket_o52iei/Textures/Basket_o52iei_condiments01_n.png
  artifactKey: Guid(d22ed731334967740b101cd3b92b79f2) Importer(2089858483,0ecaa5967403d082aa24f35e1b516d23)
Start importing Assets/ModernSupermarket/Models/Props/Utility/Basket_o52iei/Textures/Basket_o52iei_condiments01_n.png using Guid(d22ed731334967740b101cd3b92b79f2) Importer(2089858483,0ecaa5967403d082aa24f35e1b516d23) [PhysX] Initialized MultithreadedTaskDispatcher with 10 workers.
 -> (artifact id: '3ae0b5b8899aa2cd4ab35c57eff69bac') in 0.008147 seconds
Number of updated asset objects reloaded before import = 0
Number of asset objects unloaded after import = 1
========================================================================
Received Import Request.
  Time since last request: 0.000056 seconds.
  path: Assets/ModernSupermarket/Models/Props/Products/Sugar_o0f6pn/Textures/Sugar_o0f6pn_o.png
  artifactKey: Guid(29b7310b8a81bc542b51828f7d33b492) Importer(2089858483,0ecaa5967403d082aa24f35e1b516d23)
Start importing Assets/ModernSupermarket/Models/Props/Products/Sugar_o0f6pn/Textures/Sugar_o0f6pn_o.png using Guid(29b7310b8a81bc542b51828f7d33b492) Importer(2089858483,0ecaa5967403d082aa24f35e1b516d23) [PhysX] Initialized MultithreadedTaskDispatcher with 10 workers.
 -> (artifact id: 'e494ab1bc1270faca499d7b9568687b7') in 0.004841 seconds
Number of updated asset objects reloaded before import = 0
Number of asset objects unloaded after import = 1
========================================================================
Received Import Request.
  Time since last request: 0.000060 seconds.
  path: Assets/ModernSupermarket/Models/Props/Products/Soda_7gwg2t/Textures/Soda_7gwg2t_o.png
  artifactKey: Guid(6090244fd8d641b47baddbf2d3342814) Importer(2089858483,0ecaa5967403d082aa24f35e1b516d23)
Start importing Assets/ModernSupermarket/Models/Props/Products/Soda_7gwg2t/Textures/Soda_7gwg2t_o.png using Guid(6090244fd8d641b47baddbf2d3342814) Importer(2089858483,0ecaa5967403d082aa24f35e1b516d23) [PhysX] Initialized MultithreadedTaskDispatcher with 10 workers.
 -> (artifact id: '1a1177edae091521ae04cfe4900010ac') in 0.004906 seconds
Number of updated asset objects reloaded before import = 0
Number of asset objects unloaded after import = 1
========================================================================
Received Import Request.
  Time since last request: 0.000052 seconds.
  path: Assets/ModernSupermarket/Models/Props/Products/Teabox_fhe54d/Textures/Teabox_fhe54d_a.png
  artifactKey: Guid(58a27afb775a04e41add3978fe2e3fd9) Importer(2089858483,0ecaa5967403d082aa24f35e1b516d23)
Start importing Assets/ModernSupermarket/Models/Props/Products/Teabox_fhe54d/Textures/Teabox_fhe54d_a.png using Guid(58a27afb775a04e41add3978fe2e3fd9) Importer(2089858483,0ecaa5967403d082aa24f35e1b516d23) [PhysX] Initialized MultithreadedTaskDispatcher with 10 workers.
 -> (artifact id: 'f6523a65e204f74c05ce786947881504') in 0.004818 seconds
Number of updated asset objects reloaded before import = 0
Number of asset objects unloaded after import = 1
========================================================================
Received Import Request.
  Time since last request: 0.000063 seconds.
  path: Assets/ModernSupermarket/Models/Props/Products/Alcohol_ao62w4/Textures/Materials/Alcool_ao62w4_Liquid.mat
  artifactKey: Guid(1efd0fdd6902be2438be6960054b0e78) Importer(2089858483,0ecaa5967403d082aa24f35e1b516d23)
Start importing Assets/ModernSupermarket/Models/Props/Products/Alcohol_ao62w4/Textures/Materials/Alcool_ao62w4_Liquid.mat using Guid(1efd0fdd6902be2438be6960054b0e78) Importer(2089858483,0ecaa5967403d082aa24f35e1b516d23) [PhysX] Initialized MultithreadedTaskDispatcher with 10 workers.
 -> (artifact id: '603e6f0cfb3090a5e37b1e9c68468687') in 0.002092 seconds
Number of updated asset objects reloaded before import = 0
Number of asset objects unloaded after import = 1
========================================================================
Received Import Request.
  Time since last request: 0.000073 seconds.
  path: Assets/ModernSupermarket/Models/Props/Produce/Grapefruit_mrfrpw/Textures/Materials/Grapefruit_mrfrpw.mat
  artifactKey: Guid(82cc7ed8aabc64842837758d207532ca) Importer(2089858483,0ecaa5967403d082aa24f35e1b516d23)
Start importing Assets/ModernSupermarket/Models/Props/Produce/Grapefruit_mrfrpw/Textures/Materials/Grapefruit_mrfrpw.mat using Guid(82cc7ed8aabc64842837758d207532ca) Importer(2089858483,0ecaa5967403d082aa24f35e1b516d23) [PhysX] Initialized MultithreadedTaskDispatcher with 10 workers.
 -> (artifact id: '247b3b044c707c88bb0bd144050570c8') in 0.003063 seconds
Number of updated asset objects reloaded before import = 0
Number of asset objects unloaded after import = 5
========================================================================
Received Import Request.
  Time since last request: 0.000054 seconds.
  path: Assets/ModernSupermarket/Models/Props/Utility/WetFloor_fxi59q/Textures/WetFloor_fxi59q_h.png
  artifactKey: Guid(150d29b7d59cc9f4aa0b42a2aa8cfb93) Importer(2089858483,0ecaa5967403d082aa24f35e1b516d23)
Start importing Assets/ModernSupermarket/Models/Props/Utility/WetFloor_fxi59q/Textures/WetFloor_fxi59q_h.png using Guid(150d29b7d59cc9f4aa0b42a2aa8cfb93) Importer(2089858483,0ecaa5967403d082aa24f35e1b516d23) [PhysX] Initialized MultithreadedTaskDispatcher with 10 workers.
 -> (artifact id: 'ea2fdedd84ec79630fd4872395f6ffd8') in 0.006449 seconds
Number of updated asset objects reloaded before import = 0
Number of asset objects unloaded after import = 1
========================================================================
Received Import Request.
  Time since last request: 0.000090 seconds.
  path: Assets/ModernSupermarket/Models/Props/Products/Soda_f6b9gw/Textures/Materials/Soda_f6b9gw_Glass.mat
  artifactKey: Guid(4adb328993a69cd4d85673456dc95436) Importer(2089858483,0ecaa5967403d082aa24f35e1b516d23)
Start importing Assets/ModernSupermarket/Models/Props/Products/Soda_f6b9gw/Textures/Materials/Soda_f6b9gw_Glass.mat using Guid(4adb328993a69cd4d85673456dc95436) Importer(2089858483,0ecaa5967403d082aa24f35e1b516d23) [PhysX] Initialized MultithreadedTaskDispatcher with 10 workers.
 -> (artifact id: '8ee782cedc902ad46a9b19f30ef27080') in 0.005514 seconds
Number of updated asset objects reloaded before import = 0
Number of asset objects unloaded after import = 3
========================================================================
Received Import Request.
  Time since last request: 0.000027 seconds.
  path: Assets/ModernSupermarket/Models/Props/Products/SweetJar_lpbii4/Textures/Materials/SweetJar_lpbii4_Liquid.mat
  artifactKey: Guid(e43b0955365774d4f82446f0242624a6) Importer(2089858483,0ecaa5967403d082aa24f35e1b516d23)
Start importing Assets/ModernSupermarket/Models/Props/Products/SweetJar_lpbii4/Textures/Materials/SweetJar_lpbii4_Liquid.mat using Guid(e43b0955365774d4f82446f0242624a6) Importer(2089858483,0ecaa5967403d082aa24f35e1b516d23) [PhysX] Initialized MultithreadedTaskDispatcher with 10 workers.
 -> (artifact id: '4ed0761da528e7fa4e7d229854fb5cfb') in 0.002187 seconds
Number of updated asset objects reloaded before import = 0
Number of asset objects unloaded after import = 1
========================================================================
Received Import Request.
  Time since last request: 0.000054 seconds.
  path: Assets/ModernSupermarket/Models/Props/Products/YoghurtPack_kjd150/Textures/Materials/YoghurtPack_rk7lsf_Var02.mat
  artifactKey: Guid(054f769a78801524786c3b25a0802502) Importer(2089858483,0ecaa5967403d082aa24f35e1b516d23)
Start importing Assets/ModernSupermarket/Models/Props/Products/YoghurtPack_kjd150/Textures/Materials/YoghurtPack_rk7lsf_Var02.mat using Guid(054f769a78801524786c3b25a0802502) Importer(2089858483,0ecaa5967403d082aa24f35e1b516d23) [PhysX] Initialized MultithreadedTaskDispatcher with 10 workers.
 -> (artifact id: '98dd46c795d6208db6f2199a9c111b72') in 0.004583 seconds
Number of updated asset objects reloaded before import = 0
Number of asset objects unloaded after import = 5
========================================================================
Received Import Request.
  Time since last request: 0.000033 seconds.
  path: Assets/ModernSupermarket/Models/Props/Products/Sauce_cfrew8/Textures/Sauce_cfrew8_Var02_a.png
  artifactKey: Guid(68b9b1f1fc0f00643a80e24de6c7a092) Importer(2089858483,0ecaa5967403d082aa24f35e1b516d23)
Start importing Assets/ModernSupermarket/Models/Props/Products/Sauce_cfrew8/Textures/Sauce_cfrew8_Var02_a.png using Guid(68b9b1f1fc0f00643a80e24de6c7a092) Importer(2089858483,0ecaa5967403d082aa24f35e1b516d23) [PhysX] Initialized MultithreadedTaskDispatcher with 10 workers.
 -> (artifact id: '410669a6385c9ca5f046f57aa3242b3d') in 0.005448 seconds
Number of updated asset objects reloaded before import = 0
Number of asset objects unloaded after import = 1
========================================================================
Received Import Request.
  Time since last request: 0.000064 seconds.
  path: Assets/ModernSupermarket/Models/Props/Products/Alcohol_qi7uqvr/Textures/Label/Alcohol_qi7uqv_Label_h.png
  artifactKey: Guid(e5422859b9e5be0458deb5c2b3a6de28) Importer(2089858483,0ecaa5967403d082aa24f35e1b516d23)
Start importing Assets/ModernSupermarket/Models/Props/Products/Alcohol_qi7uqvr/Textures/Label/Alcohol_qi7uqv_Label_h.png using Guid(e5422859b9e5be0458deb5c2b3a6de28) Importer(2089858483,0ecaa5967403d082aa24f35e1b516d23) [PhysX] Initialized MultithreadedTaskDispatcher with 10 workers.
 -> (artifact id: 'ef51b5399fb8a6cdae8c600f4f6cf03e') in 0.006389 seconds
Number of updated asset objects reloaded before import = 0
Number of asset objects unloaded after import = 1
========================================================================
Received Import Request.
  Time since last request: 0.000066 seconds.
  path: Assets/ModernSupermarket/Models/Props/Products/Soda_7gwg2t/Textures/Materials/Soda_7gwg2t_Label_Var02.mat
  artifactKey: Guid(6481a8df0c604d740899102e80fce8e9) Importer(2089858483,0ecaa5967403d082aa24f35e1b516d23)
Start importing Assets/ModernSupermarket/Models/Props/Products/Soda_7gwg2t/Textures/Materials/Soda_7gwg2t_Label_Var02.mat using Guid(6481a8df0c604d740899102e80fce8e9) Importer(2089858483,0ecaa5967403d082aa24f35e1b516d23) [PhysX] Initialized MultithreadedTaskDispatcher with 10 workers.
 -> (artifact id: '1cbdbe2273a5ffd807ed1491ea71f213') in 0.002596 seconds
Number of updated asset objects reloaded before import = 0
Number of asset objects unloaded after import = 3
========================================================================
Received Import Request.
  Time since last request: 0.000030 seconds.
  path: Assets/ModernSupermarket/Models/Props/Products/SlicedBread_6zus31/Textures/SliceBread_6zus31_a.png
  artifactKey: Guid(fb51c41845af12d438165f2007d6d37e) Importer(2089858483,0ecaa5967403d082aa24f35e1b516d23)
Start importing Assets/ModernSupermarket/Models/Props/Products/SlicedBread_6zus31/Textures/SliceBread_6zus31_a.png using Guid(fb51c41845af12d438165f2007d6d37e) Importer(2089858483,0ecaa5967403d082aa24f35e1b516d23) [PhysX] Initialized MultithreadedTaskDispatcher with 10 workers.
 -> (artifact id: '1b6fe827edf36303768d87e34dd76492') in 0.004862 seconds
Number of updated asset objects reloaded before import = 0
Number of asset objects unloaded after import = 1
========================================================================
Received Import Request.
  Time since last request: 0.000093 seconds.
  path: Assets/ModernSupermarket/Models/Props/Utility/Crate_3m39yz/Textures/Crate_3m39yzVar01_m.png
  artifactKey: Guid(b98c820a8251e0647a5e892d058a7489) Importer(2089858483,0ecaa5967403d082aa24f35e1b516d23)
Start importing Assets/ModernSupermarket/Models/Props/Utility/Crate_3m39yz/Textures/Crate_3m39yzVar01_m.png using Guid(b98c820a8251e0647a5e892d058a7489) Importer(2089858483,0ecaa5967403d082aa24f35e1b516d23) [PhysX] Initialized MultithreadedTaskDispatcher with 10 workers.
 -> (artifact id: 'a9f7639fcc7010580e78ff9387613d77') in 0.008673 seconds
Number of updated asset objects reloaded before import = 0
Number of asset objects unloaded after import = 1
========================================================================
Received Import Request.
  Time since last request: 0.000105 seconds.
  path: Assets/ModernSupermarket/Models/Props/Products/Teabox_5oq0ki/Textures/Teabox_5oq0ki_n.png
  artifactKey: Guid(767f5d6d0aa943b4d836f252204bf7ec) Importer(2089858483,0ecaa5967403d082aa24f35e1b516d23)
Start importing Assets/ModernSupermarket/Models/Props/Products/Teabox_5oq0ki/Textures/Teabox_5oq0ki_n.png using Guid(767f5d6d0aa943b4d836f252204bf7ec) Importer(2089858483,0ecaa5967403d082aa24f35e1b516d23) [PhysX] Initialized MultithreadedTaskDispatcher with 10 workers.
 -> (artifact id: '69bba8db62f7c7e02d20fe0452f4f0ba') in 0.004820 seconds
Number of updated asset objects reloaded before import = 0
Number of asset objects unloaded after import = 1
========================================================================
Received Import Request.
  Time since last request: 0.000071 seconds.
  path: Assets/ModernSupermarket/Models/Props/Products/Shampoo_lvhjkn/Textures/Shampoo_lvhjkn_Label.png
  artifactKey: Guid(7f21b1422262ad74d97c4a5a21911558) Importer(2089858483,0ecaa5967403d082aa24f35e1b516d23)
Start importing Assets/ModernSupermarket/Models/Props/Products/Shampoo_lvhjkn/Textures/Shampoo_lvhjkn_Label.png using Guid(7f21b1422262ad74d97c4a5a21911558) Importer(2089858483,0ecaa5967403d082aa24f35e1b516d23) [PhysX] Initialized MultithreadedTaskDispatcher with 10 workers.
 -> (artifact id: '96d1b6eaa11bc0a64ca105cfe4938ed8') in 0.006340 seconds
Number of updated asset objects reloaded before import = 0
Number of asset objects unloaded after import = 1
========================================================================
Received Import Request.
  Time since last request: 0.000075 seconds.
  path: Assets/ModernSupermarket/Models/Props/Products/Teabox_l5w9ll/Textures/Teabox_l5w9ll_m.png
  artifactKey: Guid(d14521d82b6ee274abdab2e72fea5ab2) Importer(2089858483,0ecaa5967403d082aa24f35e1b516d23)
Start importing Assets/ModernSupermarket/Models/Props/Products/Teabox_l5w9ll/Textures/Teabox_l5w9ll_m.png using Guid(d14521d82b6ee274abdab2e72fea5ab2) Importer(2089858483,0ecaa5967403d082aa24f35e1b516d23) [PhysX] Initialized MultithreadedTaskDispatcher with 10 workers.
 -> (artifact id: 'fe015c210c49d6f97e07a35705be2b74') in 0.004886 seconds
Number of updated asset objects reloaded before import = 0
Number of asset objects unloaded after import = 1
========================================================================
Received Import Request.
  Time since last request: 0.000053 seconds.
  path: Assets/ModernSupermarket/Models/Props/Products/Cream_jatl5h/Textures/Materials/Cream_jatl5h_a_Var01.mat
  artifactKey: Guid(07b940d2126e1fd4fb84f30b6b4ff022) Importer(2089858483,0ecaa5967403d082aa24f35e1b516d23)
Start importing Assets/ModernSupermarket/Models/Props/Products/Cream_jatl5h/Textures/Materials/Cream_jatl5h_a_Var01.mat using Guid(07b940d2126e1fd4fb84f30b6b4ff022) Importer(2089858483,0ecaa5967403d082aa24f35e1b516d23) [PhysX] Initialized MultithreadedTaskDispatcher with 10 workers.
 -> (artifact id: 'bd49c3cabefb7c20e100308e2003e793') in 0.004818 seconds
Number of updated asset objects reloaded before import = 0
Number of asset objects unloaded after import = 5
========================================================================
Received Import Request.
  Time since last request: 0.000039 seconds.
  path: Assets/ModernSupermarket/Models/Props/Products/MeatTray_qm4z4l/Textures/Materials/MeatTray_qm4z4l_Plastic.mat
  artifactKey: Guid(40a2ef7cea6bc2843a63e952f9565302) Importer(2089858483,0ecaa5967403d082aa24f35e1b516d23)
Start importing Assets/ModernSupermarket/Models/Props/Products/MeatTray_qm4z4l/Textures/Materials/MeatTray_qm4z4l_Plastic.mat using Guid(40a2ef7cea6bc2843a63e952f9565302) Importer(2089858483,0ecaa5967403d082aa24f35e1b516d23) [PhysX] Initialized MultithreadedTaskDispatcher with 10 workers.
 -> (artifact id: '012a5f6eaea74f178e551cf49ca15c8a') in 0.003729 seconds
Number of updated asset objects reloaded before import = 0
Number of asset objects unloaded after import = 5
========================================================================
Received Import Request.
  Time since last request: 0.000028 seconds.
  path: Assets/ModernSupermarket/Models/Props/Products/Teabox_5oq0ki/Textures/Materials/Teabox_5oq0ki_Var02.mat
  artifactKey: Guid(e974e10b3a900df4e8830714f2229ff0) Importer(2089858483,0ecaa5967403d082aa24f35e1b516d23)
Start importing Assets/ModernSupermarket/Models/Props/Products/Teabox_5oq0ki/Textures/Materials/Teabox_5oq0ki_Var02.mat using Guid(e974e10b3a900df4e8830714f2229ff0) Importer(2089858483,0ecaa5967403d082aa24f35e1b516d23) [PhysX] Initialized MultithreadedTaskDispatcher with 10 workers.
 -> (artifact id: '510278c5e483ca7253a199818fb4d52b') in 0.006064 seconds
Number of updated asset objects reloaded before import = 0
Number of asset objects unloaded after import = 6
========================================================================
Received Import Request.
  Time since last request: 0.000029 seconds.
  path: Assets/ModernSupermarket/Models/Props/Produce/Papaya_xt7unv/Textures/Materials/Papaya_xt7unv.mat
  artifactKey: Guid(ed178a48975c76142bfd1412335e5ad3) Importer(2089858483,0ecaa5967403d082aa24f35e1b516d23)
Start importing Assets/ModernSupermarket/Models/Props/Produce/Papaya_xt7unv/Textures/Materials/Papaya_xt7unv.mat using Guid(ed178a48975c76142bfd1412335e5ad3) Importer(2089858483,0ecaa5967403d082aa24f35e1b516d23) [PhysX] Initialized MultithreadedTaskDispatcher with 10 workers.
 -> (artifact id: 'f4dbb84dfcf0a3940ddc58c2f627678f') in 0.009514 seconds
Number of updated asset objects reloaded before import = 0
Number of asset objects unloaded after import = 5
========================================================================
Received Import Request.
  Time since last request: 0.000035 seconds.
  path: Assets/ModernSupermarket/Models/Props/Products/Soda_f6b9gw/Textures/Soda_f6b9gw_a.png
  artifactKey: Guid(2c9f2180dcc5b47468e338c23e5f9a89) Importer(2089858483,0ecaa5967403d082aa24f35e1b516d23)
Start importing Assets/ModernSupermarket/Models/Props/Products/Soda_f6b9gw/Textures/Soda_f6b9gw_a.png using Guid(2c9f2180dcc5b47468e338c23e5f9a89) Importer(2089858483,0ecaa5967403d082aa24f35e1b516d23) [PhysX] Initialized MultithreadedTaskDispatcher with 10 workers.
 -> (artifact id: 'd77922bcedc28214f1cc698da6d8f08b') in 0.005484 seconds
Number of updated asset objects reloaded before import = 0
Number of asset objects unloaded after import = 1
========================================================================
Received Import Request.
  Time since last request: 0.000388 seconds.
  path: Assets/ModernSupermarket/Models/Props/Products/WaterPack_mqmuh7/Textures/Materials/WaterPack_mqmuh7_Label.mat
  artifactKey: Guid(a6b10b18944575743b84cd9f3015c0e3) Importer(2089858483,0ecaa5967403d082aa24f35e1b516d23)
Start importing Assets/ModernSupermarket/Models/Props/Products/WaterPack_mqmuh7/Textures/Materials/WaterPack_mqmuh7_Label.mat using Guid(a6b10b18944575743b84cd9f3015c0e3) Importer(2089858483,0ecaa5967403d082aa24f35e1b516d23) [PhysX] Initialized MultithreadedTaskDispatcher with 10 workers.
 -> (artifact id: 'cbea1aea844f167bac2f101142c168c7') in 0.004041 seconds
Number of updated asset objects reloaded before import = 0
Number of asset objects unloaded after import = 4
========================================================================
Received Import Request.
  Time since last request: 0.000061 seconds.
  path: Assets/ModernSupermarket/Models/Props/Utility/WetFloor_fxi59q/Textures/WetFloor_fxi59q_n.png
  artifactKey: Guid(246947cb0a3abbc4ab58b906bc957ec4) Importer(2089858483,0ecaa5967403d082aa24f35e1b516d23)
Start importing Assets/ModernSupermarket/Models/Props/Utility/WetFloor_fxi59q/Textures/WetFloor_fxi59q_n.png using Guid(246947cb0a3abbc4ab58b906bc957ec4) Importer(2089858483,0ecaa5967403d082aa24f35e1b516d23) [PhysX] Initialized MultithreadedTaskDispatcher with 10 workers.
 -> (artifact id: 'd04986237ff6f8f9c00c947609141375') in 0.006698 seconds
Number of updated asset objects reloaded before import = 0
Number of asset objects unloaded after import = 1
========================================================================
Received Import Request.
  Time since last request: 0.000050 seconds.
  path: Assets/ModernSupermarket/Models/Props/Products/SlicedBread_6zus31/Textures/SliceBread_6zus31_m.png
  artifactKey: Guid(f6fc1dfa8d66ca74183ba7d1bfd658c8) Importer(2089858483,0ecaa5967403d082aa24f35e1b516d23)
Start importing Assets/ModernSupermarket/Models/Props/Products/SlicedBread_6zus31/Textures/SliceBread_6zus31_m.png using Guid(f6fc1dfa8d66ca74183ba7d1bfd658c8) Importer(2089858483,0ecaa5967403d082aa24f35e1b516d23) [PhysX] Initialized MultithreadedTaskDispatcher with 10 workers.
 -> (artifact id: 'a431e530fe47d13e1b2af5f3925049cb') in 0.005509 seconds
Number of updated asset objects reloaded before import = 0
Number of asset objects unloaded after import = 1
========================================================================
Received Import Request.
  Time since last request: 0.000062 seconds.
  path: Assets/ModernSupermarket/Models/Props/Utility/Bag_j5sec2/Textures/Bag_j5sec2_o.png
  artifactKey: Guid(cfd70603f4264bb45b51208898827a48) Importer(2089858483,0ecaa5967403d082aa24f35e1b516d23)
Start importing Assets/ModernSupermarket/Models/Props/Utility/Bag_j5sec2/Textures/Bag_j5sec2_o.png using Guid(cfd70603f4264bb45b51208898827a48) Importer(2089858483,0ecaa5967403d082aa24f35e1b516d23) [PhysX] Initialized MultithreadedTaskDispatcher with 10 workers.
 -> (artifact id: 'ab0c5ae2cd8b3c1c610c800438b740f7') in 0.005130 seconds
Number of updated asset objects reloaded before import = 0
Number of asset objects unloaded after import = 1
========================================================================
Received Import Request.
  Time since last request: 0.000066 seconds.
  path: Assets/ModernSupermarket/Models/Props/Products/ToyCar_t5i4lw/Textures/Materials/ToyCar_t5i4lw.mat
  artifactKey: Guid(938fdfc2603f34241ada4208323caeca) Importer(2089858483,0ecaa5967403d082aa24f35e1b516d23)
Start importing Assets/ModernSupermarket/Models/Props/Products/ToyCar_t5i4lw/Textures/Materials/ToyCar_t5i4lw.mat using Guid(938fdfc2603f34241ada4208323caeca) Importer(2089858483,0ecaa5967403d082aa24f35e1b516d23) [PhysX] Initialized MultithreadedTaskDispatcher with 10 workers.
 -> (artifact id: 'd969b3156176c63bb154eccb80847905') in 0.016393 seconds
Number of updated asset objects reloaded before import = 0
Number of asset objects unloaded after import = 6
========================================================================
Received Import Request.
  Time since last request: 0.000036 seconds.
  path: Assets/ModernSupermarket/Models/Props/Utility/Camera_9m4m3y/Textures/Camera_9m4m3y_a.png
  artifactKey: Guid(06e104512038fa44fbe879dc812dfa2c) Importer(2089858483,0ecaa5967403d082aa24f35e1b516d23)
Start importing Assets/ModernSupermarket/Models/Props/Utility/Camera_9m4m3y/Textures/Camera_9m4m3y_a.png using Guid(06e104512038fa44fbe879dc812dfa2c) Importer(2089858483,0ecaa5967403d082aa24f35e1b516d23) [PhysX] Initialized MultithreadedTaskDispatcher with 10 workers.
 -> (artifact id: 'ba8424436ab262c7d466c1a4099e4086') in 0.005564 seconds
Number of updated asset objects reloaded before import = 0
Number of asset objects unloaded after import = 1
========================================================================
Received Import Request.
  Time since last request: 0.000075 seconds.
  path: Assets/ModernSupermarket/Models/Props/Products/Shampoo_u15m67/Textures/Shampoo_u15m67_m.png
  artifactKey: Guid(0e3187747e9f44c45ae6007d3ddcce2f) Importer(2089858483,0ecaa5967403d082aa24f35e1b516d23)
Start importing Assets/ModernSupermarket/Models/Props/Products/Shampoo_u15m67/Textures/Shampoo_u15m67_m.png using Guid(0e3187747e9f44c45ae6007d3ddcce2f) Importer(2089858483,0ecaa5967403d082aa24f35e1b516d23) [PhysX] Initialized MultithreadedTaskDispatcher with 10 workers.
 -> (artifact id: '31099c6e7eb037d6b643c4145edc8273') in 0.004964 seconds
Number of updated asset objects reloaded before import = 0
Number of asset objects unloaded after import = 1
========================================================================
Received Import Request.
  Time since last request: 0.000054 seconds.
  path: Assets/ModernSupermarket/Models/Props/Products/WineBottle_2b6kjh/Textures/Materials/WineBottle_fdde0u_LiquidPink.mat
  artifactKey: Guid(69dee31ef7e6b2f4a91b53db9e910a65) Importer(2089858483,0ecaa5967403d082aa24f35e1b516d23)
Start importing Assets/ModernSupermarket/Models/Props/Products/WineBottle_2b6kjh/Textures/Materials/WineBottle_fdde0u_LiquidPink.mat using Guid(69dee31ef7e6b2f4a91b53db9e910a65) Importer(2089858483,0ecaa5967403d082aa24f35e1b516d23) [PhysX] Initialized MultithreadedTaskDispatcher with 10 workers.
 -> (artifact id: 'a3731fa2d79c8338c9c913e4748fa923') in 0.002175 seconds
Number of updated asset objects reloaded before import = 0
Number of asset objects unloaded after import = 1
========================================================================
Received Import Request.
  Time since last request: 0.000060 seconds.
  path: Assets/ModernSupermarket/Models/Props/Products/Ham_wplnxm/Textures/Materials/Ham_wplnxm_Var01.mat
  artifactKey: Guid(8c057407a1822444ab8d1a92b80e7515) Importer(2089858483,0ecaa5967403d082aa24f35e1b516d23)
Start importing Assets/ModernSupermarket/Models/Props/Products/Ham_wplnxm/Textures/Materials/Ham_wplnxm_Var01.mat using Guid(8c057407a1822444ab8d1a92b80e7515) Importer(2089858483,0ecaa5967403d082aa24f35e1b516d23) [PhysX] Initialized MultithreadedTaskDispatcher with 10 workers.
 -> (artifact id: 'd0d8f462006ab319330f2258fc0a70ad') in 0.004212 seconds
Number of updated asset objects reloaded before import = 0
Number of asset objects unloaded after import = 5
========================================================================
Received Import Request.
  Time since last request: 0.000064 seconds.
  path: Assets/ModernSupermarket/Models/Props/Products/Soda_7gwg2t/Textures/Soda_7gwg2t_n.png
  artifactKey: Guid(463e869d6144c5840b41311af7b66858) Importer(2089858483,0ecaa5967403d082aa24f35e1b516d23)
Start importing Assets/ModernSupermarket/Models/Props/Products/Soda_7gwg2t/Textures/Soda_7gwg2t_n.png using Guid(463e869d6144c5840b41311af7b66858) Importer(2089858483,0ecaa5967403d082aa24f35e1b516d23) [PhysX] Initialized MultithreadedTaskDispatcher with 10 workers.
 -> (artifact id: '359218b3bd27a09d76d0b96ef2f5614a') in 0.004835 seconds
Number of updated asset objects reloaded before import = 0
Number of asset objects unloaded after import = 1
========================================================================
Received Import Request.
  Time since last request: 0.000065 seconds.
  path: Assets/ModernSupermarket/Models/Props/Products/PaperTowel_b8o0yi/Textures/PaperTowel_b8o0yi_a.png
  artifactKey: Guid(dc46204712e64f4438ffba30e6d87f58) Importer(2089858483,0ecaa5967403d082aa24f35e1b516d23)
Start importing Assets/ModernSupermarket/Models/Props/Products/PaperTowel_b8o0yi/Textures/PaperTowel_b8o0yi_a.png using Guid(dc46204712e64f4438ffba30e6d87f58) Importer(2089858483,0ecaa5967403d082aa24f35e1b516d23) [PhysX] Initialized MultithreadedTaskDispatcher with 10 workers.
 -> (artifact id: '490507c74b1f9a75f4daba611d5872a7') in 0.007946 seconds
Number of updated asset objects reloaded before import = 0
Number of asset objects unloaded after import = 1
========================================================================
Received Import Request.
  Time since last request: 0.000073 seconds.
  path: Assets/ModernSupermarket/Models/Props/Products/Chicken_ozj6pn/Textures/Materials/Chicken_ozj6pn_Meat.mat
  artifactKey: Guid(83890910df389984eb9a0ff2ab10b199) Importer(2089858483,0ecaa5967403d082aa24f35e1b516d23)
Start importing Assets/ModernSupermarket/Models/Props/Products/Chicken_ozj6pn/Textures/Materials/Chicken_ozj6pn_Meat.mat using Guid(83890910df389984eb9a0ff2ab10b199) Importer(2089858483,0ecaa5967403d082aa24f35e1b516d23) [PhysX] Initialized MultithreadedTaskDispatcher with 10 workers.
 -> (artifact id: '94cfb3b10c83fb0ee3786b7d7f605fb9') in 0.004917 seconds
Number of updated asset objects reloaded before import = 0
Number of asset objects unloaded after import = 5
========================================================================
Received Import Request.
  Time since last request: 0.000045 seconds.
  path: Assets/ModernSupermarket/Models/Props/Products/Cheese_ipc281/Textures/Materials/Cheese_ipc281.mat
  artifactKey: Guid(f3307df009bff6745ae1c8049d604cab) Importer(2089858483,0ecaa5967403d082aa24f35e1b516d23)
Start importing Assets/ModernSupermarket/Models/Props/Products/Cheese_ipc281/Textures/Materials/Cheese_ipc281.mat using Guid(f3307df009bff6745ae1c8049d604cab) Importer(2089858483,0ecaa5967403d082aa24f35e1b516d23) [PhysX] Initialized MultithreadedTaskDispatcher with 10 workers.
 -> (artifact id: 'df5e120f0b91c137c4dc061178de051a') in 0.003189 seconds
Number of updated asset objects reloaded before import = 0
Number of asset objects unloaded after import = 5
========================================================================
Received Import Request.
  Time since last request: 0.000026 seconds.
  path: Assets/ModernSupermarket/Models/Props/Utility/Crate_3m39yz/Textures/Materials/Crate_3m39yz.mat
  artifactKey: Guid(08cdf334b1c1aa3409f9cab6a6acfe45) Importer(2089858483,0ecaa5967403d082aa24f35e1b516d23)
Start importing Assets/ModernSupermarket/Models/Props/Utility/Crate_3m39yz/Textures/Materials/Crate_3m39yz.mat using Guid(08cdf334b1c1aa3409f9cab6a6acfe45) Importer(2089858483,0ecaa5967403d082aa24f35e1b516d23) [PhysX] Initialized MultithreadedTaskDispatcher with 10 workers.
 -> (artifact id: '998b6aaa26c187265f36eddc8f17f604') in 0.004104 seconds
Number of updated asset objects reloaded before import = 0
Number of asset objects unloaded after import = 4
========================================================================
Received Import Request.
  Time since last request: 0.000031 seconds.
  path: Assets/ModernSupermarket/Models/Props/Products/Soda_7gwg2t/Textures/Materials/Soda_7gwg2t_Label_Var01.mat
  artifactKey: Guid(6f434834237d03747b4f35248a84a18e) Importer(2089858483,0ecaa5967403d082aa24f35e1b516d23)
Start importing Assets/ModernSupermarket/Models/Props/Products/Soda_7gwg2t/Textures/Materials/Soda_7gwg2t_Label_Var01.mat using Guid(6f434834237d03747b4f35248a84a18e) Importer(2089858483,0ecaa5967403d082aa24f35e1b516d23) [PhysX] Initialized MultithreadedTaskDispatcher with 10 workers.
 -> (artifact id: '8ff0dc070170b8092564ff2c75691816') in 0.002914 seconds
Number of updated asset objects reloaded before import = 0
Number of asset objects unloaded after import = 3
========================================================================
Received Import Request.
  Time since last request: 0.000251 seconds.
  path: Assets/ModernSupermarket/Models/Props/Products/WineBottle_2b6kjh/Textures/Materials/WineBottle_fdde0u_GlassBlack.mat
  artifactKey: Guid(6d48e2142be719848910c5e153d6a925) Importer(2089858483,0ecaa5967403d082aa24f35e1b516d23)
Start importing Assets/ModernSupermarket/Models/Props/Products/WineBottle_2b6kjh/Textures/Materials/WineBottle_fdde0u_GlassBlack.mat using Guid(6d48e2142be719848910c5e153d6a925) Importer(2089858483,0ecaa5967403d082aa24f35e1b516d23) [PhysX] Initialized MultithreadedTaskDispatcher with 10 workers.
 -> (artifact id: '656fc6046354b2399322b7aec7485568') in 0.003772 seconds
Number of updated asset objects reloaded before import = 0
Number of asset objects unloaded after import = 3
========================================================================
Received Import Request.
  Time since last request: 0.000120 seconds.
  path: Assets/ModernSupermarket/Models/Props/Products/MeatTray_bbcwdq/Textures/Materials/MeatTray_qm4z4l_Tray.mat
  artifactKey: Guid(ba9c23c3ea3737d4084216f538fbf816) Importer(2089858483,0ecaa5967403d082aa24f35e1b516d23)
Start importing Assets/ModernSupermarket/Models/Props/Products/MeatTray_bbcwdq/Textures/Materials/MeatTray_qm4z4l_Tray.mat using Guid(ba9c23c3ea3737d4084216f538fbf816) Importer(2089858483,0ecaa5967403d082aa24f35e1b516d23) [PhysX] Initialized MultithreadedTaskDispatcher with 10 workers.
 -> (artifact id: '550ca6d81b73dced9f6bef831dd1fffb') in 0.003374 seconds
Number of updated asset objects reloaded before import = 0
Number of asset objects unloaded after import = 6
========================================================================
Received Import Request.
  Time since last request: 0.000040 seconds.
  path: Assets/ModernSupermarket/Models/Props/Products/PetFood_2ujlf0/Textures/PetFood_2ujlf0_n.png
  artifactKey: Guid(5f2bb8780d8b58d408007a78659f40e5) Importer(2089858483,0ecaa5967403d082aa24f35e1b516d23)
Start importing Assets/ModernSupermarket/Models/Props/Products/PetFood_2ujlf0/Textures/PetFood_2ujlf0_n.png using Guid(5f2bb8780d8b58d408007a78659f40e5) Importer(2089858483,0ecaa5967403d082aa24f35e1b516d23) [PhysX] Initialized MultithreadedTaskDispatcher with 10 workers.
 -> (artifact id: '906209f37c533d8db80fc41488f56894') in 0.005382 seconds
Number of updated asset objects reloaded before import = 0
Number of asset objects unloaded after import = 1
========================================================================
Received Import Request.
  Time since last request: 0.000054 seconds.
  path: Assets/ModernSupermarket/Models/Props/Products/ToiletPaper_tunz3i/Textures/ToiletPaper_tunz3i_o.png
  artifactKey: Guid(02596b101ffe43d41a31597a77f9305d) Importer(2089858483,0ecaa5967403d082aa24f35e1b516d23)
Start importing Assets/ModernSupermarket/Models/Props/Products/ToiletPaper_tunz3i/Textures/ToiletPaper_tunz3i_o.png using Guid(02596b101ffe43d41a31597a77f9305d) Importer(2089858483,0ecaa5967403d082aa24f35e1b516d23) [PhysX] Initialized MultithreadedTaskDispatcher with 10 workers.
 -> (artifact id: '87986be78f35d628af03435149663541') in 0.007197 seconds
Number of updated asset objects reloaded before import = 0
Number of asset objects unloaded after import = 1
========================================================================
Received Import Request.
  Time since last request: 0.000092 seconds.
  path: Assets/ModernSupermarket/Models/Props/Utility/CashMachine_lazhgf/Textures/CashMachine_lazhgf_n.png
  artifactKey: Guid(1de86364952602d4993190c4b24b7e7e) Importer(2089858483,0ecaa5967403d082aa24f35e1b516d23)
Start importing Assets/ModernSupermarket/Models/Props/Utility/CashMachine_lazhgf/Textures/CashMachine_lazhgf_n.png using Guid(1de86364952602d4993190c4b24b7e7e) Importer(2089858483,0ecaa5967403d082aa24f35e1b516d23) [PhysX] Initialized MultithreadedTaskDispatcher with 10 workers.
 -> (artifact id: '6ea9db28fccccc594a93be08647c38fa') in 0.004939 seconds
Number of updated asset objects reloaded before import = 0
Number of asset objects unloaded after import = 1
========================================================================
Received Import Request.
  Time since last request: 0.000066 seconds.
  path: Assets/ModernSupermarket/Models/Props/Products/WhippedCream_wm5t5v/Textures/Materials/WhippedCream_wm5t5v.mat
  artifactKey: Guid(fc50291085f972c47bace16a19b42201) Importer(2089858483,0ecaa5967403d082aa24f35e1b516d23)
Start importing Assets/ModernSupermarket/Models/Props/Products/WhippedCream_wm5t5v/Textures/Materials/WhippedCream_wm5t5v.mat using Guid(fc50291085f972c47bace16a19b42201) Importer(2089858483,0ecaa5967403d082aa24f35e1b516d23) [PhysX] Initialized MultithreadedTaskDispatcher with 10 workers.
 -> (artifact id: '7587678a08a66ed1bb5588a8c5b6b0ac') in 0.004957 seconds
Number of updated asset objects reloaded before import = 0
Number of asset objects unloaded after import = 5
========================================================================
Received Import Request.
  Time since last request: 0.000155 seconds.
  path: Assets/ModernSupermarket/Models/Props/Products/PetFood_3pjwif/Textures/PetFood_3pjwif_a.png
  artifactKey: Guid(5369df73ea5ed94449fd7974130e2b75) Importer(2089858483,0ecaa5967403d082aa24f35e1b516d23)
Start importing Assets/ModernSupermarket/Models/Props/Products/PetFood_3pjwif/Textures/PetFood_3pjwif_a.png using Guid(5369df73ea5ed94449fd7974130e2b75) Importer(2089858483,0ecaa5967403d082aa24f35e1b516d23) [PhysX] Initialized MultithreadedTaskDispatcher with 10 workers.
 -> (artifact id: '20c5bf5892e687ff2b9c300451ab2c00') in 0.005382 seconds
Number of updated asset objects reloaded before import = 0
Number of asset objects unloaded after import = 1
========================================================================
Received Import Request.
  Time since last request: 0.000040 seconds.
  path: Assets/ModernSupermarket/Models/Props/Utility/FireExtinguisher_ha3jqe/Textures/FireExtinguisher_ha3jqe_o.png
  artifactKey: Guid(00804afcb2cdfb4408e99d9966976547) Importer(2089858483,0ecaa5967403d082aa24f35e1b516d23)
Start importing Assets/ModernSupermarket/Models/Props/Utility/FireExtinguisher_ha3jqe/Textures/FireExtinguisher_ha3jqe_o.png using Guid(00804afcb2cdfb4408e99d9966976547) Importer(2089858483,0ecaa5967403d082aa24f35e1b516d23) [PhysX] Initialized MultithreadedTaskDispatcher with 10 workers.
 -> (artifact id: '1c4e70a431bc2436a33269f2f115f174') in 0.005597 seconds
Number of updated asset objects reloaded before import = 0
Number of asset objects unloaded after import = 1
========================================================================
Received Import Request.
  Time since last request: 0.000082 seconds.
  path: Assets/ModernSupermarket/Models/Props/Utility/Bag_my9wcp/Textures/Bag_my9wcp_o.png
  artifactKey: Guid(99745ab7ed1ed044cabbfa2378d2728f) Importer(2089858483,0ecaa5967403d082aa24f35e1b516d23)
Start importing Assets/ModernSupermarket/Models/Props/Utility/Bag_my9wcp/Textures/Bag_my9wcp_o.png using Guid(99745ab7ed1ed044cabbfa2378d2728f) Importer(2089858483,0ecaa5967403d082aa24f35e1b516d23) [PhysX] Initialized MultithreadedTaskDispatcher with 10 workers.
 -> (artifact id: '7ec12bc5d440d3609ce0b69cc7b92a44') in 0.005013 seconds
Number of updated asset objects reloaded before import = 0
Number of asset objects unloaded after import = 1
========================================================================
Received Import Request.
  Time since last request: 0.000057 seconds.
  path: Assets/ModernSupermarket/Models/Props/Utility/WetFloor_fxi59q/Textures/WetFloor_fxi59q_o.png
  artifactKey: Guid(95a08065066b1ea478e0e77d5a37b577) Importer(2089858483,0ecaa5967403d082aa24f35e1b516d23)
Start importing Assets/ModernSupermarket/Models/Props/Utility/WetFloor_fxi59q/Textures/WetFloor_fxi59q_o.png using Guid(95a08065066b1ea478e0e77d5a37b577) Importer(2089858483,0ecaa5967403d082aa24f35e1b516d23) [PhysX] Initialized MultithreadedTaskDispatcher with 10 workers.
 -> (artifact id: '4b66580bc9bebd9237762c98c26d523d') in 0.008121 seconds
Number of updated asset objects reloaded before import = 0
Number of asset objects unloaded after import = 1
========================================================================
Received Import Request.
  Time since last request: 0.000058 seconds.
  path: Assets/ModernSupermarket/Models/Props/Products/Shampoo_u15m67/Textures/Materials/Shampoo_u15m67_Bottle_Var02.mat
  artifactKey: Guid(dcccab20242222f4caa9981f0092a8db) Importer(2089858483,0ecaa5967403d082aa24f35e1b516d23)
Start importing Assets/ModernSupermarket/Models/Props/Products/Shampoo_u15m67/Textures/Materials/Shampoo_u15m67_Bottle_Var02.mat using Guid(dcccab20242222f4caa9981f0092a8db) Importer(2089858483,0ecaa5967403d082aa24f35e1b516d23) [PhysX] Initialized MultithreadedTaskDispatcher with 10 workers.
 -> (artifact id: '982295a36abb89f34f862103542123b1') in 0.002892 seconds
Number of updated asset objects reloaded before import = 0
Number of asset objects unloaded after import = 3
========================================================================
Received Import Request.
  Time since last request: 0.000096 seconds.
  path: Assets/ModernSupermarket/Models/Props/Utility/Crate_7qf4hw/Textures/Crate_7qf4hw_n.png
  artifactKey: Guid(1ad7a30ec66facd43a5d866a3ae63752) Importer(2089858483,0ecaa5967403d082aa24f35e1b516d23)
Start importing Assets/ModernSupermarket/Models/Props/Utility/Crate_7qf4hw/Textures/Crate_7qf4hw_n.png using Guid(1ad7a30ec66facd43a5d866a3ae63752) Importer(2089858483,0ecaa5967403d082aa24f35e1b516d23) [PhysX] Initialized MultithreadedTaskDispatcher with 10 workers.
 -> (artifact id: '1105528d047db5cabe2688e3796728ad') in 0.008114 seconds
Number of updated asset objects reloaded before import = 0
Number of asset objects unloaded after import = 1
========================================================================
Received Import Request.
  Time since last request: 0.000068 seconds.
  path: Assets/ModernSupermarket/Models/Props/Products/Rooflight_9ecem1/Textures/Rooflight_9ecem1_a.png
  artifactKey: Guid(bb692b0c691ebcc42a7cf50981d430ab) Importer(2089858483,0ecaa5967403d082aa24f35e1b516d23)
Start importing Assets/ModernSupermarket/Models/Props/Products/Rooflight_9ecem1/Textures/Rooflight_9ecem1_a.png using Guid(bb692b0c691ebcc42a7cf50981d430ab) Importer(2089858483,0ecaa5967403d082aa24f35e1b516d23) [PhysX] Initialized MultithreadedTaskDispatcher with 10 workers.
 -> (artifact id: '9a08b955fc35f441806c6135b67f5902') in 0.005644 seconds
Number of updated asset objects reloaded before import = 0
Number of asset objects unloaded after import = 1
========================================================================
Received Import Request.
  Time since last request: 0.000065 seconds.
  path: Assets/ModernSupermarket/Models/Props/Products/Teabox_5oq0ki/Textures/Teabox_5oq0ki_m.png
  artifactKey: Guid(cf3a72a617c5c544a9badf52af08b812) Importer(2089858483,0ecaa5967403d082aa24f35e1b516d23)
Start importing Assets/ModernSupermarket/Models/Props/Products/Teabox_5oq0ki/Textures/Teabox_5oq0ki_m.png using Guid(cf3a72a617c5c544a9badf52af08b812) Importer(2089858483,0ecaa5967403d082aa24f35e1b516d23) [PhysX] Initialized MultithreadedTaskDispatcher with 10 workers.
 -> (artifact id: 'aa8367d5697928ef29dd43870c77c894') in 0.004813 seconds
Number of updated asset objects reloaded before import = 0
Number of asset objects unloaded after import = 1
========================================================================
Received Import Request.
  Time since last request: 0.000065 seconds.
  path: Assets/ModernSupermarket/Models/Props/Produce/Melon_h6xrq4/Textures/Materials/Melon_h6xrq4.mat
  artifactKey: Guid(59af9e4a0a8d9ff4c887b5612945283e) Importer(2089858483,0ecaa5967403d082aa24f35e1b516d23)
Start importing Assets/ModernSupermarket/Models/Props/Produce/Melon_h6xrq4/Textures/Materials/Melon_h6xrq4.mat using Guid(59af9e4a0a8d9ff4c887b5612945283e) Importer(2089858483,0ecaa5967403d082aa24f35e1b516d23) [PhysX] Initialized MultithreadedTaskDispatcher with 10 workers.
 -> (artifact id: '57d3f82e2269e72a3455b67046e8a77e') in 0.004215 seconds
Number of updated asset objects reloaded before import = 0
Number of asset objects unloaded after import = 5
========================================================================
Received Import Request.
  Time since last request: 0.000037 seconds.
  path: Assets/ModernSupermarket/Models/Props/Produce/Kiwi_leh3t9/Textures/Materials/Kiwi_leh3t9.mat
  artifactKey: Guid(b8818fb2c6c89174480896429bf5b7b9) Importer(2089858483,0ecaa5967403d082aa24f35e1b516d23)
Start importing Assets/ModernSupermarket/Models/Props/Produce/Kiwi_leh3t9/Textures/Materials/Kiwi_leh3t9.mat using Guid(b8818fb2c6c89174480896429bf5b7b9) Importer(2089858483,0ecaa5967403d082aa24f35e1b516d23) [PhysX] Initialized MultithreadedTaskDispatcher with 10 workers.
 -> (artifact id: 'f6c030f2e7e96261094cea7b4d25411d') in 0.003172 seconds
Number of updated asset objects reloaded before import = 0
Number of asset objects unloaded after import = 5
========================================================================
Received Import Request.
  Time since last request: 0.000049 seconds.
  path: Assets/ModernSupermarket/Models/Props/Products/Cleanser_o964qg/Textures/Materials/Cleanser_o964qg_Var02.mat
  artifactKey: Guid(36b932fc79cbf524db71015399bc712e) Importer(2089858483,0ecaa5967403d082aa24f35e1b516d23)
Start importing Assets/ModernSupermarket/Models/Props/Products/Cleanser_o964qg/Textures/Materials/Cleanser_o964qg_Var02.mat using Guid(36b932fc79cbf524db71015399bc712e) Importer(2089858483,0ecaa5967403d082aa24f35e1b516d23) [PhysX] Initialized MultithreadedTaskDispatcher with 10 workers.
 -> (artifact id: '1d12fced3a88822676024c4fe609934b') in 0.006667 seconds
Number of updated asset objects reloaded before import = 0
Number of asset objects unloaded after import = 4
========================================================================
Received Import Request.
  Time since last request: 0.000039 seconds.
  path: Assets/ModernSupermarket/Models/Props/Utility/Scale_av1k2p/Textures/Scale_av1k2p_o.png
  artifactKey: Guid(2d3224915e192c3458fa9ec1a40fb57c) Importer(2089858483,0ecaa5967403d082aa24f35e1b516d23)
Start importing Assets/ModernSupermarket/Models/Props/Utility/Scale_av1k2p/Textures/Scale_av1k2p_o.png using Guid(2d3224915e192c3458fa9ec1a40fb57c) Importer(2089858483,0ecaa5967403d082aa24f35e1b516d23) [PhysX] Initialized MultithreadedTaskDispatcher with 10 workers.
 -> (artifact id: '485c45b54974dee9e4afae5096886bc1') in 0.005125 seconds
Number of updated asset objects reloaded before import = 0
Number of asset objects unloaded after import = 1
========================================================================
Received Import Request.
  Time since last request: 0.000060 seconds.
  path: Assets/ModernSupermarket/Models/Props/Products/Cheese_dx1ygk/Textures/Materials/Cheese_dx1ygk.mat
  artifactKey: Guid(5e58be722feaf5b43954ca730d0ebf33) Importer(2089858483,0ecaa5967403d082aa24f35e1b516d23)
Start importing Assets/ModernSupermarket/Models/Props/Products/Cheese_dx1ygk/Textures/Materials/Cheese_dx1ygk.mat using Guid(5e58be722feaf5b43954ca730d0ebf33) Importer(2089858483,0ecaa5967403d082aa24f35e1b516d23) [PhysX] Initialized MultithreadedTaskDispatcher with 10 workers.
 -> (artifact id: 'baae545677bcf2625b9a1bfae9b0cefc') in 0.003581 seconds
Number of updated asset objects reloaded before import = 0
Number of asset objects unloaded after import = 5
========================================================================
Received Import Request.
  Time since last request: 0.000031 seconds.
  path: Assets/ModernSupermarket/Models/Props/Products/WineBottle_2b6kjh/Textures/WineBottle_2b6kjh_o.png
  artifactKey: Guid(31e63408487de7247a7a6c541ce124b3) Importer(2089858483,0ecaa5967403d082aa24f35e1b516d23)
Start importing Assets/ModernSupermarket/Models/Props/Products/WineBottle_2b6kjh/Textures/WineBottle_2b6kjh_o.png using Guid(31e63408487de7247a7a6c541ce124b3) Importer(2089858483,0ecaa5967403d082aa24f35e1b516d23) [PhysX] Initialized MultithreadedTaskDispatcher with 10 workers.
 -> (artifact id: '64f0da9e4a2c4b2f435d9ed079dc613c') in 0.005401 seconds
Number of updated asset objects reloaded before import = 0
Number of asset objects unloaded after import = 1
========================================================================
Received Import Request.
  Time since last request: 0.000069 seconds.
  path: Assets/ModernSupermarket/Models/Props/Products/CandyPack_qkmq5d/Textures/Materials/CandyPack_qkmq5d_Var01.mat
  artifactKey: Guid(2e28415a4a1138a49bcbbab40b0dd18e) Importer(2089858483,0ecaa5967403d082aa24f35e1b516d23)
Start importing Assets/ModernSupermarket/Models/Props/Products/CandyPack_qkmq5d/Textures/Materials/CandyPack_qkmq5d_Var01.mat using Guid(2e28415a4a1138a49bcbbab40b0dd18e) Importer(2089858483,0ecaa5967403d082aa24f35e1b516d23) [PhysX] Initialized MultithreadedTaskDispatcher with 10 workers.
 -> (artifact id: '2fa9e7d9fd96d331927d2987630d9788') in 0.003312 seconds
Number of updated asset objects reloaded before import = 0
Number of asset objects unloaded after import = 5
========================================================================
Received Import Request.
  Time since last request: 0.000057 seconds.
  path: Assets/ModernSupermarket/Models/Props/Products/Pasta_g87jtq/Textures/PastaPack_g87jtq_Var02_a.png
  artifactKey: Guid(1825549766b883f44b3e1c00cb91d61b) Importer(2089858483,0ecaa5967403d082aa24f35e1b516d23)
Start importing Assets/ModernSupermarket/Models/Props/Products/Pasta_g87jtq/Textures/PastaPack_g87jtq_Var02_a.png using Guid(1825549766b883f44b3e1c00cb91d61b) Importer(2089858483,0ecaa5967403d082aa24f35e1b516d23) [PhysX] Initialized MultithreadedTaskDispatcher with 10 workers.
 -> (artifact id: 'b5e071a888e3228b79321238ffc7350e') in 0.004730 seconds
Number of updated asset objects reloaded before import = 0
Number of asset objects unloaded after import = 1
========================================================================
Received Import Request.
  Time since last request: 0.000161 seconds.
  path: Assets/ModernSupermarket/Models/Props/Products/Capsule_rk7lsf/Textures/Materials/Capsule_rk7lsf.mat
  artifactKey: Guid(c33b0276a8ef77b439a1548e0dc7fc4c) Importer(2089858483,0ecaa5967403d082aa24f35e1b516d23)
Start importing Assets/ModernSupermarket/Models/Props/Products/Capsule_rk7lsf/Textures/Materials/Capsule_rk7lsf.mat using Guid(c33b0276a8ef77b439a1548e0dc7fc4c) Importer(2089858483,0ecaa5967403d082aa24f35e1b516d23) [PhysX] Initialized MultithreadedTaskDispatcher with 10 workers.
 -> (artifact id: '0d268ebdbe2e6eb6b083f4af3fc8eb23') in 0.007562 seconds
Number of updated asset objects reloaded before import = 0
Number of asset objects unloaded after import = 5
========================================================================
Received Import Request.
  Time since last request: 0.000149 seconds.
  path: Assets/ModernSupermarket/Models/Props/Products/Oil_751tp2/Textures/Materials/OliveOil_Glass.mat
  artifactKey: Guid(91b9d182ccab2784f8458523a7a2bef1) Importer(2089858483,0ecaa5967403d082aa24f35e1b516d23)
Start importing Assets/ModernSupermarket/Models/Props/Products/Oil_751tp2/Textures/Materials/OliveOil_Glass.mat using Guid(91b9d182ccab2784f8458523a7a2bef1) Importer(2089858483,0ecaa5967403d082aa24f35e1b516d23) [PhysX] Initialized MultithreadedTaskDispatcher with 10 workers.
 -> (artifact id: 'aea3c94c8485ae1a943ad6c9c8d47efd') in 0.003205 seconds
Number of updated asset objects reloaded before import = 0
Number of asset objects unloaded after import = 3
========================================================================
Received Import Request.
  Time since last request: 0.000114 seconds.
  path: Assets/ModernSupermarket/Models/Props/Products/SlicedBread_6zus31/Textures/SliceBread_6zus31_Bread_m.png
  artifactKey: Guid(ca9a9dd3e01cb3a44af9098ce75b4ef9) Importer(2089858483,0ecaa5967403d082aa24f35e1b516d23)
Start importing Assets/ModernSupermarket/Models/Props/Products/SlicedBread_6zus31/Textures/SliceBread_6zus31_Bread_m.png using Guid(ca9a9dd3e01cb3a44af9098ce75b4ef9) Importer(2089858483,0ecaa5967403d082aa24f35e1b516d23) [PhysX] Initialized MultithreadedTaskDispatcher with 10 workers.
 -> (artifact id: '064496512ce0b3f765fe11b225574f49') in 0.004987 seconds
Number of updated asset objects reloaded before import = 0
Number of asset objects unloaded after import = 1
========================================================================
Received Import Request.
  Time since last request: 0.000149 seconds.
  path: Assets/ModernSupermarket/Models/Props/Products/Rooflight_ll6qt0/textures/RoofLight_ll6qt0_n.png
  artifactKey: Guid(0737fd1040aa51d488e7a9538d056a02) Importer(2089858483,0ecaa5967403d082aa24f35e1b516d23)
Start importing Assets/ModernSupermarket/Models/Props/Products/Rooflight_ll6qt0/textures/RoofLight_ll6qt0_n.png using Guid(0737fd1040aa51d488e7a9538d056a02) Importer(2089858483,0ecaa5967403d082aa24f35e1b516d23) [PhysX] Initialized MultithreadedTaskDispatcher with 10 workers.
 -> (artifact id: '964054218933919cc4376445d5aa4a6f') in 0.005199 seconds
Number of updated asset objects reloaded before import = 0
Number of asset objects unloaded after import = 1
========================================================================
Received Import Request.
  Time since last request: 0.000058 seconds.
  path: Assets/ModernSupermarket/Models/Props/Utility/Footboard_ajuyp9/Texture/Materials/Footboard_ajuyp9_Var01.mat
  artifactKey: Guid(6954026922547c048bcacdbfe9b5a7e5) Importer(2089858483,0ecaa5967403d082aa24f35e1b516d23)
Start importing Assets/ModernSupermarket/Models/Props/Utility/Footboard_ajuyp9/Texture/Materials/Footboard_ajuyp9_Var01.mat using Guid(6954026922547c048bcacdbfe9b5a7e5) Importer(2089858483,0ecaa5967403d082aa24f35e1b516d23) [PhysX] Initialized MultithreadedTaskDispatcher with 10 workers.
 -> (artifact id: 'd1a0f88a77aef3620c7687d543980340') in 0.004081 seconds
Number of updated asset objects reloaded before import = 0
Number of asset objects unloaded after import = 4
========================================================================
Received Import Request.
  Time since last request: 0.000035 seconds.
  path: Assets/ModernSupermarket/Models/Props/Products/Chips_w4tja8/Textures/Materials/Chips_w4tja8_Var01.mat
  artifactKey: Guid(1ff5cd6275f65524e9c426af3ddf959c) Importer(2089858483,0ecaa5967403d082aa24f35e1b516d23)
Start importing Assets/ModernSupermarket/Models/Props/Products/Chips_w4tja8/Textures/Materials/Chips_w4tja8_Var01.mat using Guid(1ff5cd6275f65524e9c426af3ddf959c) Importer(2089858483,0ecaa5967403d082aa24f35e1b516d23) [PhysX] Initialized MultithreadedTaskDispatcher with 10 workers.
 -> (artifact id: '7d8a1aa40bab0a7d55a9f6b67179ed47') in 0.004345 seconds
Number of updated asset objects reloaded before import = 0
Number of asset objects unloaded after import = 5
========================================================================
Received Import Request.
  Time since last request: 0.000075 seconds.
  path: Assets/ModernSupermarket/Models/Props/Products/SweetJar_lpbii4/Textures/Materials/SweetJar_lpbii4_Glass.mat
  artifactKey: Guid(7040476e076f49343bc74188263da364) Importer(2089858483,0ecaa5967403d082aa24f35e1b516d23)
Start importing Assets/ModernSupermarket/Models/Props/Products/SweetJar_lpbii4/Textures/Materials/SweetJar_lpbii4_Glass.mat using Guid(7040476e076f49343bc74188263da364) Importer(2089858483,0ecaa5967403d082aa24f35e1b516d23) [PhysX] Initialized MultithreadedTaskDispatcher with 10 workers.
 -> (artifact id: '773be4da9a7a40027c544edb90a0a414') in 0.002617 seconds
Number of updated asset objects reloaded before import = 0
Number of asset objects unloaded after import = 2
========================================================================
Received Import Request.
  Time since last request: 0.000165 seconds.
  path: Assets/ModernSupermarket/Models/Props/Products/SweetJar_ma0jsk/Textures/SweetJar_ma0jsk_a.png
  artifactKey: Guid(eec0465f8b253b7479502c7f4f22579a) Importer(2089858483,0ecaa5967403d082aa24f35e1b516d23)
Start importing Assets/ModernSupermarket/Models/Props/Products/SweetJar_ma0jsk/Textures/SweetJar_ma0jsk_a.png using Guid(eec0465f8b253b7479502c7f4f22579a) Importer(2089858483,0ecaa5967403d082aa24f35e1b516d23) [PhysX] Initialized MultithreadedTaskDispatcher with 10 workers.
 -> (artifact id: '185c6dc36ee6ad83426108278ff38456') in 0.004928 seconds
Number of updated asset objects reloaded before import = 0
Number of asset objects unloaded after import = 1
========================================================================
Received Import Request.
  Time since last request: 0.000066 seconds.
  path: Assets/ModernSupermarket/Models/Props/Products/WaterPack_mqmuh7/Textures/Materials/WaterPack_mqmuh7_Plastic.mat
  artifactKey: Guid(0b4297b3dfd51d44a900efbb57f55ab2) Importer(2089858483,0ecaa5967403d082aa24f35e1b516d23)
Start importing Assets/ModernSupermarket/Models/Props/Products/WaterPack_mqmuh7/Textures/Materials/WaterPack_mqmuh7_Plastic.mat using Guid(0b4297b3dfd51d44a900efbb57f55ab2) Importer(2089858483,0ecaa5967403d082aa24f35e1b516d23) [PhysX] Initialized MultithreadedTaskDispatcher with 10 workers.
 -> (artifact id: '58524958ff59375a22a7a5510910b0cd') in 0.006878 seconds
Number of updated asset objects reloaded before import = 0
Number of asset objects unloaded after import = 4
========================================================================
Received Import Request.
  Time since last request: 0.000045 seconds.
  path: Assets/ModernSupermarket/Models/Props/Products/TinCan_60afsy/Textures/TinCan_60afsy_o.png
  artifactKey: Guid(a5a5659a1f127e240b78672a3bfcb8c5) Importer(2089858483,0ecaa5967403d082aa24f35e1b516d23)
Start importing Assets/ModernSupermarket/Models/Props/Products/TinCan_60afsy/Textures/TinCan_60afsy_o.png using Guid(a5a5659a1f127e240b78672a3bfcb8c5) Importer(2089858483,0ecaa5967403d082aa24f35e1b516d23) [PhysX] Initialized MultithreadedTaskDispatcher with 10 workers.
 -> (artifact id: '755bca54a939c006460e7cda60fa5d8c') in 0.005102 seconds
Number of updated asset objects reloaded before import = 0
Number of asset objects unloaded after import = 1
========================================================================
Received Import Request.
  Time since last request: 0.000081 seconds.
  path: Assets/ModernSupermarket/Models/Props/Products/MeatTray_bbcwdq/Textures/Materials/MeatTray_bbcwdq_Meat.mat
  artifactKey: Guid(7b087e12caa5cc84aaee05f691fe9762) Importer(2089858483,0ecaa5967403d082aa24f35e1b516d23)
Start importing Assets/ModernSupermarket/Models/Props/Products/MeatTray_bbcwdq/Textures/Materials/MeatTray_bbcwdq_Meat.mat using Guid(7b087e12caa5cc84aaee05f691fe9762) Importer(2089858483,0ecaa5967403d082aa24f35e1b516d23) [PhysX] Initialized MultithreadedTaskDispatcher with 10 workers.
 -> (artifact id: 'd63f937ff038017d312579d89c355dd4') in 0.003545 seconds
Number of updated asset objects reloaded before import = 0
Number of asset objects unloaded after import = 5
========================================================================
Received Import Request.
  Time since last request: 0.000044 seconds.
  path: Assets/ModernSupermarket/Models/Props/Products/ToyCar_t5i4lw/Textures/ToyCar_t5i4lw_m.png
  artifactKey: Guid(df124c6bcd50d754d91c26084cea7f67) Importer(2089858483,0ecaa5967403d082aa24f35e1b516d23)
Start importing Assets/ModernSupermarket/Models/Props/Products/ToyCar_t5i4lw/Textures/ToyCar_t5i4lw_m.png using Guid(df124c6bcd50d754d91c26084cea7f67) Importer(2089858483,0ecaa5967403d082aa24f35e1b516d23) [PhysX] Initialized MultithreadedTaskDispatcher with 10 workers.
 -> (artifact id: 'e7d202c579ee4ee046100a885c694da7') in 0.006526 seconds
Number of updated asset objects reloaded before import = 0
Number of asset objects unloaded after import = 1
========================================================================
Received Import Request.
  Time since last request: 0.000043 seconds.
  path: Assets/ModernSupermarket/Models/Props/Utility/Basket_o52iei/Textures/Basket_o52iei_condiments03_n.png
  artifactKey: Guid(4bb83a29aedb37f45b30528cdde00164) Importer(2089858483,0ecaa5967403d082aa24f35e1b516d23)
Start importing Assets/ModernSupermarket/Models/Props/Utility/Basket_o52iei/Textures/Basket_o52iei_condiments03_n.png using Guid(4bb83a29aedb37f45b30528cdde00164) Importer(2089858483,0ecaa5967403d082aa24f35e1b516d23) [PhysX] Initialized MultithreadedTaskDispatcher with 10 workers.
 -> (artifact id: 'b29b23a4152a9d4f17dead54aaaf4305') in 0.004649 seconds
Number of updated asset objects reloaded before import = 0
Number of asset objects unloaded after import = 1
========================================================================
Received Import Request.
  Time since last request: 0.000045 seconds.
  path: Assets/ModernSupermarket/Models/Props/Products/Milk_l6slvx/Textures/Materials/Milk_l6slvx_Plastic.mat
  artifactKey: Guid(6f93308e1b869914dbd6f5b48f267c4b) Importer(2089858483,0ecaa5967403d082aa24f35e1b516d23)
Start importing Assets/ModernSupermarket/Models/Props/Products/Milk_l6slvx/Textures/Materials/Milk_l6slvx_Plastic.mat using Guid(6f93308e1b869914dbd6f5b48f267c4b) Importer(2089858483,0ecaa5967403d082aa24f35e1b516d23) [PhysX] Initialized MultithreadedTaskDispatcher with 10 workers.
 -> (artifact id: '539e396c3471bff2959e0ae3cf3dee91') in 0.004571 seconds
Number of updated asset objects reloaded before import = 0
Number of asset objects unloaded after import = 5
========================================================================
Received Import Request.
  Time since last request: 0.000029 seconds.
  path: Assets/ModernSupermarket/Models/Props/Products/Pasta_9duit2/Textures/PastaPack_9duit2_Penne_o.png
  artifactKey: Guid(6742327fb92ffee46b83cf7fed894096) Importer(2089858483,0ecaa5967403d082aa24f35e1b516d23)
Start importing Assets/ModernSupermarket/Models/Props/Products/Pasta_9duit2/Textures/PastaPack_9duit2_Penne_o.png using Guid(6742327fb92ffee46b83cf7fed894096) Importer(2089858483,0ecaa5967403d082aa24f35e1b516d23) [PhysX] Initialized MultithreadedTaskDispatcher with 10 workers.
 -> (artifact id: '63104a113dce04e279d7172ebec90ee2') in 0.008072 seconds
Number of updated asset objects reloaded before import = 0
Number of asset objects unloaded after import = 1
========================================================================
Received Import Request.
  Time since last request: 0.000045 seconds.
  path: Assets/ModernSupermarket/Models/Props/Products/Soap_1rcsb1/Textures/Soap_1rcsb1_o.png
  artifactKey: Guid(d2f12201f70e89446be3f4d8d76bf47b) Importer(2089858483,0ecaa5967403d082aa24f35e1b516d23)
Start importing Assets/ModernSupermarket/Models/Props/Products/Soap_1rcsb1/Textures/Soap_1rcsb1_o.png using Guid(d2f12201f70e89446be3f4d8d76bf47b) Importer(2089858483,0ecaa5967403d082aa24f35e1b516d23) [PhysX] Initialized MultithreadedTaskDispatcher with 10 workers.
 -> (artifact id: '49efc468df290b6e1494560235d7133c') in 0.004839 seconds
Number of updated asset objects reloaded before import = 0
Number of asset objects unloaded after import = 1
========================================================================
Received Import Request.
  Time since last request: 0.000084 seconds.
  path: Assets/ModernSupermarket/Models/Props/Utility/Camera_fbj1by/Textures/Camera_fbj1by_o.png
  artifactKey: Guid(788eef14e15923a4f9fddddaf6200bbc) Importer(2089858483,0ecaa5967403d082aa24f35e1b516d23)
Start importing Assets/ModernSupermarket/Models/Props/Utility/Camera_fbj1by/Textures/Camera_fbj1by_o.png using Guid(788eef14e15923a4f9fddddaf6200bbc) Importer(2089858483,0ecaa5967403d082aa24f35e1b516d23) [PhysX] Initialized MultithreadedTaskDispatcher with 10 workers.
 -> (artifact id: 'd43af3058b84ea7550cb88acb2661e47') in 0.004622 seconds
Number of updated asset objects reloaded before import = 0
Number of asset objects unloaded after import = 1
========================================================================
Received Import Request.
  Time since last request: 0.000077 seconds.
  path: Assets/ModernSupermarket/Models/Props/Products/Oil_751tp2/Textures/Olive_Oil_751tp2_n.png
  artifactKey: Guid(6acc5353a0561684fb4242ab10a889f1) Importer(2089858483,0ecaa5967403d082aa24f35e1b516d23)
Start importing Assets/ModernSupermarket/Models/Props/Products/Oil_751tp2/Textures/Olive_Oil_751tp2_n.png using Guid(6acc5353a0561684fb4242ab10a889f1) Importer(2089858483,0ecaa5967403d082aa24f35e1b516d23) [PhysX] Initialized MultithreadedTaskDispatcher with 10 workers.
 -> (artifact id: '7371899ea17a3f4713c2467ce052bf06') in 0.004865 seconds
Number of updated asset objects reloaded before import = 0
Number of asset objects unloaded after import = 1
========================================================================
Received Import Request.
  Time since last request: 0.000087 seconds.
  path: Assets/ModernSupermarket/Models/Props/Products/Books_bpxngl/Textures/Materials/Books_bpxngl.mat
  artifactKey: Guid(8b5fad9671f8aca4b868c99abfd71ccb) Importer(2089858483,0ecaa5967403d082aa24f35e1b516d23)
Start importing Assets/ModernSupermarket/Models/Props/Products/Books_bpxngl/Textures/Materials/Books_bpxngl.mat using Guid(8b5fad9671f8aca4b868c99abfd71ccb) Importer(2089858483,0ecaa5967403d082aa24f35e1b516d23) [PhysX] Initialized MultithreadedTaskDispatcher with 10 workers.
 -> (artifact id: '2b807add7e4b7f48f6a702f383dc9572') in 0.026455 seconds
Number of updated asset objects reloaded before import = 0
Number of asset objects unloaded after import = 5
========================================================================
Received Import Request.
  Time since last request: 0.000032 seconds.
  path: Assets/ModernSupermarket/Models/Props/Utility/Basket_o52iei/Textures/Basket_o52iei_condiments04_a.png
  artifactKey: Guid(1f1cf1e97be112a44b3d530d3f4f54d8) Importer(2089858483,0ecaa5967403d082aa24f35e1b516d23)
Start importing Assets/ModernSupermarket/Models/Props/Utility/Basket_o52iei/Textures/Basket_o52iei_condiments04_a.png using Guid(1f1cf1e97be112a44b3d530d3f4f54d8) Importer(2089858483,0ecaa5967403d082aa24f35e1b516d23) [PhysX] Initialized MultithreadedTaskDispatcher with 10 workers.
 -> (artifact id: '791ee78fead651a6420f52017ebcdc31') in 0.005888 seconds
Number of updated asset objects reloaded before import = 0
Number of asset objects unloaded after import = 1
========================================================================
Received Import Request.
  Time since last request: 0.000082 seconds.
  path: Assets/ModernSupermarket/Models/Props/Utility/Basket_k5jizs/Textures/Basket_k5jizs_mask.png
  artifactKey: Guid(3581a1a5c41b67b4596a812753d6a734) Importer(2089858483,0ecaa5967403d082aa24f35e1b516d23)
Start importing Assets/ModernSupermarket/Models/Props/Utility/Basket_k5jizs/Textures/Basket_k5jizs_mask.png using Guid(3581a1a5c41b67b4596a812753d6a734) Importer(2089858483,0ecaa5967403d082aa24f35e1b516d23) [PhysX] Initialized MultithreadedTaskDispatcher with 10 workers.
 -> (artifact id: 'f9fc56116f135cb2916708f547b23215') in 0.008237 seconds
Number of updated asset objects reloaded before import = 0
Number of asset objects unloaded after import = 1
========================================================================
Received Import Request.
  Time since last request: 0.000063 seconds.
  path: Assets/ModernSupermarket/Models/Props/Products/Vase_enq19o/Textures/Vase_enq19o_o.png
  artifactKey: Guid(b8be15e7fd2f385448b06047947638d3) Importer(2089858483,0ecaa5967403d082aa24f35e1b516d23)
Start importing Assets/ModernSupermarket/Models/Props/Products/Vase_enq19o/Textures/Vase_enq19o_o.png using Guid(b8be15e7fd2f385448b06047947638d3) Importer(2089858483,0ecaa5967403d082aa24f35e1b516d23) [PhysX] Initialized MultithreadedTaskDispatcher with 10 workers.
 -> (artifact id: '34bdea0b235cc061f2984d08842f6758') in 0.004966 seconds
Number of updated asset objects reloaded before import = 0
Number of asset objects unloaded after import = 1
========================================================================
Received Import Request.
  Time since last request: 0.000055 seconds.
  path: Assets/ModernSupermarket/Models/Props/Products/Bleach_irrpnt/Textures/Materials/Bleach_irrpnt_Var01.mat
  artifactKey: Guid(87c1aa71323d207458ed02af803d0282) Importer(2089858483,0ecaa5967403d082aa24f35e1b516d23)
Start importing Assets/ModernSupermarket/Models/Props/Products/Bleach_irrpnt/Textures/Materials/Bleach_irrpnt_Var01.mat using Guid(87c1aa71323d207458ed02af803d0282) Importer(2089858483,0ecaa5967403d082aa24f35e1b516d23) [PhysX] Initialized MultithreadedTaskDispatcher with 10 workers.
 -> (artifact id: '057879b32afc1501329cd52915e69bac') in 0.004335 seconds
Number of updated asset objects reloaded before import = 0
Number of asset objects unloaded after import = 5
========================================================================
Received Import Request.
  Time since last request: 0.000057 seconds.
  path: Assets/ModernSupermarket/Models/Props/Products/Cleanser_o964qg/Textures/Materials/Cleanser_o964qg_LiquidGreen.mat
  artifactKey: Guid(b37c9cb755642b341bd0821b7d4d5d33) Importer(2089858483,0ecaa5967403d082aa24f35e1b516d23)
Start importing Assets/ModernSupermarket/Models/Props/Products/Cleanser_o964qg/Textures/Materials/Cleanser_o964qg_LiquidGreen.mat using Guid(b37c9cb755642b341bd0821b7d4d5d33) Importer(2089858483,0ecaa5967403d082aa24f35e1b516d23) [PhysX] Initialized MultithreadedTaskDispatcher with 10 workers.
 -> (artifact id: '5bd20079b14ba59b247f74a106fcdddb') in 0.002274 seconds
Number of updated asset objects reloaded before import = 0
Number of asset objects unloaded after import = 1
========================================================================
Received Import Request.
  Time since last request: 0.000085 seconds.
  path: Assets/ModernSupermarket/Models/Props/Products/OldMetalBox_edzkm9/Textures/OldMetalBox_Var02_edzkm9_m.png
  artifactKey: Guid(3682202389bca1f498e72f485147f9b8) Importer(2089858483,0ecaa5967403d082aa24f35e1b516d23)
Start importing Assets/ModernSupermarket/Models/Props/Products/OldMetalBox_edzkm9/Textures/OldMetalBox_Var02_edzkm9_m.png using Guid(3682202389bca1f498e72f485147f9b8) Importer(2089858483,0ecaa5967403d082aa24f35e1b516d23) [PhysX] Initialized MultithreadedTaskDispatcher with 10 workers.
 -> (artifact id: '225acf62ca95e9211191a59ff48aa81a') in 0.005009 seconds
Number of updated asset objects reloaded before import = 0
Number of asset objects unloaded after import = 1
========================================================================
Received Import Request.
  Time since last request: 0.000059 seconds.
  path: Assets/ModernSupermarket/Models/Props/Products/Rice_rewt3q/Textures/RicePack_rewt3q_a.png
  artifactKey: Guid(1c1012979f3c1f74298958c1d836a79d) Importer(2089858483,0ecaa5967403d082aa24f35e1b516d23)
Start importing Assets/ModernSupermarket/Models/Props/Products/Rice_rewt3q/Textures/RicePack_rewt3q_a.png using Guid(1c1012979f3c1f74298958c1d836a79d) Importer(2089858483,0ecaa5967403d082aa24f35e1b516d23) [PhysX] Initialized MultithreadedTaskDispatcher with 10 workers.
 -> (artifact id: '60f841c0e5239d44ad8e1a66c737faf8') in 0.004807 seconds
Number of updated asset objects reloaded before import = 0
Number of asset objects unloaded after import = 1
========================================================================
Received Import Request.
  Time since last request: 0.000046 seconds.
  path: Assets/ModernSupermarket/Models/Props/Produce/ChilliPepper_w388hm/Textures/Materials/ChilliPeppers_w388hm_Var02.mat
  artifactKey: Guid(3247dd8d29614e84c92c53985a6c4544) Importer(2089858483,0ecaa5967403d082aa24f35e1b516d23)
Start importing Assets/ModernSupermarket/Models/Props/Produce/ChilliPepper_w388hm/Textures/Materials/ChilliPeppers_w388hm_Var02.mat using Guid(3247dd8d29614e84c92c53985a6c4544) Importer(2089858483,0ecaa5967403d082aa24f35e1b516d23) [PhysX] Initialized MultithreadedTaskDispatcher with 10 workers.
 -> (artifact id: '933760e3012a451872fe18253c9f351a') in 0.007654 seconds
Number of updated asset objects reloaded before import = 0
Number of asset objects unloaded after import = 6
========================================================================
Received Import Request.
  Time since last request: 0.000037 seconds.
  path: Assets/ModernSupermarket/Models/Props/Products/MeatTray_fbw8xf/Textures/Materials/MeatTray_fbw8xf_Plastic.mat
  artifactKey: Guid(720186307f58e4e409d4a60fd4a62555) Importer(2089858483,0ecaa5967403d082aa24f35e1b516d23)
Start importing Assets/ModernSupermarket/Models/Props/Products/MeatTray_fbw8xf/Textures/Materials/MeatTray_fbw8xf_Plastic.mat using Guid(720186307f58e4e409d4a60fd4a62555) Importer(2089858483,0ecaa5967403d082aa24f35e1b516d23) [PhysX] Initialized MultithreadedTaskDispatcher with 10 workers.
 -> (artifact id: '4e5b57e52e05973db1f27237c3751d80') in 0.003967 seconds
Number of updated asset objects reloaded before import = 0
Number of asset objects unloaded after import = 5
========================================================================
Received Import Request.
  Time since last request: 0.000034 seconds.
  path: Assets/ModernSupermarket/Models/Props/Utility/Camera_fbj1by/Textures/Camera_fbj1by_m.png
  artifactKey: Guid(a75c13a3041a6ad418a43c44baa7719b) Importer(2089858483,0ecaa5967403d082aa24f35e1b516d23)
Start importing Assets/ModernSupermarket/Models/Props/Utility/Camera_fbj1by/Textures/Camera_fbj1by_m.png using Guid(a75c13a3041a6ad418a43c44baa7719b) Importer(2089858483,0ecaa5967403d082aa24f35e1b516d23) [PhysX] Initialized MultithreadedTaskDispatcher with 10 workers.
 -> (artifact id: '300bd55a64c7f895288b84261ea3289f') in 0.004531 seconds
Number of updated asset objects reloaded before import = 0
Number of asset objects unloaded after import = 1
========================================================================
Received Import Request.
  Time since last request: 0.000063 seconds.
  path: Assets/ModernSupermarket/Models/Props/Products/Flour_ckgfmu/Textures/Materials/FlourPack_ckgfmu.mat
  artifactKey: Guid(9d7882e5fee39b044b7dff735106576d) Importer(2089858483,0ecaa5967403d082aa24f35e1b516d23)
Start importing Assets/ModernSupermarket/Models/Props/Products/Flour_ckgfmu/Textures/Materials/FlourPack_ckgfmu.mat using Guid(9d7882e5fee39b044b7dff735106576d) Importer(2089858483,0ecaa5967403d082aa24f35e1b516d23) [PhysX] Initialized MultithreadedTaskDispatcher with 10 workers.
 -> (artifact id: '1821f1368bc5c3bb5d4b4556aec33e55') in 0.004642 seconds
Number of updated asset objects reloaded before import = 0
Number of asset objects unloaded after import = 5
========================================================================
Received Import Request.
  Time since last request: 0.000037 seconds.
  path: Assets/ModernSupermarket/Models/Props/Utility/Basket_o52iei/Textures/Basket_o52iei_condiments02_n.png
  artifactKey: Guid(1a1758cd7b71b6349a3e603746091771) Importer(2089858483,0ecaa5967403d082aa24f35e1b516d23)
Start importing Assets/ModernSupermarket/Models/Props/Utility/Basket_o52iei/Textures/Basket_o52iei_condiments02_n.png using Guid(1a1758cd7b71b6349a3e603746091771) Importer(2089858483,0ecaa5967403d082aa24f35e1b516d23) [PhysX] Initialized MultithreadedTaskDispatcher with 10 workers.
 -> (artifact id: '5ff339621aaff5e908b12279c2c9d838') in 0.004740 seconds
Number of updated asset objects reloaded before import = 0
Number of asset objects unloaded after import = 1
========================================================================
Received Import Request.
  Time since last request: 0.000087 seconds.
  path: Assets/ModernSupermarket/Models/Props/Utility/Computer_dfc1a9/Textures/Computer_dfc1a9_a.png
  artifactKey: Guid(4379b968f46db3541a762c00deca8cd4) Importer(2089858483,0ecaa5967403d082aa24f35e1b516d23)
Start importing Assets/ModernSupermarket/Models/Props/Utility/Computer_dfc1a9/Textures/Computer_dfc1a9_a.png using Guid(4379b968f46db3541a762c00deca8cd4) Importer(2089858483,0ecaa5967403d082aa24f35e1b516d23) [PhysX] Initialized MultithreadedTaskDispatcher with 10 workers.
 -> (artifact id: 'b6d119d985e2c341438146bc6a908973') in 0.004766 seconds
Number of updated asset objects reloaded before import = 0
Number of asset objects unloaded after import = 1
========================================================================
Received Import Request.
  Time since last request: 0.000073 seconds.
  path: Assets/ModernSupermarket/Models/Props/Products/PotatoBag_gcx3y2/Textures/PotatoeBag_gcx3y2_Fill_o.png
  artifactKey: Guid(53743741fd06fdc4793f26029f4665cd) Importer(2089858483,0ecaa5967403d082aa24f35e1b516d23)
Start importing Assets/ModernSupermarket/Models/Props/Products/PotatoBag_gcx3y2/Textures/PotatoeBag_gcx3y2_Fill_o.png using Guid(53743741fd06fdc4793f26029f4665cd) Importer(2089858483,0ecaa5967403d082aa24f35e1b516d23) [PhysX] Initialized MultithreadedTaskDispatcher with 10 workers.
 -> (artifact id: 'cc69a1b3aa3299b4fbff6ff6d511ff64') in 0.008304 seconds
Number of updated asset objects reloaded before import = 0
Number of asset objects unloaded after import = 1
========================================================================
Received Import Request.
  Time since last request: 0.000045 seconds.
  path: Assets/ModernSupermarket/Models/Props/Products/MeatTray_fbw8xf/Textures/Materials/MeatTray_fbw8xf_Meat.mat
  artifactKey: Guid(c592a1562d9767442b7d0f4bf930902a) Importer(2089858483,0ecaa5967403d082aa24f35e1b516d23)
Start importing Assets/ModernSupermarket/Models/Props/Products/MeatTray_fbw8xf/Textures/Materials/MeatTray_fbw8xf_Meat.mat using Guid(c592a1562d9767442b7d0f4bf930902a) Importer(2089858483,0ecaa5967403d082aa24f35e1b516d23) [PhysX] Initialized MultithreadedTaskDispatcher with 10 workers.
 -> (artifact id: 'ba54ec085c0617cf0b22c71326ffc8f5') in 0.003801 seconds
Number of updated asset objects reloaded before import = 0
Number of asset objects unloaded after import = 5
========================================================================
Received Import Request.
  Time since last request: 0.000073 seconds.
  path: Assets/ModernSupermarket/Models/Props/Utility/Footboard_ajuyp9/Texture/Footboard_ajuyp9_a.png
  artifactKey: Guid(a464d36169b43614c863f98628dfb1c1) Importer(2089858483,0ecaa5967403d082aa24f35e1b516d23)
Start importing Assets/ModernSupermarket/Models/Props/Utility/Footboard_ajuyp9/Texture/Footboard_ajuyp9_a.png using Guid(a464d36169b43614c863f98628dfb1c1) Importer(2089858483,0ecaa5967403d082aa24f35e1b516d23) [PhysX] Initialized MultithreadedTaskDispatcher with 10 workers.
 -> (artifact id: '9e82e72c9c361e10f1592732a1c49606') in 0.004748 seconds
Number of updated asset objects reloaded before import = 0
Number of asset objects unloaded after import = 1
========================================================================
Received Import Request.
  Time since last request: 0.000092 seconds.
  path: Assets/ModernSupermarket/Models/Props/Products/OldMetalBox_edzkm9/Textures/OldMetalBox_Var02_edzkm9_o.png
  artifactKey: Guid(ca5bd1af011c9424cb6f739b9f443d6e) Importer(2089858483,0ecaa5967403d082aa24f35e1b516d23)
Start importing Assets/ModernSupermarket/Models/Props/Products/OldMetalBox_edzkm9/Textures/OldMetalBox_Var02_edzkm9_o.png using Guid(ca5bd1af011c9424cb6f739b9f443d6e) Importer(2089858483,0ecaa5967403d082aa24f35e1b516d23) [PhysX] Initialized MultithreadedTaskDispatcher with 10 workers.
 -> (artifact id: '777b431f0e21073a375842077d1cabd0') in 0.005189 seconds
Number of updated asset objects reloaded before import = 0
Number of asset objects unloaded after import = 1
========================================================================
Received Import Request.
  Time since last request: 0.000048 seconds.
  path: Assets/ModernSupermarket/Models/Props/Products/Vase_x3wysg/Textures/Vase_x3wysg_n.png
  artifactKey: Guid(f7402cd1400b3c144938d61c38c6999a) Importer(2089858483,0ecaa5967403d082aa24f35e1b516d23)
Start importing Assets/ModernSupermarket/Models/Props/Products/Vase_x3wysg/Textures/Vase_x3wysg_n.png using Guid(f7402cd1400b3c144938d61c38c6999a) Importer(2089858483,0ecaa5967403d082aa24f35e1b516d23) [PhysX] Initialized MultithreadedTaskDispatcher with 10 workers.
 -> (artifact id: '040a74d07d1fe061d4a5dbaba6391c6d') in 0.004910 seconds
Number of updated asset objects reloaded before import = 0
Number of asset objects unloaded after import = 1
========================================================================
Received Import Request.
  Time since last request: 0.000082 seconds.
  path: Assets/ModernSupermarket/Models/Props/Products/Cheese_bn26cq/Textures/Materials/Cheese_bn26cq_Var01_Label.mat
  artifactKey: Guid(dcd707384fd747445acf5a1e08d32599) Importer(2089858483,0ecaa5967403d082aa24f35e1b516d23)
Start importing Assets/ModernSupermarket/Models/Props/Products/Cheese_bn26cq/Textures/Materials/Cheese_bn26cq_Var01_Label.mat using Guid(dcd707384fd747445acf5a1e08d32599) Importer(2089858483,0ecaa5967403d082aa24f35e1b516d23) [PhysX] Initialized MultithreadedTaskDispatcher with 10 workers.
 -> (artifact id: 'a9bc797a4c4b5cb14b870bea7bfecf48') in 0.003562 seconds
Number of updated asset objects reloaded before import = 0
Number of asset objects unloaded after import = 5
========================================================================
Received Import Request.
  Time since last request: 0.000044 seconds.
  path: Assets/ModernSupermarket/Models/Props/Products/Shampoo_u15m67/Textures/Shampoo_u15m67_o.png
  artifactKey: Guid(51bcc6ea6109b6f45b376379c82948af) Importer(2089858483,0ecaa5967403d082aa24f35e1b516d23)
Start importing Assets/ModernSupermarket/Models/Props/Products/Shampoo_u15m67/Textures/Shampoo_u15m67_o.png using Guid(51bcc6ea6109b6f45b376379c82948af) Importer(2089858483,0ecaa5967403d082aa24f35e1b516d23) [PhysX] Initialized MultithreadedTaskDispatcher with 10 workers.
 -> (artifact id: 'ad948d782fc1facd5e3e313657be3732') in 0.007921 seconds
Number of updated asset objects reloaded before import = 0
Number of asset objects unloaded after import = 1
========================================================================
Received Import Request.
  Time since last request: 0.000078 seconds.
  path: Assets/ModernSupermarket/Models/Props/Products/FrozenPack_t7wenh/Textures/Materials/FrozenPack_t7wenh_Var04.mat
  artifactKey: Guid(8316489d2834f794981c9f78b1871f2d) Importer(2089858483,0ecaa5967403d082aa24f35e1b516d23)
Start importing Assets/ModernSupermarket/Models/Props/Products/FrozenPack_t7wenh/Textures/Materials/FrozenPack_t7wenh_Var04.mat using Guid(8316489d2834f794981c9f78b1871f2d) Importer(2089858483,0ecaa5967403d082aa24f35e1b516d23) [PhysX] Initialized MultithreadedTaskDispatcher with 10 workers.
 -> (artifact id: 'b12fed3594278c613eff81a0b509d759') in 0.002596 seconds
Number of updated asset objects reloaded before import = 0
Number of asset objects unloaded after import = 2
========================================================================
Received Import Request.
  Time since last request: 0.000048 seconds.
  path: Assets/ModernSupermarket/Models/Props/Products/SweetJar_lpbii4/Textures/SweetJar_lpbii4_o.png
  artifactKey: Guid(ae53a08bede526b4bba220d1e6193a19) Importer(2089858483,0ecaa5967403d082aa24f35e1b516d23)
Start importing Assets/ModernSupermarket/Models/Props/Products/SweetJar_lpbii4/Textures/SweetJar_lpbii4_o.png using Guid(ae53a08bede526b4bba220d1e6193a19) Importer(2089858483,0ecaa5967403d082aa24f35e1b516d23) [PhysX] Initialized MultithreadedTaskDispatcher with 10 workers.
 -> (artifact id: '737510d127e79b4e8ac59e81712dea6f') in 0.004849 seconds
Number of updated asset objects reloaded before import = 0
Number of asset objects unloaded after import = 1
========================================================================
Received Import Request.
  Time since last request: 0.000055 seconds.
  path: Assets/ModernSupermarket/Models/Props/Products/Cleanser_7dsib5/Textures/Materials/Cleanser_7dsib5.mat
  artifactKey: Guid(60096baa39ac7af459bfed7d9f288d7e) Importer(2089858483,0ecaa5967403d082aa24f35e1b516d23)
Start importing Assets/ModernSupermarket/Models/Props/Products/Cleanser_7dsib5/Textures/Materials/Cleanser_7dsib5.mat using Guid(60096baa39ac7af459bfed7d9f288d7e) Importer(2089858483,0ecaa5967403d082aa24f35e1b516d23) [PhysX] Initialized MultithreadedTaskDispatcher with 10 workers.
 -> (artifact id: 'a0184e50eb0f7c7e7f7ef847c37ae428') in 0.003409 seconds
Number of updated asset objects reloaded before import = 0
Number of asset objects unloaded after import = 5
========================================================================
Received Import Request.
  Time since last request: 0.000042 seconds.
  path: Assets/ModernSupermarket/Models/Props/Products/Ham_wplnxm/Textures/Ham_wplnxm_o.png
  artifactKey: Guid(2b3e30f073de6284883b95fc208a6e94) Importer(2089858483,0ecaa5967403d082aa24f35e1b516d23)
Start importing Assets/ModernSupermarket/Models/Props/Products/Ham_wplnxm/Textures/Ham_wplnxm_o.png using Guid(2b3e30f073de6284883b95fc208a6e94) Importer(2089858483,0ecaa5967403d082aa24f35e1b516d23) [PhysX] Initialized MultithreadedTaskDispatcher with 10 workers.
 -> (artifact id: 'fe1d45c5064b3d5bfd4963af3f77452c') in 0.004711 seconds
Number of updated asset objects reloaded before import = 0
Number of asset objects unloaded after import = 1
========================================================================
Received Import Request.
  Time since last request: 0.000066 seconds.
  path: Assets/ModernSupermarket/Models/Props/Products/FrozenPack_t7wenh/Textures/Materials/FrozenPack_t7wenh_Var05.mat
  artifactKey: Guid(a6b78d792ab54b044b50ca479c502b88) Importer(2089858483,0ecaa5967403d082aa24f35e1b516d23)
Start importing Assets/ModernSupermarket/Models/Props/Products/FrozenPack_t7wenh/Textures/Materials/FrozenPack_t7wenh_Var05.mat using Guid(a6b78d792ab54b044b50ca479c502b88) Importer(2089858483,0ecaa5967403d082aa24f35e1b516d23) [PhysX] Initialized MultithreadedTaskDispatcher with 10 workers.
 -> (artifact id: '4410f75a733f3144160446e4261d8a4e') in 0.002523 seconds
Number of updated asset objects reloaded before import = 0
Number of asset objects unloaded after import = 2
========================================================================
Received Import Request.
  Time since last request: 0.000048 seconds.
  path: Assets/ModernSupermarket/Models/Props/Products/Teabox_fhe54d/Textures/Teabox_fhe54d_m.png
  artifactKey: Guid(9facc2af1d4f07c439eeb667f9971ecb) Importer(2089858483,0ecaa5967403d082aa24f35e1b516d23)
Start importing Assets/ModernSupermarket/Models/Props/Products/Teabox_fhe54d/Textures/Teabox_fhe54d_m.png using Guid(9facc2af1d4f07c439eeb667f9971ecb) Importer(2089858483,0ecaa5967403d082aa24f35e1b516d23) [PhysX] Initialized MultithreadedTaskDispatcher with 10 workers.
 -> (artifact id: 'c0b6395ff83baa3d0809d83cf3055582') in 0.004577 seconds
Number of updated asset objects reloaded before import = 0
Number of asset objects unloaded after import = 1
========================================================================
Received Import Request.
  Time since last request: 0.000085 seconds.
  path: Assets/ModernSupermarket/Models/Props/Products/ToiletPaper_tunz3i/Textures/Materials/ToiletPaper_tunz3i_Rolls.mat
  artifactKey: Guid(42ffcfe980b0b0d45acb24626d071ead) Importer(2089858483,0ecaa5967403d082aa24f35e1b516d23)
Start importing Assets/ModernSupermarket/Models/Props/Products/ToiletPaper_tunz3i/Textures/Materials/ToiletPaper_tunz3i_Rolls.mat using Guid(42ffcfe980b0b0d45acb24626d071ead) Importer(2089858483,0ecaa5967403d082aa24f35e1b516d23) [PhysX] Initialized MultithreadedTaskDispatcher with 10 workers.
 -> (artifact id: '917d1c1420c5bd5092434d76d2d6570d') in 0.007518 seconds
Number of updated asset objects reloaded before import = 0
Number of asset objects unloaded after import = 5
========================================================================
Received Import Request.
  Time since last request: 0.000037 seconds.
  path: Assets/ModernSupermarket/Models/Props/Products/Soap_1rcsb1/Textures/Materials/Soap_1rcsb1_Label.mat
  artifactKey: Guid(313a2111b0b9dd64f9dae84a11b1df4e) Importer(2089858483,0ecaa5967403d082aa24f35e1b516d23)
Start importing Assets/ModernSupermarket/Models/Props/Products/Soap_1rcsb1/Textures/Materials/Soap_1rcsb1_Label.mat using Guid(313a2111b0b9dd64f9dae84a11b1df4e) Importer(2089858483,0ecaa5967403d082aa24f35e1b516d23) [PhysX] Initialized MultithreadedTaskDispatcher with 10 workers.
 -> (artifact id: '064854d443a5999bdd32a2b22b9ca7ea') in 0.003390 seconds
Number of updated asset objects reloaded before import = 0
Number of asset objects unloaded after import = 5
========================================================================
Received Import Request.
  Time since last request: 0.000032 seconds.
  path: Assets/ModernSupermarket/Models/Props/Products/ToiletPaper_tunz3i/Textures/Materials/ToiletPaper_tunz3i_Var02.mat
  artifactKey: Guid(02875851dea6a264ea343c9aebcb4825) Importer(2089858483,0ecaa5967403d082aa24f35e1b516d23)
Start importing Assets/ModernSupermarket/Models/Props/Products/ToiletPaper_tunz3i/Textures/Materials/ToiletPaper_tunz3i_Var02.mat using Guid(02875851dea6a264ea343c9aebcb4825) Importer(2089858483,0ecaa5967403d082aa24f35e1b516d23) [PhysX] Initialized MultithreadedTaskDispatcher with 10 workers.
 -> (artifact id: '836598b4ddf458328f4aaf16d25c4dfe') in 0.004744 seconds
Number of updated asset objects reloaded before import = 0
Number of asset objects unloaded after import = 5
========================================================================
Received Import Request.
  Time since last request: 0.000031 seconds.
  path: Assets/ModernSupermarket/Models/Props/Products/Shampoo_u15m67/Textures/Materials/Shampoo_u15m67_Var03.mat
  artifactKey: Guid(cb9a25ab1b8551649ac965c8b4af71df) Importer(2089858483,0ecaa5967403d082aa24f35e1b516d23)
Start importing Assets/ModernSupermarket/Models/Props/Products/Shampoo_u15m67/Textures/Materials/Shampoo_u15m67_Var03.mat using Guid(cb9a25ab1b8551649ac965c8b4af71df) Importer(2089858483,0ecaa5967403d082aa24f35e1b516d23) [PhysX] Initialized MultithreadedTaskDispatcher with 10 workers.
 -> (artifact id: '37570bf5e65633accabcd9c8f1747ecc') in 0.002644 seconds
Number of updated asset objects reloaded before import = 0
Number of asset objects unloaded after import = 2
========================================================================
Received Import Request.
  Time since last request: 0.000071 seconds.
  path: Assets/ModernSupermarket/Models/Props/Products/Chicken_ozj6pn/Textures/Chicken_ozj6pn_Meat_n.png
  artifactKey: Guid(1825f29416a8e844d9dae8c4478f00da) Importer(2089858483,0ecaa5967403d082aa24f35e1b516d23)
Start importing Assets/ModernSupermarket/Models/Props/Products/Chicken_ozj6pn/Textures/Chicken_ozj6pn_Meat_n.png using Guid(1825f29416a8e844d9dae8c4478f00da) Importer(2089858483,0ecaa5967403d082aa24f35e1b516d23) [PhysX] Initialized MultithreadedTaskDispatcher with 10 workers.
 -> (artifact id: '33bfa6c200f05c2923ddfded78f8e140') in 0.005053 seconds
Number of updated asset objects reloaded before import = 0
Number of asset objects unloaded after import = 1
========================================================================
Received Import Request.
  Time since last request: 0.000121 seconds.
  path: Assets/ModernSupermarket/Models/Props/Products/Chicken_ozj6pn/Textures/Chicken_ozj6pn_Meat_a.png
  artifactKey: Guid(1f60cc965b7c76f4aa8b2cba9e2c8c7f) Importer(2089858483,0ecaa5967403d082aa24f35e1b516d23)
Start importing Assets/ModernSupermarket/Models/Props/Products/Chicken_ozj6pn/Textures/Chicken_ozj6pn_Meat_a.png using Guid(1f60cc965b7c76f4aa8b2cba9e2c8c7f) Importer(2089858483,0ecaa5967403d082aa24f35e1b516d23) [PhysX] Initialized MultithreadedTaskDispatcher with 10 workers.
 -> (artifact id: '4ff46600562c53877feefc4e97d8f89a') in 0.004711 seconds
Number of updated asset objects reloaded before import = 0
Number of asset objects unloaded after import = 1
========================================================================
Received Import Request.
  Time since last request: 0.000046 seconds.
  path: Assets/ModernSupermarket/Models/Props/Utility/Footboard_ajuyp9/Texture/Footboard_ajuyp9_mask.png
  artifactKey: Guid(1dc1b4c95a5a3444588c07754d48e0b3) Importer(2089858483,0ecaa5967403d082aa24f35e1b516d23)
Start importing Assets/ModernSupermarket/Models/Props/Utility/Footboard_ajuyp9/Texture/Footboard_ajuyp9_mask.png using Guid(1dc1b4c95a5a3444588c07754d48e0b3) Importer(2089858483,0ecaa5967403d082aa24f35e1b516d23) [PhysX] Initialized MultithreadedTaskDispatcher with 10 workers.
 -> (artifact id: 'e460ee7df629e41b989812bdd4f073fd') in 0.004770 seconds
Number of updated asset objects reloaded before import = 0
Number of asset objects unloaded after import = 1
========================================================================
Received Import Request.
  Time since last request: 0.000067 seconds.
  path: Assets/ModernSupermarket/Models/Props/Utility/Crate_3m39yz/Textures/Materials/Crate_3m39yzVar01.mat
  artifactKey: Guid(cf83c20c70aec81409d3ffb788543548) Importer(2089858483,0ecaa5967403d082aa24f35e1b516d23)
Start importing Assets/ModernSupermarket/Models/Props/Utility/Crate_3m39yz/Textures/Materials/Crate_3m39yzVar01.mat using Guid(cf83c20c70aec81409d3ffb788543548) Importer(2089858483,0ecaa5967403d082aa24f35e1b516d23) [PhysX] Initialized MultithreadedTaskDispatcher with 10 workers.
 -> (artifact id: '526ea871576a2202fb04134186be4b94') in 0.007296 seconds
Number of updated asset objects reloaded before import = 0
Number of asset objects unloaded after import = 5
========================================================================
Received Import Request.
  Time since last request: 0.000030 seconds.
  path: Assets/ModernSupermarket/Models/Props/Products/Flour_ckgfmu/Textures/FlourPack_ckgfmu_Var02_a.png
  artifactKey: Guid(c9e094924c6f2664a9e8b9b6b1d9a8e4) Importer(2089858483,0ecaa5967403d082aa24f35e1b516d23)
Start importing Assets/ModernSupermarket/Models/Props/Products/Flour_ckgfmu/Textures/FlourPack_ckgfmu_Var02_a.png using Guid(c9e094924c6f2664a9e8b9b6b1d9a8e4) Importer(2089858483,0ecaa5967403d082aa24f35e1b516d23) [PhysX] Initialized MultithreadedTaskDispatcher with 10 workers.
 -> (artifact id: '5935668b5c748dfd68435b9a39d341ea') in 0.015001 seconds
Number of updated asset objects reloaded before import = 0
Number of asset objects unloaded after import = 1
========================================================================
Received Import Request.
  Time since last request: 0.000050 seconds.
  path: Assets/ModernSupermarket/Models/Props/Products/FrozenBox_vhvpd4/Textures/FrozenBox_vhvpd4_Var01_a.png
  artifactKey: Guid(84fba585f1db15f439ebabea02aad996) Importer(2089858483,0ecaa5967403d082aa24f35e1b516d23)
Start importing Assets/ModernSupermarket/Models/Props/Products/FrozenBox_vhvpd4/Textures/FrozenBox_vhvpd4_Var01_a.png using Guid(84fba585f1db15f439ebabea02aad996) Importer(2089858483,0ecaa5967403d082aa24f35e1b516d23) [PhysX] Initialized MultithreadedTaskDispatcher with 10 workers.
 -> (artifact id: 'f34b8c29cebcf9039181a4d2833cb468') in 0.005000 seconds
Number of updated asset objects reloaded before import = 0
Number of asset objects unloaded after import = 1
========================================================================
Received Import Request.
  Time since last request: 0.000061 seconds.
  path: Assets/ModernSupermarket/Models/Props/Products/MilkBrick_e8foxc/Textures/Materials/MilkBrick_e8foxc.mat
  artifactKey: Guid(1d7df06d219c66f499effc29a6e72ab7) Importer(2089858483,0ecaa5967403d082aa24f35e1b516d23)
Start importing Assets/ModernSupermarket/Models/Props/Products/MilkBrick_e8foxc/Textures/Materials/MilkBrick_e8foxc.mat using Guid(1d7df06d219c66f499effc29a6e72ab7) Importer(2089858483,0ecaa5967403d082aa24f35e1b516d23) [PhysX] Initialized MultithreadedTaskDispatcher with 10 workers.
 -> (artifact id: '7ebeebff5f28a44cf4a8ac315b63f1fc') in 0.004714 seconds
Number of updated asset objects reloaded before import = 0
Number of asset objects unloaded after import = 5
========================================================================
Received Import Request.
  Time since last request: 0.000035 seconds.
  path: Assets/ModernSupermarket/Models/Props/Utility/Crate_3m39yz/Textures/Materials/Crate_3m39yzVar02.mat
  artifactKey: Guid(158d04cebc77d0548a7d88d5fdfb4aca) Importer(2089858483,0ecaa5967403d082aa24f35e1b516d23)
Start importing Assets/ModernSupermarket/Models/Props/Utility/Crate_3m39yz/Textures/Materials/Crate_3m39yzVar02.mat using Guid(158d04cebc77d0548a7d88d5fdfb4aca) Importer(2089858483,0ecaa5967403d082aa24f35e1b516d23) [PhysX] Initialized MultithreadedTaskDispatcher with 10 workers.
 -> (artifact id: '08abf8715eca092808f7258041977389') in 0.004900 seconds
Number of updated asset objects reloaded before import = 0
Number of asset objects unloaded after import = 6
========================================================================
Received Import Request.
  Time since last request: 0.000031 seconds.
  path: Assets/ModernSupermarket/Models/Props/Products/PotatoBag_gcx3y2/Textures/Materials/PotatoeBag_gcx3y2_Potatoes.mat
  artifactKey: Guid(87921020496d5bf4eb613b7776d1af00) Importer(2089858483,0ecaa5967403d082aa24f35e1b516d23)
Start importing Assets/ModernSupermarket/Models/Props/Products/PotatoBag_gcx3y2/Textures/Materials/PotatoeBag_gcx3y2_Potatoes.mat using Guid(87921020496d5bf4eb613b7776d1af00) Importer(2089858483,0ecaa5967403d082aa24f35e1b516d23) [PhysX] Initialized MultithreadedTaskDispatcher with 10 workers.
 -> (artifact id: '1abab4e4d6f7a1b9bb24298e5bfbdef8') in 0.003789 seconds
Number of updated asset objects reloaded before import = 0
Number of asset objects unloaded after import = 4
========================================================================
Received Import Request.
  Time since last request: 0.000048 seconds.
  path: Assets/ModernSupermarket/Models/Props/Products/Pasta_9duit2/Textures/PastaPack_9duit003_Macaroni_o.png
  artifactKey: Guid(55915510a34aff745b9eb13a90546191) Importer(2089858483,0ecaa5967403d082aa24f35e1b516d23)
Start importing Assets/ModernSupermarket/Models/Props/Products/Pasta_9duit2/Textures/PastaPack_9duit003_Macaroni_o.png using Guid(55915510a34aff745b9eb13a90546191) Importer(2089858483,0ecaa5967403d082aa24f35e1b516d23) [PhysX] Initialized MultithreadedTaskDispatcher with 10 workers.
 -> (artifact id: 'e87de25f944c9330683345b7b7d00789') in 0.007710 seconds
Number of updated asset objects reloaded before import = 0
Number of asset objects unloaded after import = 1
========================================================================
Received Import Request.
  Time since last request: 0.000065 seconds.
  path: Assets/ModernSupermarket/Models/Props/Products/Cake_a3h87k/Textures/Cake_a3h87k_o.png
  artifactKey: Guid(bf62567993e03814f8cdadff7e4e33cd) Importer(2089858483,0ecaa5967403d082aa24f35e1b516d23)
Start importing Assets/ModernSupermarket/Models/Props/Products/Cake_a3h87k/Textures/Cake_a3h87k_o.png using Guid(bf62567993e03814f8cdadff7e4e33cd) Importer(2089858483,0ecaa5967403d082aa24f35e1b516d23) [PhysX] Initialized MultithreadedTaskDispatcher with 10 workers.
 -> (artifact id: 'e78ad82f907db08d4e2345ed8e437754') in 0.004899 seconds
Number of updated asset objects reloaded before import = 0
Number of asset objects unloaded after import = 1
========================================================================
Received Import Request.
  Time since last request: 0.000049 seconds.
  path: Assets/ModernSupermarket/Models/Props/Products/Cream_jatl5h/Textures/Cream_jatl5h_a.png
  artifactKey: Guid(de3c1ecf4a222a5438c949cab7937a69) Importer(2089858483,0ecaa5967403d082aa24f35e1b516d23)
Start importing Assets/ModernSupermarket/Models/Props/Products/Cream_jatl5h/Textures/Cream_jatl5h_a.png using Guid(de3c1ecf4a222a5438c949cab7937a69) Importer(2089858483,0ecaa5967403d082aa24f35e1b516d23) [PhysX] Initialized MultithreadedTaskDispatcher with 10 workers.
 -> (artifact id: '85f69d068934908874716fa9fbff53c7') in 0.005032 seconds
Number of updated asset objects reloaded before import = 0
Number of asset objects unloaded after import = 1
========================================================================
Received Import Request.
  Time since last request: 0.000073 seconds.
  path: Assets/ModernSupermarket/Models/Props/Produce/Watermelon_z0o9y3/Textures/Watermelon_z0o9y3_a.png
  artifactKey: Guid(8b126d8c69c55aa40b4bb493d0ca19f5) Importer(2089858483,0ecaa5967403d082aa24f35e1b516d23)
Start importing Assets/ModernSupermarket/Models/Props/Produce/Watermelon_z0o9y3/Textures/Watermelon_z0o9y3_a.png using Guid(8b126d8c69c55aa40b4bb493d0ca19f5) Importer(2089858483,0ecaa5967403d082aa24f35e1b516d23) [PhysX] Initialized MultithreadedTaskDispatcher with 10 workers.
 -> (artifact id: '2bdb9dc27b61bfcd618b33d8f42e3a95') in 0.004798 seconds
Number of updated asset objects reloaded before import = 0
Number of asset objects unloaded after import = 1
========================================================================
Received Import Request.
  Time since last request: 0.000048 seconds.
  path: Assets/ModernSupermarket/Models/Props/Products/Ham_wplnxm/Textures/Ham_wplnxm_Var02_o.png
  artifactKey: Guid(3aebc6d103928e448867a19ff9b0414e) Importer(2089858483,0ecaa5967403d082aa24f35e1b516d23)
Start importing Assets/ModernSupermarket/Models/Props/Products/Ham_wplnxm/Textures/Ham_wplnxm_Var02_o.png using Guid(3aebc6d103928e448867a19ff9b0414e) Importer(2089858483,0ecaa5967403d082aa24f35e1b516d23) [PhysX] Initialized MultithreadedTaskDispatcher with 10 workers.
 -> (artifact id: '68adcdae70a1c2131136d005c9782250') in 0.005234 seconds
Number of updated asset objects reloaded before import = 0
Number of asset objects unloaded after import = 1
========================================================================
Received Import Request.
  Time since last request: 0.000062 seconds.
  path: Assets/ModernSupermarket/Models/Props/Products/FrozenPack_t7wenh/Textures/FrozenPack_t7wenh_Var01_a.png
  artifactKey: Guid(2786cb9791eefa04390a4ab3a6c0e6cb) Importer(2089858483,0ecaa5967403d082aa24f35e1b516d23)
Start importing Assets/ModernSupermarket/Models/Props/Products/FrozenPack_t7wenh/Textures/FrozenPack_t7wenh_Var01_a.png using Guid(2786cb9791eefa04390a4ab3a6c0e6cb) Importer(2089858483,0ecaa5967403d082aa24f35e1b516d23) [PhysX] Initialized MultithreadedTaskDispatcher with 10 workers.
 -> (artifact id: '131fbf9576ecd2b87bf6d0fc4819d23c') in 0.004297 seconds
Number of updated asset objects reloaded before import = 0
Number of asset objects unloaded after import = 1
========================================================================
Received Import Request.
  Time since last request: 8.272017 seconds.
  path: Assets/XR/XRGeneralSettingsPerBuildTarget.asset
  artifactKey: Guid(3519b3dae2b3641878150cc784dc89a8) Importer(2089858483,0ecaa5967403d082aa24f35e1b516d23)
Start importing Assets/XR/XRGeneralSettingsPerBuildTarget.asset using Guid(3519b3dae2b3641878150cc784dc89a8) Importer(2089858483,0ecaa5967403d082aa24f35e1b516d23) [PhysX] Initialized MultithreadedTaskDispatcher with 10 workers.
 -> (artifact id: '02bbd467463250c832d0220a8798639d') in 0.073973 seconds
Number of updated asset objects reloaded before import = 0
Number of asset objects unloaded after import = 5
========================================================================
Received Prepare
Caller must complete domain reload
Begin MonoManager ReloadAssembly
Thread 0x30387f000 may have been prematurely finalized
Symbol file LoadedFromMemory is not a mono symbol file
- Loaded All Assemblies, in  0.878 seconds
Native extension for Android target not found
Native extension for OSXStandalone target not found
[Package Manager] Server::EnsureServerProcessIsRunning -- launch failed, reason: Unity was launched with the -noUpm command-line argument
[Package Manager] UpmClient::Send -- Unable to send message (not connected to UPM process).
[Package Manager] Cannot connect to Unity Package Manager local server
[Package Manager] Server::EnsureServerProcessIsRunning -- launch failed, reason: Unity was launched with the -noUpm command-line argument
[Package Manager] UpmClient::Send -- Unable to send message (not connected to UPM process).
[Package Manager] Cannot connect to Unity Package Manager local server
Mono: successfully reloaded assembly
[Package Manager] Server::EnsureServerProcessIsRunning -- launch failed, reason: Unity was launched with the -noUpm command-line argument
[Package Manager] UpmClient::Send -- Unable to send message (not connected to UPM process).
[Package Manager] Cannot connect to Unity Package Manager local server
- Finished resetting the current domain, in  0.843 seconds
Domain Reload Profiling: 1723ms
	BeginReloadAssembly (625ms)
		ExecutionOrderSort (0ms)
		DisableScriptedObjects (2ms)
		BackupInstance (0ms)
		ReleaseScriptingObjects (0ms)
		CreateAndSetChildDomain (48ms)
	RebuildCommonClasses (20ms)
	RebuildNativeTypeToScriptingClass (7ms)
	initialDomainReloadingComplete (15ms)
	LoadAllAssembliesAndSetupDomain (212ms)
		LoadAssemblies (176ms)
		RebuildTransferFunctionScriptingTraits (0ms)
		AnalyzeDomain (70ms)
			TypeCache.Refresh (50ms)
				TypeCache.ScanAssembly (36ms)
			ScanForSourceGeneratedMonoScriptInfo (11ms)
			ResolveRequiredComponents (9ms)
	FinalizeReload (843ms)
		ReleaseScriptCaches (0ms)
		RebuildScriptCaches (0ms)
		SetupLoadedEditorAssemblies (443ms)
			LogAssemblyErrors (0ms)
			InitializePlatformSupportModulesInManaged (8ms)
			SetLoadedEditorAssemblies (6ms)
			RefreshPlugins (0ms)
			BeforeProcessingInitializeOnLoad (53ms)
			ProcessInitializeOnLoadAttributes (364ms)
			ProcessInitializeOnLoadMethodAttributes (11ms)
			AfterProcessingInitializeOnLoad (1ms)
			EditorAssembliesLoaded (0ms)
		ExecutionOrderSort2 (0ms)
		AwakeInstancesAfterBackupRestoration (2ms)
WARNING: Shader Unsupported: 'EnvironmentDepth/URP/OcclusionUnlit' - All subshaders removed
WARNING: Shader Did you use #pragma only_renderers and omit this platform?
WARNING: Shader If subshaders removal was intentional, you may have forgotten turning Fallback off?
WARNING: Shader Unsupported: 'EnvironmentDepth/URP/OcclusionUnlit' - All subshaders removed
WARNING: Shader Did you use #pragma only_renderers and omit this platform?
WARNING: Shader If subshaders removal was intentional, you may have forgotten turning Fallback off?
WARNING: Shader Unsupported: 'URP/UI/Prerendered Opaque' - All subshaders removed
WARNING: Shader Did you use #pragma only_renderers and omit this platform?
WARNING: Shader If subshaders removal was intentional, you may have forgotten turning Fallback off?
WARNING: Shader Unsupported: 'URP/UI/Prerendered Opaque' - All subshaders removed
WARNING: Shader Did you use #pragma only_renderers and omit this platform?
WARNING: Shader If subshaders removal was intentional, you may have forgotten turning Fallback off?
WARNING: Shader Unsupported: 'URP/UI/Prerendered' - All subshaders removed
WARNING: Shader Did you use #pragma only_renderers and omit this platform?
WARNING: Shader If subshaders removal was intentional, you may have forgotten turning Fallback off?
WARNING: Shader Unsupported: 'URP/UI/Prerendered' - All subshaders removed
WARNING: Shader Did you use #pragma only_renderers and omit this platform?
WARNING: Shader If subshaders removal was intentional, you may have forgotten turning Fallback off?
Shader 'Oculus/OVRMRCameraFrameLit': fallback shader 'Alpha-Diffuse' not found
Shader 'Meta/MRUK/Scene/HighlightsAndShadows': fallback shader 'Off' not found
Refreshing native plugins compatible for Editor in 4.86 ms, found 10 plugins.
Preloading 2 native plugins for Editor in 3.83 ms.
Unloading 4994 Unused Serialized files (Serialized files now loaded: 0)
Unloading 20 unused Assets / (0.5 MB). Loaded Objects now: 5584.
Memory consumption went from 257.3 MB to 256.8 MB.
Total: 9.410542 ms (FindLiveObjects: 0.204083 ms CreateObjectMapping: 0.088084 ms MarkObjects: 8.506292 ms  DeleteObjects: 0.611500 ms)

Prepare: number of updated asset objects reloaded= 0
AssetImportParameters requested are different than current active one (requested -> active):
  custom:scripting/precompiled-assembly-types:Meta.XR.EnvironmentDepth: 5ffa2e5739e034a2f312f93b541192e9 -> d34efcafe3960cdf11dad662e3dbad38
  custom:container-demuxer-ogg: 62fdf1f143b41e24485cea50d1cbac27 -> 
  custom:scripting/monoscript/fileName/FFR.cs: 8726cf26051bd1b118e5a19691a28e54 -> 
  custom:scripting/monoscript/fileName/OculusRestarter.cs: 086312fed17c23d20644934567c0efa4 -> 
  custom:scripting/monoscript/fileName/OculusLoader.cs: 75943a326c910f2bd8a56211a726d430 -> 
  custom:scripting/monoscript/fileName/Device.cs: 8726cf26051bd1b118e5a19691a28e54 -> 
  custom:scripting/monoscript/fileName/RegisterUpdateCallback.cs: def73981cdc11dc4478a1a149bac2f7a -> 
  custom:scripting/monoscript/fileName/OculusPlugin.cs: b73c489e2c6e49876321820e139ecb86 -> 
  custom:video-decoder-ogg-theora: a1e56fd34408186e4bbccfd4996cb3dc -> 
  custom:scripting/monoscript/fileName/OculusBoundary.cs: dbabb042f98c4339d5caa957f951bbdf -> 
  custom:CustomObjectIndexerAttribute: 9a22284fe3817be447336de3de66b15e -> 
  custom:container-demuxer-webm: 4f35f7cbe854078d1ac9338744f61a02 -> 
  custom:scripting/monoscript/fileName/OculusProjectValidator.cs: 76a31afa3d0bb0a0f93eb0c48f331df0 -> 
  custom:scripting/precompiled-assembly-types:Oculus.VR.Editor: b91760030a581a9dcabc727e7ad3eaca -> dc85165e8adab3c7e3f2d6be44073852
  custom:scripting/monoscript/fileName/DeviceLayouts.cs: 1caa856f4e25d3295f59d5ab63e9f1e4 -> 
  custom:scripting/monoscript/fileName/OculusUsages.cs: 4a9c19d207ebc7087654afe5392144aa -> 
  custom:container-muxer-webm: aa71ff27fc2769a1b78a27578f13a17b -> 
  custom:video-decoder-webm-vp8: 9c59270c3fd7afecdb556c50c9e8de78 -> 
  custom:scripting/monoscript/fileName/DepthProvider.cs: 5c9ca409d94cb9c273944e4f267f6181 -> 
  custom:scripting/precompiled-assembly-types:Unity.XR.Oculus: e4b26036f9e805da5008b613bbee2119 -> 
  custom:SearchIndexIgnoredProperties: e643bd26f0fe6173181afceb89e7c659 -> 
  custom:scripting/monoscript/fileName/ColorScale.cs: 8726cf26051bd1b118e5a19691a28e54 -> 
  custom:AudioImporter_EditorPlatform: 3918e3fc78b5a79bad01e8451be0beb8 -> 
  custom:scripting/monoscript/fileName/OculusSettingsEditor.cs: 6ee7634d3eb167b2d53808d937bc1120 -> 
  custom:scripting/monoscript/fileName/EnvironmentDepth.cs: d5b2aa96b4c1b62b2759ec6948b96e47 -> 
  custom:scripting/monoscript/fileName/OculusBuildProcessor.cs: 04fc697924b8b448144c87c95d98148f -> 
  custom:framework-osx-AVFoundation: e770b220cccbd017edd2c1fefb359320 -> 
  custom:scripting/precompiled-assembly-types:Unity.InputSystem: 7eca22d62f42c666f28611e70e0c46ed -> aff3c1bcb58ee4226dbf9498bf9edf52
  custom:scripting/precompiled-assembly-types:Oculus.VR: 1872eaf3b547bc9a9ad4b7403446e639 -> 4f996b6695cb7809764c0e5f2e193a0f
  custom:scripting/monoscript/fileName/InputFocus.cs: 39e8a2a2240c6ddc65f9c92c1dad803d -> 
  custom:scripting/monoscript/fileName/OculusMetadata.cs: b3067b8a7a73630e362aa582d9922603 -> 
  custom:video-encoder-webm-vp8: eb34c28f22e8b96e1ab97ce403110664 -> 
  custom:audio-decoder-ogg-vorbis: bf7c407c2cedff20999df2af8eb42d56 -> 
  custom:scripting/monoscript/fileName/OculusSettings.cs: 40fe4a2e45131605721ee35067babc80 -> 
  custom:scripting/monoscript/fileName/OculusPerformance.cs: d67dc4eee8314bedf0aba14a5a97d3f2 -> 
  custom:scripting/precompiled-assembly-types:Unity.XR.Oculus.Editor: 9c4a460db5e275b727c20dcc994400c0 -> 
  custom:scripting/monoscript/fileName/OculusSession.cs: 9031c3601223e87600d38a8e63e5c9eb -> 
  custom:audio-encoder-webm-vorbis: bf7c407c2cedff20999df2af8eb42d56 -> 
  custom:scripting/monoscript/fileName/OculusDevelopment.cs: dae15a4559baab566dfa4d8b06d5ef35 -> 
  custom:scripting/monoscript/fileName/OVRXRSDKNative.cs: 85f79c1374465033459be41f05cec403 -> 
========================================================================
Received Prepare
Caller must complete domain reload
Begin MonoManager ReloadAssembly
Thread 0x16b593000 may have been prematurely finalized
Symbol file LoadedFromMemory is not a mono symbol file
- Loaded All Assemblies, in  1.044 seconds
Native extension for Android target not found
Native extension for OSXStandalone target not found
[Package Manager] Server::EnsureServerProcessIsRunning -- launch failed, reason: Unity was launched with the -noUpm command-line argument
[Package Manager] UpmClient::Send -- Unable to send message (not connected to UPM process).
[Package Manager] Cannot connect to Unity Package Manager local server
[Package Manager] Server::EnsureServerProcessIsRunning -- launch failed, reason: Unity was launched with the -noUpm command-line argument
[Package Manager] UpmClient::Send -- Unable to send message (not connected to UPM process).
[Package Manager] Cannot connect to Unity Package Manager local server
Mono: successfully reloaded assembly
[Package Manager] Server::EnsureServerProcessIsRunning -- launch failed, reason: Unity was launched with the -noUpm command-line argument
[Package Manager] UpmClient::Send -- Unable to send message (not connected to UPM process).
[Package Manager] Cannot connect to Unity Package Manager local server
- Finished resetting the current domain, in  0.862 seconds
Domain Reload Profiling: 1908ms
	BeginReloadAssembly (740ms)
		ExecutionOrderSort (0ms)
		DisableScriptedObjects (2ms)
		BackupInstance (0ms)
		ReleaseScriptingObjects (0ms)
		CreateAndSetChildDomain (38ms)
	RebuildCommonClasses (20ms)
	RebuildNativeTypeToScriptingClass (7ms)
	initialDomainReloadingComplete (20ms)
	LoadAllAssembliesAndSetupDomain (258ms)
		LoadAssemblies (199ms)
		RebuildTransferFunctionScriptingTraits (0ms)
		AnalyzeDomain (110ms)
			TypeCache.Refresh (82ms)
				TypeCache.ScanAssembly (63ms)
			ScanForSourceGeneratedMonoScriptInfo (17ms)
			ResolveRequiredComponents (11ms)
	FinalizeReload (862ms)
		ReleaseScriptCaches (0ms)
		RebuildScriptCaches (0ms)
		SetupLoadedEditorAssemblies (384ms)
			LogAssemblyErrors (0ms)
			InitializePlatformSupportModulesInManaged (8ms)
			SetLoadedEditorAssemblies (4ms)
			RefreshPlugins (0ms)
			BeforeProcessingInitializeOnLoad (38ms)
			ProcessInitializeOnLoadAttributes (323ms)
			ProcessInitializeOnLoadMethodAttributes (11ms)
			AfterProcessingInitializeOnLoad (1ms)
			EditorAssembliesLoaded (0ms)
		ExecutionOrderSort2 (0ms)
		AwakeInstancesAfterBackupRestoration (2ms)
WARNING: Shader Unsupported: 'EnvironmentDepth/URP/OcclusionUnlit' - All subshaders removed
WARNING: Shader Did you use #pragma only_renderers and omit this platform?
WARNING: Shader If subshaders removal was intentional, you may have forgotten turning Fallback off?
WARNING: Shader Unsupported: 'EnvironmentDepth/URP/OcclusionUnlit' - All subshaders removed
WARNING: Shader Did you use #pragma only_renderers and omit this platform?
WARNING: Shader If subshaders removal was intentional, you may have forgotten turning Fallback off?
WARNING: Shader Unsupported: 'URP/UI/Prerendered Opaque' - All subshaders removed
WARNING: Shader Did you use #pragma only_renderers and omit this platform?
WARNING: Shader If subshaders removal was intentional, you may have forgotten turning Fallback off?
WARNING: Shader Unsupported: 'URP/UI/Prerendered Opaque' - All subshaders removed
WARNING: Shader Did you use #pragma only_renderers and omit this platform?
WARNING: Shader If subshaders removal was intentional, you may have forgotten turning Fallback off?
WARNING: Shader Unsupported: 'URP/UI/Prerendered' - All subshaders removed
WARNING: Shader Did you use #pragma only_renderers and omit this platform?
WARNING: Shader If subshaders removal was intentional, you may have forgotten turning Fallback off?
WARNING: Shader Unsupported: 'URP/UI/Prerendered' - All subshaders removed
WARNING: Shader Did you use #pragma only_renderers and omit this platform?
WARNING: Shader If subshaders removal was intentional, you may have forgotten turning Fallback off?
Shader 'Oculus/OVRMRCameraFrameLit': fallback shader 'Alpha-Diffuse' not found
Shader 'Meta/MRUK/Scene/HighlightsAndShadows': fallback shader 'Off' not found
Refreshing native plugins compatible for Editor in 2.90 ms, found 10 plugins.
Preloading 2 native plugins for Editor in 0.60 ms.
Unloading 4995 Unused Serialized files (Serialized files now loaded: 0)
Unloading 20 unused Assets / (0.5 MB). Loaded Objects now: 5595.
Memory consumption went from 265.5 MB to 264.9 MB.
Total: 6.080709 ms (FindLiveObjects: 0.193542 ms CreateObjectMapping: 0.076583 ms MarkObjects: 5.590292 ms  DeleteObjects: 0.219875 ms)

Prepare: number of updated asset objects reloaded= 0
AssetImportParameters requested are different than current active one (requested -> active):
  custom:scripting/precompiled-assembly-types:Meta.XR.EnvironmentDepth: 5ffa2e5739e034a2f312f93b541192e9 -> d34efcafe3960cdf11dad662e3dbad38
  custom:container-demuxer-ogg: 62fdf1f143b41e24485cea50d1cbac27 -> 
  custom:scripting/monoscript/fileName/FFR.cs: 8726cf26051bd1b118e5a19691a28e54 -> 
  custom:scripting/monoscript/fileName/OculusRestarter.cs: 086312fed17c23d20644934567c0efa4 -> 
  custom:scripting/monoscript/fileName/OculusLoader.cs: 75943a326c910f2bd8a56211a726d430 -> 
  custom:scripting/monoscript/fileName/Device.cs: 8726cf26051bd1b118e5a19691a28e54 -> 
  custom:scripting/monoscript/fileName/RegisterUpdateCallback.cs: def73981cdc11dc4478a1a149bac2f7a -> 
  custom:scripting/monoscript/fileName/OculusPlugin.cs: b73c489e2c6e49876321820e139ecb86 -> 
  custom:video-decoder-ogg-theora: a1e56fd34408186e4bbccfd4996cb3dc -> 
  custom:scripting/monoscript/fileName/OculusBoundary.cs: dbabb042f98c4339d5caa957f951bbdf -> 
  custom:CustomObjectIndexerAttribute: 9a22284fe3817be447336de3de66b15e -> 
  custom:container-demuxer-webm: 4f35f7cbe854078d1ac9338744f61a02 -> 
  custom:scripting/monoscript/fileName/OculusProjectValidator.cs: 76a31afa3d0bb0a0f93eb0c48f331df0 -> 
  custom:scripting/precompiled-assembly-types:Oculus.VR.Editor: b91760030a581a9dcabc727e7ad3eaca -> dc85165e8adab3c7e3f2d6be44073852
  custom:scripting/monoscript/fileName/DeviceLayouts.cs: 1caa856f4e25d3295f59d5ab63e9f1e4 -> 
  custom:scripting/monoscript/fileName/OculusUsages.cs: 4a9c19d207ebc7087654afe5392144aa -> 
  custom:container-muxer-webm: aa71ff27fc2769a1b78a27578f13a17b -> 
  custom:video-decoder-webm-vp8: 9c59270c3fd7afecdb556c50c9e8de78 -> 
  custom:scripting/monoscript/fileName/DepthProvider.cs: 5c9ca409d94cb9c273944e4f267f6181 -> 
  custom:scripting/precompiled-assembly-types:Unity.XR.Oculus: e4b26036f9e805da5008b613bbee2119 -> 
  custom:SearchIndexIgnoredProperties: e643bd26f0fe6173181afceb89e7c659 -> 
  custom:scripting/monoscript/fileName/ColorScale.cs: 8726cf26051bd1b118e5a19691a28e54 -> 
  custom:AudioImporter_EditorPlatform: 3918e3fc78b5a79bad01e8451be0beb8 -> 
  custom:scripting/monoscript/fileName/OculusSettingsEditor.cs: 6ee7634d3eb167b2d53808d937bc1120 -> 
  custom:scripting/monoscript/fileName/EnvironmentDepth.cs: d5b2aa96b4c1b62b2759ec6948b96e47 -> 
  custom:scripting/monoscript/fileName/OculusBuildProcessor.cs: 04fc697924b8b448144c87c95d98148f -> 
  custom:framework-osx-AVFoundation: e770b220cccbd017edd2c1fefb359320 -> 
  custom:scripting/precompiled-assembly-types:Unity.InputSystem: 7eca22d62f42c666f28611e70e0c46ed -> aff3c1bcb58ee4226dbf9498bf9edf52
  custom:scripting/precompiled-assembly-types:Oculus.VR: 1872eaf3b547bc9a9ad4b7403446e639 -> 4f996b6695cb7809764c0e5f2e193a0f
  custom:scripting/monoscript/fileName/InputFocus.cs: 39e8a2a2240c6ddc65f9c92c1dad803d -> 
  custom:scripting/monoscript/fileName/OculusMetadata.cs: b3067b8a7a73630e362aa582d9922603 -> 
  custom:video-encoder-webm-vp8: eb34c28f22e8b96e1ab97ce403110664 -> 
  custom:audio-decoder-ogg-vorbis: bf7c407c2cedff20999df2af8eb42d56 -> 
  custom:scripting/monoscript/fileName/OculusSettings.cs: 40fe4a2e45131605721ee35067babc80 -> 
  custom:scripting/monoscript/fileName/OculusPerformance.cs: d67dc4eee8314bedf0aba14a5a97d3f2 -> 
  custom:scripting/precompiled-assembly-types:Unity.XR.Oculus.Editor: 9c4a460db5e275b727c20dcc994400c0 -> 
  custom:scripting/monoscript/fileName/OculusSession.cs: 9031c3601223e87600d38a8e63e5c9eb -> 
  custom:audio-encoder-webm-vorbis: bf7c407c2cedff20999df2af8eb42d56 -> 
  custom:scripting/monoscript/fileName/OculusDevelopment.cs: dae15a4559baab566dfa4d8b06d5ef35 -> 
  custom:scripting/monoscript/fileName/OVRXRSDKNative.cs: 85f79c1374465033459be41f05cec403 -> 
========================================================================
Received Import Request.
  Time since last request: 1085.401324 seconds.
  path: Packages/com.meta.xr.sdk.core/Oculus.VR.asmdef
  artifactKey: Guid(f64c9ebcd7899c3448a08dc9f9ddbe30) Importer(815301076,1909f56bfc062723c751e8b465ee728b)
Start importing Packages/com.meta.xr.sdk.core/Oculus.VR.asmdef using Guid(f64c9ebcd7899c3448a08dc9f9ddbe30) Importer(815301076,1909f56bfc062723c751e8b465ee728b) [PhysX] Initialized MultithreadedTaskDispatcher with 10 workers.
 -> (artifact id: 'a14338d6360844323c904e203a6a3c1c') in 0.013950 seconds
Number of updated asset objects reloaded before import = 0
Number of asset objects unloaded after import = 0
========================================================================
Received Import Request.
  Time since last request: 14.690581 seconds.
  path: Packages/com.meta.xr.sdk.core/Prefabs
  artifactKey: Guid(bfe39332fdb4cb044b619b3e4b890396) Importer(815301076,1909f56bfc062723c751e8b465ee728b)
Start importing Packages/com.meta.xr.sdk.core/Prefabs using Guid(bfe39332fdb4cb044b619b3e4b890396) Importer(815301076,1909f56bfc062723c751e8b465ee728b) [PhysX] Initialized MultithreadedTaskDispatcher with 10 workers.
 -> (artifact id: '5a15369d6199283acaaf411cb6bfd6ab') in 0.000483 seconds
Number of updated asset objects reloaded before import = 0
Number of asset objects unloaded after import = 0
========================================================================
Received Import Request.
  Time since last request: 1.242123 seconds.
  path: Packages/com.meta.xr.sdk.core/Prefabs/ButtonPrefab.prefab
  artifactKey: Guid(b2c930f6a5bd2524c8baf901dcd76eb6) Importer(815301076,1909f56bfc062723c751e8b465ee728b)
Start importing Packages/com.meta.xr.sdk.core/Prefabs/ButtonPrefab.prefab using Guid(b2c930f6a5bd2524c8baf901dcd76eb6) Importer(815301076,1909f56bfc062723c751e8b465ee728b) [PhysX] Initialized MultithreadedTaskDispatcher with 10 workers.
 -> (artifact id: '717c8e196839e01d15c0459db225243c') in 0.040040 seconds
Number of updated asset objects reloaded before import = 0
Number of asset objects unloaded after import = 12
========================================================================
Received Import Request.
  Time since last request: 0.000061 seconds.
  path: Packages/com.meta.xr.sdk.core/Prefabs/OVRRayHelper.prefab
  artifactKey: Guid(746f1679793aa8745a3e0995bd2d659f) Importer(815301076,1909f56bfc062723c751e8b465ee728b)
Start importing Packages/com.meta.xr.sdk.core/Prefabs/OVRRayHelper.prefab using Guid(746f1679793aa8745a3e0995bd2d659f) Importer(815301076,1909f56bfc062723c751e8b465ee728b) [PhysX] Initialized MultithreadedTaskDispatcher with 10 workers.
[PhysX] Initialized MultithreadedTaskDispatcher with 10 workers.
 -> (artifact id: '63f837355eddfccf43163359ccf9df27') in 0.410683 seconds
Number of updated asset objects reloaded before import = 0
Number of asset objects unloaded after import = 23
========================================================================
Received Import Request.
  Time since last request: 0.000043 seconds.
  path: Packages/com.meta.xr.sdk.core/Prefabs/OpenXRCustomHandPrefab_L.prefab
  artifactKey: Guid(deccf1bd75222ab419fef0130b2a4d9e) Importer(815301076,1909f56bfc062723c751e8b465ee728b)
Start importing Packages/com.meta.xr.sdk.core/Prefabs/OpenXRCustomHandPrefab_L.prefab using Guid(deccf1bd75222ab419fef0130b2a4d9e) Importer(815301076,1909f56bfc062723c751e8b465ee728b) [PhysX] Initialized MultithreadedTaskDispatcher with 10 workers.
[PhysX] Initialized MultithreadedTaskDispatcher with 10 workers.
 -> (artifact id: '68412a001ab6fc4466f561baefbdbed0') in 0.300468 seconds
Number of updated asset objects reloaded before import = 0
Number of asset objects unloaded after import = 230
========================================================================
Received Import Request.
  Time since last request: 0.000037 seconds.
  path: Packages/com.meta.xr.sdk.core/Prefabs/OVRCubemapCaptureProbe.prefab
  artifactKey: Guid(7a400e96d4650ff4e827a7e727fad81d) Importer(815301076,1909f56bfc062723c751e8b465ee728b)
Start importing Packages/com.meta.xr.sdk.core/Prefabs/OVRCubemapCaptureProbe.prefab using Guid(7a400e96d4650ff4e827a7e727fad81d) Importer(815301076,1909f56bfc062723c751e8b465ee728b) [PhysX] Initialized MultithreadedTaskDispatcher with 10 workers.
 -> (artifact id: '6d8d05cc92e78ad871c5cc9b8dd3f4f2') in 0.003631 seconds
Number of updated asset objects reloaded before import = 0
Number of asset objects unloaded after import = 5
========================================================================
Received Import Request.
  Time since last request: 0.000116 seconds.
  path: Packages/com.meta.xr.sdk.core/Prefabs/OVRMicrogesturesNavigationIcons.prefab
  artifactKey: Guid(14f89be4606c0bc4e9b5c5b20a6194eb) Importer(815301076,1909f56bfc062723c751e8b465ee728b)
Start importing Packages/com.meta.xr.sdk.core/Prefabs/OVRMicrogesturesNavigationIcons.prefab using Guid(14f89be4606c0bc4e9b5c5b20a6194eb) Importer(815301076,1909f56bfc062723c751e8b465ee728b) [PhysX] Initialized MultithreadedTaskDispatcher with 10 workers.
 -> (artifact id: 'f45bc440931891cefb64411e771454ff') in 0.002229 seconds
Number of updated asset objects reloaded before import = 0
Number of asset objects unloaded after import = 45
========================================================================
Received Import Request.
  Time since last request: 0.000044 seconds.
  path: Packages/com.meta.xr.sdk.core/Prefabs/OVRCustomHandPrefab_L.prefab
  artifactKey: Guid(c6a74181d4000004887343fb87b3c53a) Importer(815301076,1909f56bfc062723c751e8b465ee728b)
Start importing Packages/com.meta.xr.sdk.core/Prefabs/OVRCustomHandPrefab_L.prefab using Guid(c6a74181d4000004887343fb87b3c53a) Importer(815301076,1909f56bfc062723c751e8b465ee728b) [PhysX] Initialized MultithreadedTaskDispatcher with 10 workers.
[PhysX] Initialized MultithreadedTaskDispatcher with 10 workers.
 -> (artifact id: '09cdfe733da59403c5d80023edc8cef3') in 0.005749 seconds
Number of updated asset objects reloaded before import = 0
Number of asset objects unloaded after import = 334
========================================================================
Received Import Request.
  Time since last request: 0.000028 seconds.
  path: Packages/com.meta.xr.sdk.core/Prefabs/OVRHandPrefab.prefab
  artifactKey: Guid(835e735ca71bf78459fb2cababd74112) Importer(815301076,1909f56bfc062723c751e8b465ee728b)
Start importing Packages/com.meta.xr.sdk.core/Prefabs/OVRHandPrefab.prefab using Guid(835e735ca71bf78459fb2cababd74112) Importer(815301076,1909f56bfc062723c751e8b465ee728b) [PhysX] Initialized MultithreadedTaskDispatcher with 10 workers.
 -> (artifact id: '548bdf14abb1adefc360092c90dc9878') in 0.001904 seconds
Number of updated asset objects reloaded before import = 0
Number of asset objects unloaded after import = 10
========================================================================
Received Import Request.
  Time since last request: 0.000030 seconds.
  path: Packages/com.meta.xr.sdk.core/Prefabs/OVRSceneManager.prefab
  artifactKey: Guid(c813208e672e3074bbe118e1a9ee94fd) Importer(815301076,1909f56bfc062723c751e8b465ee728b)
Start importing Packages/com.meta.xr.sdk.core/Prefabs/OVRSceneManager.prefab using Guid(c813208e672e3074bbe118e1a9ee94fd) Importer(815301076,1909f56bfc062723c751e8b465ee728b) [PhysX] Initialized MultithreadedTaskDispatcher with 10 workers.
 -> (artifact id: '5a6bedb064b81e34cd5b49542fa5f096') in 0.001247 seconds
Number of updated asset objects reloaded before import = 0
Number of asset objects unloaded after import = 6
========================================================================
Received Import Request.
  Time since last request: 0.000029 seconds.
  path: Packages/com.meta.xr.sdk.core/Prefabs/OVRCustomHandPrefab_R.prefab
  artifactKey: Guid(e201a24a09e942042b93390d0444d728) Importer(815301076,1909f56bfc062723c751e8b465ee728b)
Start importing Packages/com.meta.xr.sdk.core/Prefabs/OVRCustomHandPrefab_R.prefab using Guid(e201a24a09e942042b93390d0444d728) Importer(815301076,1909f56bfc062723c751e8b465ee728b) [PhysX] Initialized MultithreadedTaskDispatcher with 10 workers.
[PhysX] Initialized MultithreadedTaskDispatcher with 10 workers.
 -> (artifact id: '6ba89eccd48e0535f86848f23b0b74df') in 0.008582 seconds
Number of updated asset objects reloaded before import = 0
Number of asset objects unloaded after import = 334
========================================================================
Received Import Request.
  Time since last request: 0.000025 seconds.
  path: Packages/com.meta.xr.sdk.core/Prefabs/OVR Sample Canvas.prefab
  artifactKey: Guid(90e50ed5da21320459bef15430974648) Importer(815301076,1909f56bfc062723c751e8b465ee728b)
Start importing Packages/com.meta.xr.sdk.core/Prefabs/OVR Sample Canvas.prefab using Guid(90e50ed5da21320459bef15430974648) Importer(815301076,1909f56bfc062723c751e8b465ee728b) [PhysX] Initialized MultithreadedTaskDispatcher with 10 workers.
 -> (artifact id: 'dcae8be7cf5bfaa84f3cc89a60f9100c') in 0.017747 seconds
Number of updated asset objects reloaded before import = 0
Number of asset objects unloaded after import = 47
========================================================================
Received Import Request.
  Time since last request: 0.000030 seconds.
  path: Packages/com.meta.xr.sdk.core/Prefabs/OpenXRCustomHandPrefab_R.prefab
  artifactKey: Guid(f4f1f0ff232ea644c8a980e61825dd44) Importer(815301076,1909f56bfc062723c751e8b465ee728b)
Start importing Packages/com.meta.xr.sdk.core/Prefabs/OpenXRCustomHandPrefab_R.prefab using Guid(f4f1f0ff232ea644c8a980e61825dd44) Importer(815301076,1909f56bfc062723c751e8b465ee728b) [PhysX] Initialized MultithreadedTaskDispatcher with 10 workers.
[PhysX] Initialized MultithreadedTaskDispatcher with 10 workers.
 -> (artifact id: 'dcf16b9bbc03f0aa2411d468106d1410') in 0.009898 seconds
Number of updated asset objects reloaded before import = 0
Number of asset objects unloaded after import = 230
========================================================================
Received Import Request.
  Time since last request: 0.000038 seconds.
  path: Packages/com.meta.xr.sdk.core/Prefabs/OVRCameraRig.prefab
  artifactKey: Guid(126d619cf4daa52469682f85c1378b4a) Importer(815301076,1909f56bfc062723c751e8b465ee728b)
Start importing Packages/com.meta.xr.sdk.core/Prefabs/OVRCameraRig.prefab using Guid(126d619cf4daa52469682f85c1378b4a) Importer(815301076,1909f56bfc062723c751e8b465ee728b) [PhysX] Initialized MultithreadedTaskDispatcher with 10 workers.
 -> (artifact id: 'a026648158a0b42a4acad863eecc9a69') in 0.001973 seconds
Number of updated asset objects reloaded before import = 0
Number of asset objects unloaded after import = 29
========================================================================
Received Import Request.
  Time since last request: 0.000053 seconds.
  path: Packages/com.meta.xr.sdk.core/Prefabs/OVRPlayerController.prefab
  artifactKey: Guid(ce816f2e6abb0504092c23ed9b970dfd) Importer(815301076,1909f56bfc062723c751e8b465ee728b)
Start importing Packages/com.meta.xr.sdk.core/Prefabs/OVRPlayerController.prefab using Guid(ce816f2e6abb0504092c23ed9b970dfd) Importer(815301076,1909f56bfc062723c751e8b465ee728b) [PhysX] Initialized MultithreadedTaskDispatcher with 10 workers.
 -> (artifact id: 'dbf30141996b54d3fbe8e17ce2752b43') in 0.002118 seconds
Number of updated asset objects reloaded before import = 0
Number of asset objects unloaded after import = 38
========================================================================
Received Import Request.
  Time since last request: 721.201278 seconds.
  path: Assets/ModernSupermarket/Scripts/QuestProGazeLogger.cs
  artifactKey: Guid(66b8a70a8907d411a872942c2c059ee2) Importer(815301076,1909f56bfc062723c751e8b465ee728b)
Start importing Assets/ModernSupermarket/Scripts/QuestProGazeLogger.cs using Guid(66b8a70a8907d411a872942c2c059ee2) Importer(815301076,1909f56bfc062723c751e8b465ee728b) [PhysX] Initialized MultithreadedTaskDispatcher with 10 workers.
 -> (artifact id: '0038acc4f4c21965eedd6a282486bd2d') in 0.002885 seconds
Number of updated asset objects reloaded before import = 0
Number of asset objects unloaded after import = 0
========================================================================
Received Prepare
Caller must complete domain reload
Begin MonoManager ReloadAssembly
Thread 0x16b593000 may have been prematurely finalized
Symbol file LoadedFromMemory is not a mono symbol file
- Loaded All Assemblies, in  1.141 seconds
Native extension for Android target not found
Native extension for OSXStandalone target not found
[Package Manager] Server::EnsureServerProcessIsRunning -- launch failed, reason: Unity was launched with the -noUpm command-line argument
[Package Manager] UpmClient::Send -- Unable to send message (not connected to UPM process).
[Package Manager] Cannot connect to Unity Package Manager local server
[Package Manager] Server::EnsureServerProcessIsRunning -- launch failed, reason: Unity was launched with the -noUpm command-line argument
[Package Manager] UpmClient::Send -- Unable to send message (not connected to UPM process).
[Package Manager] Cannot connect to Unity Package Manager local server
Mono: successfully reloaded assembly
[Package Manager] Server::EnsureServerProcessIsRunning -- launch failed, reason: Unity was launched with the -noUpm command-line argument
[Package Manager] UpmClient::Send -- Unable to send message (not connected to UPM process).
[Package Manager] Cannot connect to Unity Package Manager local server
- Finished resetting the current domain, in  0.923 seconds
Domain Reload Profiling: 2069ms
	BeginReloadAssembly (808ms)
		ExecutionOrderSort (0ms)
		DisableScriptedObjects (2ms)
		BackupInstance (0ms)
		ReleaseScriptingObjects (0ms)
		CreateAndSetChildDomain (58ms)
	RebuildCommonClasses (20ms)
	RebuildNativeTypeToScriptingClass (7ms)
	initialDomainReloadingComplete (19ms)
	LoadAllAssembliesAndSetupDomain (291ms)
		LoadAssemblies (325ms)
		RebuildTransferFunctionScriptingTraits (0ms)
		AnalyzeDomain (39ms)
			TypeCache.Refresh (12ms)
				TypeCache.ScanAssembly (0ms)
			ScanForSourceGeneratedMonoScriptInfo (15ms)
			ResolveRequiredComponents (10ms)
	FinalizeReload (923ms)
		ReleaseScriptCaches (0ms)
		RebuildScriptCaches (0ms)
		SetupLoadedEditorAssemblies (408ms)
			LogAssemblyErrors (0ms)
			InitializePlatformSupportModulesInManaged (7ms)
			SetLoadedEditorAssemblies (2ms)
			RefreshPlugins (0ms)
			BeforeProcessingInitializeOnLoad (54ms)
			ProcessInitializeOnLoadAttributes (332ms)
			ProcessInitializeOnLoadMethodAttributes (11ms)
			AfterProcessingInitializeOnLoad (1ms)
			EditorAssembliesLoaded (0ms)
		ExecutionOrderSort2 (0ms)
		AwakeInstancesAfterBackupRestoration (2ms)
WARNING: Shader Unsupported: 'EnvironmentDepth/URP/OcclusionUnlit' - All subshaders removed
WARNING: Shader Did you use #pragma only_renderers and omit this platform?
WARNING: Shader If subshaders removal was intentional, you may have forgotten turning Fallback off?
WARNING: Shader Unsupported: 'EnvironmentDepth/URP/OcclusionUnlit' - All subshaders removed
WARNING: Shader Did you use #pragma only_renderers and omit this platform?
WARNING: Shader If subshaders removal was intentional, you may have forgotten turning Fallback off?
WARNING: Shader Unsupported: 'URP/UI/Prerendered Opaque' - All subshaders removed
WARNING: Shader Did you use #pragma only_renderers and omit this platform?
WARNING: Shader If subshaders removal was intentional, you may have forgotten turning Fallback off?
WARNING: Shader Unsupported: 'URP/UI/Prerendered Opaque' - All subshaders removed
WARNING: Shader Did you use #pragma only_renderers and omit this platform?
WARNING: Shader If subshaders removal was intentional, you may have forgotten turning Fallback off?
WARNING: Shader Unsupported: 'URP/UI/Prerendered' - All subshaders removed
WARNING: Shader Did you use #pragma only_renderers and omit this platform?
WARNING: Shader If subshaders removal was intentional, you may have forgotten turning Fallback off?
WARNING: Shader Unsupported: 'URP/UI/Prerendered' - All subshaders removed
WARNING: Shader Did you use #pragma only_renderers and omit this platform?
WARNING: Shader If subshaders removal was intentional, you may have forgotten turning Fallback off?
Shader 'Oculus/OVRMRCameraFrameLit': fallback shader 'Alpha-Diffuse' not found
Shader 'Meta/MRUK/Scene/HighlightsAndShadows': fallback shader 'Off' not found
Refreshing native plugins compatible for Editor in 3.69 ms, found 10 plugins.
Preloading 2 native plugins for Editor in 0.62 ms.
Unloading 4995 Unused Serialized files (Serialized files now loaded: 0)
Unloading 23 unused Assets / (0.5 MB). Loaded Objects now: 5618.
Memory consumption went from 278.1 MB to 277.6 MB.
Total: 6.613167 ms (FindLiveObjects: 0.190375 ms CreateObjectMapping: 0.089875 ms MarkObjects: 5.642917 ms  DeleteObjects: 0.689583 ms)

Prepare: number of updated asset objects reloaded= 0
AssetImportParameters requested are different than current active one (requested -> active):
  custom:scripting/precompiled-assembly-types:Meta.XR.EnvironmentDepth: 5ffa2e5739e034a2f312f93b541192e9 -> d34efcafe3960cdf11dad662e3dbad38
  custom:container-demuxer-ogg: 62fdf1f143b41e24485cea50d1cbac27 -> 
  custom:scripting/monoscript/fileName/FFR.cs: 8726cf26051bd1b118e5a19691a28e54 -> 
  custom:scripting/monoscript/fileName/OculusRestarter.cs: 086312fed17c23d20644934567c0efa4 -> 
  custom:scripting/monoscript/fileName/OculusLoader.cs: 75943a326c910f2bd8a56211a726d430 -> 
  custom:scripting/monoscript/fileName/Device.cs: 8726cf26051bd1b118e5a19691a28e54 -> 
  custom:scripting/monoscript/fileName/RegisterUpdateCallback.cs: def73981cdc11dc4478a1a149bac2f7a -> 
  custom:scripting/monoscript/fileName/OculusPlugin.cs: b73c489e2c6e49876321820e139ecb86 -> 
  custom:video-decoder-ogg-theora: a1e56fd34408186e4bbccfd4996cb3dc -> 
  custom:scripting/monoscript/fileName/OculusBoundary.cs: dbabb042f98c4339d5caa957f951bbdf -> 
  custom:CustomObjectIndexerAttribute: 9a22284fe3817be447336de3de66b15e -> 
  custom:container-demuxer-webm: 4f35f7cbe854078d1ac9338744f61a02 -> 
  custom:scripting/monoscript/fileName/OculusProjectValidator.cs: 76a31afa3d0bb0a0f93eb0c48f331df0 -> 
  custom:scripting/precompiled-assembly-types:Oculus.VR.Editor: b91760030a581a9dcabc727e7ad3eaca -> dc85165e8adab3c7e3f2d6be44073852
  custom:scripting/monoscript/fileName/DeviceLayouts.cs: 1caa856f4e25d3295f59d5ab63e9f1e4 -> 
  custom:scripting/monoscript/fileName/OculusUsages.cs: 4a9c19d207ebc7087654afe5392144aa -> 
  custom:container-muxer-webm: aa71ff27fc2769a1b78a27578f13a17b -> 
  custom:video-decoder-webm-vp8: 9c59270c3fd7afecdb556c50c9e8de78 -> 
  custom:scripting/monoscript/fileName/DepthProvider.cs: 5c9ca409d94cb9c273944e4f267f6181 -> 
  custom:scripting/precompiled-assembly-types:Unity.XR.Oculus: e4b26036f9e805da5008b613bbee2119 -> 
  custom:SearchIndexIgnoredProperties: e643bd26f0fe6173181afceb89e7c659 -> 
  custom:scripting/monoscript/fileName/ColorScale.cs: 8726cf26051bd1b118e5a19691a28e54 -> 
  custom:AudioImporter_EditorPlatform: 3918e3fc78b5a79bad01e8451be0beb8 -> 
  custom:scripting/monoscript/fileName/OculusSettingsEditor.cs: 6ee7634d3eb167b2d53808d937bc1120 -> 
  custom:scripting/monoscript/fileName/EnvironmentDepth.cs: d5b2aa96b4c1b62b2759ec6948b96e47 -> 
  custom:scripting/monoscript/fileName/OculusBuildProcessor.cs: 04fc697924b8b448144c87c95d98148f -> 
  custom:framework-osx-AVFoundation: e770b220cccbd017edd2c1fefb359320 -> 
  custom:scripting/precompiled-assembly-types:Unity.InputSystem: 7eca22d62f42c666f28611e70e0c46ed -> aff3c1bcb58ee4226dbf9498bf9edf52
  custom:scripting/precompiled-assembly-types:Oculus.VR: 1872eaf3b547bc9a9ad4b7403446e639 -> 4f996b6695cb7809764c0e5f2e193a0f
  custom:scripting/monoscript/fileName/InputFocus.cs: 39e8a2a2240c6ddc65f9c92c1dad803d -> 
  custom:scripting/monoscript/fileName/OculusMetadata.cs: b3067b8a7a73630e362aa582d9922603 -> 
  custom:video-encoder-webm-vp8: eb34c28f22e8b96e1ab97ce403110664 -> 
  custom:audio-decoder-ogg-vorbis: bf7c407c2cedff20999df2af8eb42d56 -> 
  custom:scripting/monoscript/fileName/OculusSettings.cs: 40fe4a2e45131605721ee35067babc80 -> 
  custom:scripting/monoscript/fileName/OculusPerformance.cs: d67dc4eee8314bedf0aba14a5a97d3f2 -> 
  custom:scripting/precompiled-assembly-types:Unity.XR.Oculus.Editor: 9c4a460db5e275b727c20dcc994400c0 -> 
  custom:scripting/monoscript/fileName/OculusSession.cs: 9031c3601223e87600d38a8e63e5c9eb -> 
  custom:audio-encoder-webm-vorbis: bf7c407c2cedff20999df2af8eb42d56 -> 
  custom:scripting/monoscript/fileName/QuestProGazeLogger.cs: 13d3fe4c14e0cc8a02fa868ab65ff0ba -> 
  custom:scripting/precompiled-assembly-types:Assembly-CSharp: 74b489a1a614bd6fd910aba1ed9451c1 -> 50d9e7abc9b1ea9264a505bdf41c001a
  custom:scripting/monoscript/fileName/OculusDevelopment.cs: dae15a4559baab566dfa4d8b06d5ef35 -> 
  custom:scripting/monoscript/fileName/OVRXRSDKNative.cs: 85f79c1374465033459be41f05cec403 -> 
========================================================================
Received Import Request.
  Time since last request: 6.768396 seconds.
  path: Assets/ModernSupermarket/Scripts/QuestProGazeLogger.cs
  artifactKey: Guid(66b8a70a8907d411a872942c2c059ee2) Importer(815301076,1909f56bfc062723c751e8b465ee728b)
Start importing Assets/ModernSupermarket/Scripts/QuestProGazeLogger.cs using Guid(66b8a70a8907d411a872942c2c059ee2) Importer(815301076,1909f56bfc062723c751e8b465ee728b) [PhysX] Initialized MultithreadedTaskDispatcher with 10 workers.
 -> (artifact id: '5148dca816e7b6425060d1d608dbce9a') in 0.001236 seconds
Number of updated asset objects reloaded before import = 0
Number of asset objects unloaded after import = 0
